timestamp,cpu_pct,mem_pct,net_in_mbps,is_anomaly
0,36.49,46.76,48.66,0
1,34.67,42.21,48.64,0
2,37.12,44.56,52.99,0
3,39.83,45.02,53.94,0
4,34.65,45.13,48.42,0
5,34.73,45.4,49.01,0
6,40.26,46.07,52.7,0
7,37.91,45.13,51.56,0
8,34.29,44.66,51.91,0
9,37.41,44.62,52.42,0
10,34.48,44.34,50.22,0
11,34.56,46.47,51.43,0
12,36.77,44.34,51.34,0
13,30.39,46.61,49.19,0
14,31.05,45.39,51.61,0
15,34.62,44.61,53.52,0
16,33.36,46.35,50.45,0
17,37.42,44.35,51.49,0
18,33.85,46.43,51.67,0
19,32.42,45.82,50.76,0
20,41.14,44.63,52.75,0
21,36.15,46.34,50.1,0
22,37.12,46.39,54.2,0
23,32.73,47.34,52.86,0
24,35.46,47.08,49.8,0
25,37.51,46.39,55.14,0
26,33.81,43.99,52.15,0
27,38.48,49.38,50.43,0
28,35.64,43.63,54.16,0
29,36.65,47.18,53.01,0
30,35.81,46.43,48.54,0
31,43.25,44.05,51.11,0
32,37.74,45.65,52.78,0
33,34.7,45.74,47.98,0
34,40.42,47.85,52.54,0
35,34.38,44.84,52.75,0
36,38.76,45.55,50.14,0
37,32.34,42.46,53.11,0
38,34.32,48.59,52.66,0
39,38.98,44.41,50.33,0
40,40.69,46.53,54.62,0
41,39.07,45.92,54.52,0
42,38.3,45.95,52.34,0
43,37.83,47.33,52.59,0
44,34.38,48.65,54.51,0
45,36.74,46.55,52.72,0
46,37.61,47.18,49.33,0
47,42.24,46.72,54.23,0
48,40.19,47.77,51.7,0
49,33.95,45.58,52.62,0
50,40.3,47.91,56.38,0
51,38.26,47.99,53.26,0
52,37.47,47.97,53.6,0
53,41.42,45.38,54.69,0
54,42.76,46.15,54.75,0
55,42.55,46.79,51.96,0
56,37.32,44.4,53.75,0
57,39.0,48.87,54.01,0
58,41.0,46.48,54.55,0
59,43.02,46.95,54.65,0
60,38.74,45.69,59.32,0
61,39.7,44.59,51.86,0
62,37.03,45.7,56.24,0
63,36.84,46.96,56.71,0
64,42.95,47.66,55.4,0
65,44.67,46.92,53.18,0
66,40.46,47.22,57.87,0
67,43.77,46.22,50.23,0
68,41.93,47.5,53.31,0
69,39.0,49.0,57.09,0
70,42.1,47.86,54.07,0
71,45.71,48.04,58.07,0
72,41.07,47.3,51.92,0
73,45.96,44.62,52.79,0
74,33.49,45.34,54.01,0
75,43.89,47.61,55.98,0
76,41.77,46.94,54.77,0
77,40.7,47.64,54.29,0
78,41.95,49.52,58.18,0
79,35.8,48.12,58.43,0
80,41.18,48.94,54.64,0
81,42.99,47.22,52.12,0
82,46.44,45.89,51.29,0
83,40.53,47.04,56.15,0
84,39.74,45.94,57.05,0
85,40.74,49.51,55.93,0
86,45.08,48.38,55.72,0
87,43.4,48.0,54.32,0
88,40.9,49.1,57.3,0
89,44.11,44.24,59.41,0
90,42.94,48.18,51.69,0
91,45.64,45.35,56.03,0
92,40.71,47.33,54.31,0
93,41.91,46.9,53.33,0
94,41.8,48.39,54.12,0
95,38.66,47.76,57.2,0
96,44.02,49.46,57.32,0
97,44.0,46.56,59.49,0
98,43.31,48.55,56.65,0
99,42.67,47.76,53.18,0
100,39.21,45.08,56.29,0
101,42.27,46.18,54.05,0
102,42.58,47.36,54.47,0
103,41.28,49.28,58.11,0
104,43.28,48.33,57.4,0
105,45.06,45.9,58.25,0
106,49.58,47.47,56.42,0
107,44.53,50.73,58.78,0
108,44.85,47.89,56.44,0
109,43.93,47.26,59.56,0
110,38.48,48.51,58.08,0
111,44.23,48.94,57.04,0
112,44.57,47.13,57.94,0
113,51.86,48.59,57.54,0
114,43.97,47.37,60.83,0
115,45.52,48.96,58.19,0
116,44.59,48.16,57.75,0
117,41.27,48.65,57.34,0
118,48.28,46.82,59.57,0
119,47.18,46.75,59.36,0
120,47.37,49.42,57.45,0
121,42.35,47.9,55.75,0
122,49.36,48.47,56.32,0
123,41.02,47.61,57.81,0
124,47.06,49.44,60.94,0
125,51.95,47.2,57.8,0
126,42.48,47.93,57.17,0
127,43.83,49.34,54.9,0
128,45.9,49.94,61.51,0
129,44.16,47.42,59.68,0
130,41.09,51.16,60.19,0
131,46.03,48.72,60.58,0
132,42.71,46.7,58.38,0
133,47.39,48.84,58.94,0
134,43.28,47.74,61.81,0
135,50.76,48.98,59.25,0
136,43.83,48.29,60.12,0
137,45.29,48.49,60.75,0
138,48.77,47.03,60.35,0
139,42.71,49.91,58.86,0
140,47.15,46.71,59.11,0
141,50.46,46.8,60.79,0
142,41.79,49.04,60.84,0
143,47.24,50.91,61.68,0
144,47.54,48.0,60.51,0
145,49.17,49.6,60.65,0
146,43.19,50.18,58.62,0
147,43.01,49.81,58.41,0
148,48.6,48.14,61.19,0
149,48.0,47.0,58.54,0
150,47.93,45.34,59.7,0
151,48.28,48.28,62.55,0
152,45.27,50.46,62.29,0
153,48.08,47.03,60.51,0
154,48.33,49.79,59.37,0
155,45.38,47.33,59.77,0
156,53.18,48.94,61.8,0
157,49.08,49.86,60.05,0
158,44.15,47.83,59.06,0
159,49.76,49.09,62.66,0
160,44.93,48.23,60.65,0
161,50.28,49.93,59.18,0
162,51.46,49.25,61.35,0
163,45.59,49.0,62.39,0
164,51.01,51.27,58.48,0
165,49.43,49.95,60.15,0
166,50.72,47.94,60.11,0
167,54.01,48.87,61.56,0
168,47.65,48.9,61.97,0
169,46.19,49.15,59.65,0
170,45.84,52.84,57.82,0
171,46.13,49.63,62.92,0
172,48.41,46.04,58.67,0
173,49.73,48.3,61.51,0
174,49.6,46.23,60.75,0
175,51.31,48.65,61.39,0
176,48.93,46.19,64.42,0
177,53.32,47.88,67.24,0
178,48.22,46.92,57.95,0
179,57.24,49.8,63.23,0
180,51.02,49.24,61.0,0
181,46.63,49.72,63.46,0
182,46.05,49.12,63.33,0
183,50.77,47.21,64.28,0
184,48.72,50.09,62.08,0
185,51.59,52.22,59.78,0
186,50.93,49.97,63.46,0
187,49.35,48.73,61.89,0
188,47.09,47.25,61.23,0
189,45.14,48.04,60.8,0
190,48.41,50.1,63.81,0
191,52.37,51.05,65.05,0
192,50.51,49.85,59.5,0
193,46.18,50.68,63.18,0
194,50.5,50.56,61.24,0
195,51.19,50.27,59.09,0
196,47.44,48.54,62.37,0
197,50.61,49.81,60.45,0
198,50.38,48.29,59.01,0
199,46.84,49.61,60.65,0
200,51.39,50.09,60.2,0
201,52.06,52.13,61.01,0
202,53.68,47.67,59.69,0
203,53.65,50.37,61.6,0
204,46.41,51.88,61.01,0
205,47.78,50.82,63.23,0
206,52.2,50.95,63.71,0
207,52.25,50.59,63.09,0
208,52.31,51.68,62.14,0
209,62.37,48.11,62.13,0
210,52.58,47.68,61.02,0
211,54.33,49.77,61.11,0
212,53.83,46.55,64.19,0
213,52.98,51.65,59.3,0
214,50.13,51.65,62.7,0
215,53.41,49.19,62.26,0
216,48.86,49.3,64.14,0
217,50.52,49.76,60.14,0
218,49.83,49.96,63.05,0
219,51.58,50.09,63.75,0
220,58.33,50.75,59.3,0
221,45.83,49.67,61.0,0
222,53.54,51.36,63.0,0
223,46.69,50.63,64.25,0
224,50.16,49.06,63.63,0
225,54.9,51.99,64.42,0
226,51.87,47.97,61.18,0
227,48.49,49.88,60.2,0
228,49.63,51.48,63.59,0
229,53.86,48.96,61.0,0
230,49.68,50.52,61.76,0
231,52.56,50.89,65.4,0
232,52.1,48.8,63.95,0
233,50.05,49.99,62.47,0
234,58.48,49.88,62.25,0
235,54.0,49.3,64.92,0
236,46.07,53.6,64.14,0
237,52.75,49.01,61.32,0
238,50.25,51.68,59.89,0
239,54.83,49.59,67.58,0
240,49.94,48.57,61.41,0
241,52.02,50.36,64.95,0
242,53.92,51.2,66.95,0
243,55.05,51.62,64.26,0
244,48.89,52.59,62.79,0
245,51.53,54.68,61.18,0
246,51.15,50.65,61.18,0
247,50.66,49.29,64.85,0
248,57.96,50.98,67.03,0
249,53.91,49.91,63.37,0
250,48.96,51.71,63.08,0
251,55.53,48.39,65.62,0
252,59.19,53.9,62.88,0
253,55.96,51.64,64.84,0
254,48.34,47.84,64.4,0
255,51.48,49.32,63.53,0
256,56.78,51.62,64.35,0
257,50.89,52.17,67.94,0
258,54.38,48.51,65.65,0
259,55.41,51.5,66.66,0
260,50.35,47.52,62.66,0
261,52.98,50.31,66.72,0
262,43.48,52.13,65.84,0
263,50.16,49.64,61.59,0
264,52.51,48.22,65.7,0
265,49.56,50.71,63.62,0
266,58.24,49.6,61.58,0
267,49.09,51.46,64.96,0
268,52.09,49.2,65.81,0
269,53.84,49.37,65.06,0
270,57.8,47.51,64.56,0
271,49.2,50.81,64.15,0
272,57.03,50.32,69.77,0
273,53.61,48.79,62.5,0
274,50.66,50.87,66.63,0
275,55.03,52.13,64.94,0
276,54.27,50.28,63.23,0
277,51.9,51.01,64.87,0
278,53.94,51.03,62.2,0
279,52.61,48.82,63.82,0
280,54.13,53.72,64.94,0
281,55.81,49.94,61.96,0
282,58.61,51.64,66.1,0
283,50.17,51.82,63.18,0
284,60.31,50.46,62.22,0
285,48.08,51.59,62.99,0
286,53.51,51.06,69.53,0
287,55.76,48.57,61.24,0
288,54.86,50.21,66.09,0
289,52.18,49.8,63.74,0
290,53.45,50.03,64.56,0
291,52.62,48.77,66.49,0
292,52.36,52.43,66.41,0
293,56.7,53.15,63.96,0
294,55.25,52.22,62.63,0
295,52.12,52.67,66.61,0
296,56.92,50.25,66.48,0
297,55.17,49.82,64.83,0
298,56.71,49.61,66.3,0
299,56.18,51.75,64.54,0
300,51.83,51.14,63.8,0
301,52.66,50.69,65.48,0
302,56.6,52.75,66.53,0
303,56.22,51.42,66.13,0
304,54.34,49.56,66.54,0
305,54.78,49.81,64.02,0
306,58.28,51.86,68.72,0
307,52.69,52.4,64.89,0
308,56.13,51.67,65.35,0
309,53.9,53.7,62.97,0
310,53.87,53.31,65.23,0
311,57.84,51.52,66.7,0
312,57.04,49.61,67.18,0
313,57.02,48.91,68.79,0
314,58.51,50.3,66.72,0
315,54.68,52.01,66.25,0
316,56.68,53.63,64.81,0
317,53.72,51.52,64.4,0
318,55.64,52.65,67.67,0
319,54.29,50.54,67.65,0
320,54.99,51.84,63.6,0
321,56.5,52.15,67.22,0
322,52.27,47.95,67.08,0
323,61.02,50.3,63.56,0
324,51.74,52.35,66.88,0
325,51.12,51.34,63.71,0
326,58.25,49.14,60.97,0
327,57.17,47.29,65.51,0
328,56.68,50.39,66.36,0
329,56.7,50.84,65.62,0
330,54.79,49.62,71.6,0
331,52.15,51.17,66.63,0
332,55.08,51.71,66.18,0
333,52.83,51.96,66.75,0
334,57.8,47.43,65.01,0
335,54.44,48.99,67.76,0
336,52.41,50.51,66.63,0
337,53.94,51.83,66.55,0
338,56.15,51.71,64.68,0
339,53.22,51.68,62.8,0
340,52.46,50.4,64.94,0
341,55.66,50.49,66.51,0
342,55.67,49.89,65.06,0
343,53.42,52.14,66.54,0
344,53.54,49.6,65.5,0
345,55.65,52.26,66.83,0
346,50.62,51.3,64.02,0
347,50.75,50.92,66.36,0
348,52.82,50.01,64.7,0
349,54.34,48.96,62.91,0
350,55.91,50.02,65.65,0
351,59.41,50.5,69.06,0
352,57.56,47.44,63.07,0
353,54.51,50.7,66.23,0
354,54.94,52.38,67.59,0
355,51.99,51.85,70.6,0
356,54.94,50.25,65.01,0
357,54.13,51.07,64.73,0
358,55.97,50.17,63.67,0
359,52.52,51.22,68.28,0
360,56.56,53.31,64.27,0
361,59.6,52.45,65.26,0
362,54.67,51.78,62.3,0
363,56.2,50.26,67.77,0
364,57.07,52.12,68.31,0
365,53.79,48.47,67.69,0
366,55.67,50.62,62.78,0
367,55.03,51.87,67.21,0
368,55.28,52.11,62.64,0
369,52.67,52.0,66.1,0
370,55.05,51.44,66.39,0
371,56.47,50.7,66.6,0
372,59.33,51.8,67.05,0
373,57.85,49.56,65.96,0
374,61.42,49.72,62.05,0
375,52.66,51.08,67.04,0
376,57.57,51.25,66.16,0
377,55.5,48.25,64.15,0
378,61.51,51.66,62.81,0
379,52.51,52.14,69.03,0
380,52.4,50.86,68.4,0
381,53.12,54.54,67.34,0
382,48.54,49.95,64.57,0
383,53.32,50.43,60.89,0
384,52.61,50.37,67.44,0
385,55.33,50.85,66.64,0
386,55.9,50.47,65.15,0
387,60.49,48.85,68.14,0
388,57.7,50.14,67.58,0
389,53.11,50.81,66.22,0
390,52.13,52.79,65.93,0
391,56.29,54.25,65.96,0
392,50.84,52.94,67.2,0
393,60.29,49.77,64.12,0
394,58.32,49.89,66.68,0
395,53.36,50.69,63.97,0
396,49.61,53.6,68.48,0
397,58.8,50.67,66.86,0
398,54.38,48.93,64.4,0
399,58.42,50.16,65.93,0
400,49.91,52.04,64.05,0
401,52.88,51.94,68.75,0
402,54.68,50.6,68.98,0
403,54.79,51.92,67.11,0
404,53.28,47.48,68.82,0
405,56.48,51.04,66.0,0
406,51.4,52.17,67.21,0
407,54.15,49.62,68.11,0
408,54.92,49.61,65.64,0
409,56.09,48.06,65.78,0
410,56.66,53.24,67.49,0
411,51.13,49.77,66.9,0
412,49.89,51.21,64.08,0
413,58.3,51.75,61.2,0
414,55.44,53.1,65.21,0
415,52.18,50.6,61.35,0
416,59.06,50.01,63.54,0
417,54.73,51.07,63.76,0
418,57.9,52.74,64.35,0
419,54.54,50.55,67.11,0
420,60.5,49.36,67.53,0
421,59.56,48.48,66.45,0
422,53.53,48.95,66.68,0
423,57.16,52.07,66.71,0
424,56.16,50.29,60.39,0
425,58.31,49.85,65.38,0
426,51.28,49.68,61.75,0
427,56.21,50.87,66.34,0
428,57.3,50.38,61.11,0
429,48.82,50.32,64.92,0
430,50.52,52.75,66.36,0
431,47.93,53.02,63.0,0
432,53.21,48.29,67.14,0
433,56.15,51.19,66.21,0
434,58.47,49.52,65.93,0
435,54.16,50.31,66.55,0
436,58.8,51.14,64.41,0
437,49.74,50.35,65.41,0
438,48.74,51.0,65.1,0
439,53.66,51.66,65.03,0
440,54.95,51.08,63.69,0
441,53.67,49.66,62.53,0
442,47.53,49.68,64.31,0
443,53.44,48.45,64.18,0
444,49.76,49.32,63.46,0
445,55.65,53.54,66.62,0
446,54.71,49.39,62.54,0
447,50.76,48.78,64.52,0
448,52.0,51.04,67.17,0
449,50.33,50.39,66.63,0
450,53.29,50.25,67.21,0
451,56.31,52.65,63.57,0
452,50.45,51.35,66.3,0
453,54.89,49.72,62.57,0
454,51.75,49.87,64.12,0
455,50.93,49.74,64.28,0
456,52.95,51.79,63.47,0
457,50.13,50.01,63.86,0
458,51.54,47.77,63.57,0
459,49.57,50.38,62.57,0
460,59.02,48.13,66.21,0
461,53.19,53.7,64.11,0
462,50.95,48.97,64.84,0
463,53.66,50.16,64.74,0
464,52.64,50.78,64.49,0
465,52.27,49.95,64.54,0
466,54.74,49.93,63.71,0
467,55.13,50.99,67.12,0
468,51.23,52.64,65.78,0
469,51.05,51.49,64.26,0
470,51.92,52.54,63.3,0
471,45.79,48.74,63.92,0
472,48.11,50.77,64.96,0
473,56.72,50.52,67.09,0
474,57.51,50.8,61.31,0
475,51.79,52.32,65.35,0
476,54.22,49.92,66.25,0
477,53.38,49.63,60.99,0
478,61.64,51.02,63.56,0
479,55.72,47.54,61.76,0
480,51.94,49.84,64.72,0
481,49.41,49.98,63.1,0
482,47.41,48.79,63.53,0
483,52.8,51.74,62.93,0
484,49.87,48.55,65.16,0
485,47.83,49.93,64.14,0
486,50.11,50.56,64.1,0
487,48.76,52.13,63.93,0
488,57.02,50.07,64.71,0
489,54.56,51.48,63.01,0
490,51.84,51.11,66.9,0
491,56.26,50.23,60.99,0
492,52.01,48.4,59.97,0
493,49.14,47.87,59.76,0
494,56.25,50.16,59.18,0
495,53.25,49.17,64.65,0
496,48.47,51.35,64.37,0
497,50.96,51.08,65.64,0
498,48.86,49.67,61.07,0
499,47.28,48.19,64.64,0
500,54.16,50.68,63.22,0
501,57.06,48.37,63.4,0
502,47.09,48.75,64.28,0
503,52.92,48.4,61.47,0
504,49.23,49.65,68.12,0
505,49.67,51.59,65.57,0
506,49.3,49.82,61.8,0
507,48.43,49.14,60.64,0
508,51.12,47.5,62.6,0
509,48.43,50.6,63.1,0
510,51.68,48.59,64.82,0
511,50.66,49.92,60.31,0
512,50.04,49.2,63.18,0
513,47.98,50.97,59.51,0
514,48.92,49.46,63.39,0
515,52.86,49.59,62.26,0
516,52.05,50.39,66.31,0
517,47.56,52.81,59.3,0
518,50.73,50.96,65.09,0
519,52.63,49.48,58.89,0
520,45.31,49.6,59.6,0
521,51.89,48.79,58.86,0
522,48.22,48.14,62.67,0
523,51.86,48.72,59.77,0
524,47.8,48.37,59.38,0
525,44.62,50.49,62.43,0
526,45.1,47.89,62.89,0
527,50.07,51.48,62.02,0
528,50.64,50.59,61.57,0
529,47.09,49.47,65.5,0
530,51.66,49.42,62.09,0
531,44.7,48.57,63.36,0
532,49.43,49.79,61.99,0
533,45.93,51.0,59.46,0
534,47.55,48.3,62.71,0
535,49.59,47.03,60.25,0
536,46.81,50.37,61.33,0
537,48.17,49.78,62.07,0
538,52.28,47.6,57.53,0
539,47.47,48.16,58.14,0
540,51.65,47.95,63.13,0
541,45.69,48.14,59.94,0
542,50.61,48.72,59.98,0
543,53.28,48.79,61.5,0
544,41.48,48.19,60.34,0
545,46.44,48.01,61.9,0
546,50.5,48.79,60.91,0
547,48.09,49.36,61.36,0
548,49.75,48.62,59.51,0
549,46.76,50.81,61.25,0
550,48.77,49.82,63.02,0
551,47.98,46.65,59.62,0
552,51.89,49.8,62.54,0
553,49.08,49.9,60.55,0
554,49.27,48.32,62.07,0
555,46.95,46.71,60.81,0
556,46.66,48.95,60.43,0
557,46.76,48.9,61.14,0
558,49.17,47.21,62.82,0
559,46.66,46.7,60.81,0
560,48.73,48.73,61.24,0
561,54.01,48.49,59.49,0
562,50.33,48.19,63.32,0
563,46.68,48.67,61.4,0
564,51.19,47.12,60.22,0
565,46.29,48.1,59.77,0
566,41.34,49.54,61.92,0
567,44.36,48.19,58.69,0
568,41.7,46.19,56.28,0
569,46.19,47.96,59.94,0
570,47.23,47.05,62.12,0
571,52.14,49.03,62.87,0
572,48.02,49.09,59.41,0
573,46.31,46.1,59.66,0
574,49.38,49.71,60.56,0
575,40.19,46.88,58.93,0
576,47.46,50.87,60.44,0
577,49.0,48.43,59.18,0
578,42.18,46.61,61.31,0
579,49.97,46.75,60.68,0
580,47.49,48.96,60.8,0
581,45.15,47.83,58.71,0
582,48.23,48.25,62.91,0
583,53.07,50.8,59.97,0
584,46.73,47.31,59.44,0
585,46.86,48.42,57.37,0
586,44.66,50.44,58.64,0
587,43.42,48.7,59.0,0
588,48.38,45.86,57.14,0
589,43.25,49.0,58.07,0
590,45.96,46.48,58.27,0
591,44.24,50.31,58.65,0
592,47.04,46.95,54.95,0
593,46.53,52.61,58.15,0
594,48.56,50.34,57.61,0
595,43.85,46.92,58.26,0
596,44.49,48.12,60.31,0
597,42.29,49.2,62.29,0
598,43.82,49.22,59.48,0
599,46.21,48.69,55.59,0
600,47.27,49.88,57.31,0
601,42.16,47.79,59.13,0
602,47.46,47.4,58.85,0
603,48.84,47.41,59.79,0
604,45.94,49.2,57.56,0
605,50.25,48.43,56.97,0
606,42.22,48.3,61.14,0
607,40.73,49.03,57.69,0
608,39.05,44.74,55.48,0
609,48.8,48.26,60.4,0
610,46.2,48.1,54.4,0
611,43.99,50.25,50.34,0
612,44.92,45.43,58.8,0
613,40.63,50.04,59.02,0
614,51.26,47.79,57.97,0
615,44.23,48.39,54.47,0
616,44.1,50.14,56.9,0
617,45.87,48.45,56.39,0
618,45.05,48.18,55.81,0
619,44.2,47.92,59.65,0
620,41.08,46.81,54.67,0
621,44.79,47.47,57.33,0
622,48.94,46.41,59.02,0
623,47.25,47.4,57.33,0
624,47.91,43.94,58.99,0
625,41.52,48.06,57.57,0
626,40.01,47.21,57.24,0
627,42.52,46.86,57.05,0
628,42.98,47.67,57.48,0
629,46.02,45.17,55.42,0
630,37.58,50.19,53.52,0
631,47.16,47.12,57.97,0
632,42.02,47.03,58.32,0
633,41.13,45.78,56.43,0
634,39.29,47.23,54.77,0
635,37.28,49.26,52.68,0
636,44.64,48.7,55.91,0
637,42.31,48.41,52.97,0
638,38.13,47.92,52.63,0
639,38.04,46.54,55.5,0
640,40.83,44.88,53.94,0
641,46.77,46.73,56.1,0
642,40.9,46.65,55.02,0
643,37.08,48.55,54.06,0
644,40.77,47.42,51.8,0
645,40.61,49.35,53.44,0
646,33.26,48.7,53.44,0
647,41.1,46.19,52.56,0
648,40.49,44.16,54.29,0
649,43.19,48.91,52.58,0
650,46.56,48.84,54.48,0
651,44.31,44.73,55.23,0
652,40.04,49.02,53.03,0
653,37.44,47.3,55.46,0
654,48.4,46.95,51.82,0
655,40.77,49.1,52.25,0
656,40.55,48.67,54.18,0
657,40.36,47.61,55.72,0
658,40.94,47.31,56.01,0
659,39.83,47.5,57.43,0
660,38.46,45.95,53.39,0
661,38.45,46.44,53.82,0
662,39.91,45.15,51.94,0
663,38.29,45.98,51.43,0
664,37.7,45.9,54.33,0
665,40.07,45.47,52.25,0
666,38.9,46.61,56.2,0
667,44.1,45.89,50.74,0
668,31.55,47.1,54.57,0
669,42.69,43.89,51.52,0
670,43.07,46.13,51.82,0
671,33.02,46.47,54.47,0
672,38.13,45.78,51.97,0
673,37.96,45.96,52.23,0
674,34.76,43.82,51.57,0
675,36.57,46.71,56.69,0
676,35.48,47.12,51.82,0
677,43.99,46.86,53.09,0
678,41.45,47.65,52.51,0
679,42.37,46.37,53.29,0
680,40.64,46.76,51.55,0
681,35.0,46.25,52.31,0
682,36.73,47.02,53.43,0
683,39.68,43.6,50.85,0
684,34.46,44.6,54.68,0
685,40.18,48.29,54.8,0
686,37.24,42.2,53.58,0
687,36.75,45.65,52.44,0
688,39.92,47.59,46.25,0
689,39.03,45.67,53.01,0
690,36.53,45.18,51.31,0
691,41.0,45.95,51.53,0
692,34.19,45.2,48.16,0
693,39.2,45.75,52.87,0
694,39.04,44.65,48.91,0
695,36.25,47.32,51.98,0
696,38.07,47.76,53.48,0
697,33.25,45.4,50.66,0
698,39.69,43.5,53.97,0
699,36.28,44.76,49.97,0
700,35.17,45.25,52.6,0
701,39.8,46.26,48.72,0
702,34.46,43.96,53.32,0
703,32.26,44.29,52.94,0
704,31.73,46.18,52.05,0
705,38.13,46.8,50.26,0
706,32.38,44.43,48.17,0
707,41.4,43.34,50.13,0
708,29.8,50.24,53.06,0
709,41.05,46.46,51.03,0
710,36.51,44.86,47.59,0
711,35.5,46.54,48.38,0
712,34.06,45.02,53.06,0
713,36.81,46.48,51.46,0
714,35.41,45.4,47.95,0
715,38.75,45.27,46.82,0
716,35.69,44.93,49.03,0
717,35.71,42.91,46.51,0
718,34.08,47.96,49.83,0
719,34.92,43.61,54.97,0
720,35.92,42.96,46.81,0
721,29.78,44.65,49.56,0
722,30.78,43.51,52.48,0
723,36.97,44.84,51.29,0
724,35.16,45.93,49.42,0
725,34.01,46.36,49.36,0
726,34.53,46.07,47.27,0
727,35.43,44.36,48.98,0
728,32.68,44.86,49.93,0
729,31.88,45.38,51.58,0
730,34.72,42.1,48.06,0
731,31.11,45.57,48.85,0
732,35.18,42.5,47.26,0
733,28.76,47.72,49.54,0
734,36.87,44.03,50.59,0
735,35.11,44.33,50.21,0
736,34.37,43.43,46.54,0
737,36.47,43.61,49.11,0
738,38.43,47.94,47.39,0
739,36.39,45.91,50.7,0
740,27.73,42.15,48.28,0
741,29.33,46.71,45.5,0
742,31.21,46.21,48.03,0
743,33.07,43.98,49.31,0
744,34.46,44.83,48.82,0
745,30.65,44.32,47.23,0
746,33.3,47.28,47.02,0
747,30.38,43.1,46.14,0
748,30.73,44.49,47.26,0
749,28.26,43.6,46.27,0
750,29.62,42.07,49.85,0
751,28.25,47.48,46.04,0
752,29.29,42.39,48.02,0
753,35.29,44.47,47.81,0
754,29.2,41.5,49.53,0
755,39.85,43.49,49.74,0
756,33.35,44.69,48.89,0
757,32.34,42.8,48.13,0
758,29.12,44.89,45.26,0
759,33.71,43.58,45.15,0
760,29.8,45.7,45.53,0
761,31.81,45.97,48.66,0
762,39.04,43.03,47.23,0
763,30.98,44.0,48.75,0
764,34.63,44.13,48.95,0
765,28.99,44.76,45.43,0
766,30.91,43.83,46.87,0
767,36.24,44.06,46.72,0
768,28.96,43.39,46.02,0
769,36.19,43.9,45.54,0
770,32.79,45.65,48.91,0
771,28.9,44.64,46.57,0
772,32.4,44.7,46.43,0
773,33.33,44.71,44.73,0
774,32.2,43.37,47.62,0
775,25.54,44.05,44.19,0
776,27.98,41.92,47.04,0
777,29.33,45.43,47.03,0
778,29.77,39.32,45.17,0
779,31.77,43.34,46.56,0
780,30.36,45.16,46.23,0
781,25.73,41.38,45.71,0
782,30.8,44.0,45.75,0
783,31.4,42.35,45.78,0
784,31.17,42.79,45.85,0
785,32.65,44.74,45.64,0
786,31.82,43.59,43.25,0
787,30.61,40.22,45.08,0
788,28.94,41.78,45.85,0
789,24.09,44.68,45.45,0
790,30.27,43.87,47.1,0
791,29.53,45.79,46.36,0
792,29.63,45.67,43.31,0
793,24.91,42.61,44.66,0
794,25.41,46.85,44.3,0
795,31.73,43.11,44.85,0
796,28.37,41.6,44.78,0
797,30.45,42.07,45.95,0
798,28.41,39.61,45.01,0
799,28.33,45.38,47.05,0
800,30.97,45.34,45.01,0
801,26.53,41.4,42.8,0
802,28.28,42.56,43.46,0
803,26.53,43.02,45.54,0
804,26.53,41.41,41.04,0
805,26.82,40.19,41.51,0
806,28.34,42.49,44.16,0
807,26.15,42.3,45.97,0
808,31.28,42.17,46.62,0
809,24.74,43.06,43.51,0
810,26.79,44.85,46.0,0
811,25.95,42.23,43.96,0
812,31.53,42.91,40.69,0
813,27.69,43.72,43.67,0
814,30.12,43.44,42.38,0
815,22.49,41.66,45.39,0
816,27.67,42.7,43.44,0
817,29.45,43.36,40.87,0
818,26.95,40.82,40.37,0
819,29.82,44.38,43.26,0
820,25.0,44.61,38.4,0
821,30.7,41.36,42.14,0
822,33.29,42.71,43.57,0
823,25.22,43.36,40.93,0
824,24.9,41.55,44.97,0
825,30.51,43.07,45.31,0
826,30.81,42.57,40.83,0
827,24.43,40.1,42.2,0
828,24.66,42.96,44.73,0
829,25.0,40.6,42.67,0
830,21.73,43.64,39.82,0
831,22.93,41.2,42.26,0
832,22.6,41.94,40.78,0
833,23.23,44.22,44.64,0
834,25.35,42.88,43.58,0
835,26.08,40.49,41.68,0
836,29.96,40.57,42.53,0
837,22.23,41.17,39.57,0
838,28.1,42.64,40.61,0
839,24.43,42.56,45.17,0
840,24.85,40.74,42.11,0
841,26.95,40.23,43.8,0
842,21.48,42.38,42.34,0
843,25.92,41.66,44.45,0
844,25.2,45.15,37.76,0
845,26.1,41.94,41.32,0
846,25.42,44.59,44.93,0
847,31.84,40.09,43.49,0
848,22.49,39.46,44.17,0
849,22.73,40.12,41.45,0
850,22.38,43.56,40.33,0
851,22.51,44.39,39.29,0
852,22.2,40.56,39.09,0
853,27.6,41.02,42.84,0
854,28.22,39.93,42.2,0
855,22.18,38.95,40.98,0
856,21.32,42.72,42.07,0
857,25.16,41.96,41.28,0
858,22.02,41.62,42.86,0
859,25.5,39.48,42.79,0
860,24.14,44.02,38.69,0
861,18.91,40.78,41.31,0
862,28.03,42.32,37.37,0
863,28.7,39.31,40.92,0
864,21.41,41.19,41.8,0
865,22.01,41.89,37.91,0
866,23.96,41.92,39.65,0
867,24.04,41.64,40.45,0
868,24.94,42.13,40.84,0
869,28.92,39.67,39.76,0
870,22.29,41.64,37.92,0
871,20.36,41.5,40.1,0
872,18.55,41.65,36.84,0
873,20.43,41.39,39.63,0
874,22.45,39.36,39.16,0
875,27.87,39.27,39.72,0
876,20.86,37.9,38.81,0
877,23.02,42.43,36.86,0
878,22.23,42.43,39.09,0
879,25.78,42.43,41.63,0
880,29.73,41.6,42.24,0
881,20.48,37.92,44.54,0
882,20.54,39.56,42.99,0
883,25.08,41.34,37.16,0
884,23.92,41.27,38.69,0
885,27.35,40.71,39.4,0
886,23.5,41.58,39.23,0
887,20.6,41.02,39.48,0
888,23.39,41.17,44.11,0
889,24.88,40.01,37.08,0
890,23.95,42.42,37.76,0
891,22.95,40.28,42.43,0
892,24.56,38.91,37.86,0
893,24.8,39.73,39.82,0
894,25.38,40.35,41.06,0
895,23.12,42.34,39.91,0
896,20.61,40.77,39.27,0
897,21.48,40.53,40.71,0
898,24.6,38.92,37.0,0
899,18.47,41.95,37.74,0
900,21.96,39.78,39.76,0
901,19.62,40.59,34.5,0
902,20.82,42.94,41.42,0
903,24.51,41.47,39.15,0
904,21.19,38.24,38.8,0
905,20.69,38.01,35.18,0
906,16.41,40.55,35.82,0
907,22.67,38.81,37.55,0
908,22.31,41.58,39.91,0
909,26.8,40.66,34.1,0
910,19.33,40.82,39.78,0
911,20.85,39.5,37.44,0
912,20.89,43.15,37.66,0
913,24.81,44.79,38.57,0
914,19.73,40.09,38.56,0
915,20.8,41.02,36.55,0
916,21.73,40.62,39.17,0
917,20.41,40.07,33.24,0
918,18.45,39.19,36.93,0
919,20.32,38.79,38.1,0
920,22.9,38.7,37.05,0
921,16.54,40.99,34.04,0
922,19.97,39.59,39.17,0
923,17.41,36.49,35.11,0
924,23.04,41.0,37.43,0
925,14.83,40.26,37.83,0
926,17.67,42.32,37.52,0
927,20.43,40.85,39.77,0
928,23.94,38.05,37.29,0
929,18.99,36.91,38.2,0
930,17.47,39.16,37.19,0
931,24.72,39.29,38.49,0
932,14.68,41.62,40.01,0
933,12.38,40.18,37.46,0
934,20.24,41.88,38.7,0
935,17.36,38.17,40.01,0
936,15.76,41.59,39.77,0
937,20.89,41.21,36.24,0
938,19.45,37.09,39.05,0
939,16.97,42.08,37.43,0
940,14.78,40.23,39.13,0
941,21.18,40.66,37.99,0
942,20.47,38.76,37.37,0
943,18.17,41.95,37.64,0
944,23.96,38.25,37.25,0
945,15.16,41.26,37.29,0
946,13.75,41.23,36.34,0
947,16.2,38.52,36.12,0
948,18.09,42.94,40.11,0
949,18.91,40.3,37.5,0
950,17.41,40.92,35.36,0
951,19.14,37.63,35.91,0
952,14.28,43.09,38.54,0
953,22.32,38.06,34.92,0
954,17.7,41.42,33.39,0
955,21.25,38.38,33.5,0
956,18.88,38.93,32.83,0
957,19.18,41.03,33.65,0
958,19.48,41.37,33.85,0
959,19.07,37.91,38.95,0
960,19.61,41.44,36.05,0
961,21.62,41.36,35.38,0
962,18.18,38.37,33.19,0
963,19.68,42.16,35.75,0
964,17.24,37.57,32.53,0
965,21.79,38.8,35.23,0
966,15.39,40.45,40.07,0
967,22.79,38.43,37.23,0
968,17.22,40.1,35.45,0
969,13.01,40.05,37.24,0
970,17.64,39.4,34.76,0
971,15.18,40.91,34.17,0
972,19.7,39.31,39.15,0
973,15.18,39.99,33.43,0
974,15.76,41.35,34.97,0
975,11.39,40.8,36.26,0
976,15.67,40.79,33.75,0
977,9.71,37.87,36.89,0
978,12.2,40.37,34.95,0
979,19.19,38.26,36.86,0
980,19.23,37.64,36.67,0
981,18.11,39.44,34.98,0
982,13.9,38.18,38.86,0
983,16.62,40.72,34.08,0
984,16.72,40.74,38.08,0
985,13.22,36.65,37.7,0
986,21.17,38.26,38.87,0
987,19.26,37.3,35.65,0
988,15.93,38.78,33.69,0
989,16.64,40.15,39.4,0
990,17.15,39.09,34.55,0
991,10.36,38.56,33.56,0
992,15.71,41.39,34.79,0
993,14.38,35.97,33.18,0
994,13.39,41.27,36.17,0
995,15.52,38.59,33.88,0
996,21.72,39.28,34.49,0
997,18.22,38.6,36.97,0
998,14.55,41.69,36.26,0
999,17.95,37.52,35.02,0
1000,20.4,39.38,35.31,0
1001,18.95,40.14,34.97,0
1002,16.33,36.93,34.06,0
1003,14.18,37.96,34.89,0
1004,18.18,39.1,35.85,0
1005,17.24,37.99,34.6,0
1006,18.72,38.09,35.67,0
1007,17.91,38.78,33.13,0
1008,19.13,40.27,33.58,0
1009,14.35,38.77,33.29,0
1010,19.88,40.9,33.61,0
1011,16.49,37.77,37.29,0
1012,22.1,37.38,36.15,0
1013,13.78,42.14,32.53,0
1014,21.03,38.26,35.53,0
1015,16.39,37.27,33.86,0
1016,13.82,36.62,33.26,0
1017,14.3,40.84,31.63,0
1018,14.77,38.71,36.53,0
1019,16.98,38.83,31.84,0
1020,17.25,38.97,34.44,0
1021,13.94,40.72,32.63,0
1022,15.56,38.92,36.06,0
1023,22.04,42.7,33.82,0
1024,20.78,39.38,34.21,0
1025,16.88,40.76,34.26,0
1026,15.67,40.37,35.05,0
1027,15.89,39.11,34.45,0
1028,17.35,38.27,34.32,0
1029,12.42,39.65,33.36,0
1030,14.7,39.91,31.23,0
1031,10.45,38.28,32.13,0
1032,16.63,39.38,35.79,0
1033,17.36,40.98,33.72,0
1034,13.95,42.23,32.99,0
1035,20.11,40.4,31.5,0
1036,11.69,41.9,30.85,0
1037,10.96,38.16,32.87,0
1038,16.01,40.15,36.04,0
1039,18.46,41.1,33.14,0
1040,20.36,37.75,35.04,0
1041,13.91,38.36,33.02,0
1042,18.51,41.69,35.5,0
1043,15.14,37.62,33.5,0
1044,14.73,37.06,31.73,0
1045,17.88,41.36,33.65,0
1046,17.18,40.86,37.84,0
1047,10.48,39.71,37.75,0
1048,19.62,38.99,35.13,0
1049,19.32,38.4,33.87,0
1050,13.29,39.47,34.74,0
1051,16.35,41.42,34.76,0
1052,16.63,39.4,34.04,0
1053,15.92,42.29,34.99,0
1054,13.48,37.69,34.52,0
1055,13.1,39.01,33.46,0
1056,15.03,38.47,31.7,0
1057,18.62,37.4,33.16,0
1058,16.72,38.8,35.67,0
1059,13.97,39.65,34.0,0
1060,17.39,39.81,34.66,0
1061,6.52,42.28,33.49,0
1062,18.51,39.72,31.93,0
1063,9.84,40.74,33.57,0
1064,13.96,39.11,31.99,0
1065,11.68,41.53,31.86,0
1066,11.15,42.61,36.44,0
1067,18.51,39.81,33.19,0
1068,13.62,37.52,32.54,0
1069,16.06,38.18,37.25,0
1070,14.88,39.43,35.65,0
1071,16.45,39.69,33.27,0
1072,15.24,40.05,34.87,0
1073,11.16,39.69,33.54,0
1074,18.0,39.01,32.62,0
1075,13.52,38.05,34.95,0
1076,10.33,39.6,33.35,0
1077,13.72,41.78,34.15,0
1078,19.5,40.53,36.04,0
1079,17.55,39.8,35.82,0
1080,13.95,40.54,32.9,0
1081,13.95,38.44,34.97,0
1082,14.04,38.24,31.74,0
1083,21.23,37.88,34.9,0
1084,16.15,38.81,34.3,0
1085,16.29,38.37,34.76,0
1086,18.1,40.81,33.41,0
1087,15.73,38.29,38.18,0
1088,14.24,37.8,32.21,0
1089,14.43,41.92,35.96,0
1090,14.8,38.33,31.95,0
1091,14.91,39.24,35.03,0
1092,17.21,39.69,35.17,0
1093,15.19,37.3,34.14,0
1094,17.24,40.86,33.04,0
1095,14.8,39.97,34.32,0
1096,15.28,41.35,34.57,0
1097,9.06,38.0,37.62,0
1098,17.81,39.17,32.3,0
1099,16.11,39.08,32.94,0
1100,18.07,39.42,34.63,0
1101,6.4,36.84,33.56,0
1102,21.36,39.19,33.87,0
1103,14.68,36.89,36.22,0
1104,18.43,39.57,28.45,0
1105,12.0,35.84,32.9,0
1106,16.97,36.26,30.62,0
1107,11.98,40.27,31.72,0
1108,13.28,38.22,38.93,0
1109,20.9,37.57,35.32,0
1110,14.6,40.96,36.04,0
1111,15.83,39.55,33.99,0
1112,17.8,40.37,35.67,0
1113,16.69,38.81,30.63,0
1114,15.67,43.09,36.25,0
1115,16.33,38.16,32.55,0
1116,22.46,41.69,33.13,0
1117,15.09,38.99,35.22,0
1118,15.88,36.6,34.85,0
1119,18.44,39.81,34.4,0
1120,18.62,39.56,31.52,0
1121,18.88,37.52,34.45,0
1122,17.25,37.72,36.19,0
1123,11.92,39.07,33.22,0
1124,20.27,39.63,36.92,0
1125,11.95,35.41,32.56,0
1126,16.31,40.7,34.33,0
1127,13.16,38.38,37.41,0
1128,15.24,37.13,32.99,0
1129,16.44,40.55,36.47,0
1130,16.44,39.11,38.33,0
1131,16.76,40.97,34.74,0
1132,20.35,39.81,33.36,0
1133,16.89,39.16,32.88,0
1134,14.82,38.94,37.05,0
1135,18.47,39.9,37.01,0
1136,19.16,38.56,37.37,0
1137,11.93,37.91,34.43,0
1138,17.43,40.11,36.59,0
1139,17.76,38.98,34.43,0
1140,14.79,39.25,32.78,0
1141,19.83,40.85,36.81,0
1142,15.28,39.05,37.85,0
1143,16.13,39.25,32.56,0
1144,15.26,38.33,32.54,0
1145,15.85,39.89,34.72,0
1146,12.53,39.77,36.57,0
1147,11.53,40.61,32.41,0
1148,20.66,38.39,35.15,0
1149,13.36,38.58,33.54,0
1150,12.95,40.47,36.14,0
1151,9.49,39.66,33.17,0
1152,14.06,37.93,36.33,0
1153,12.04,41.26,34.49,0
1154,20.96,36.76,32.95,0
1155,19.09,40.49,34.98,0
1156,14.03,37.43,31.0,0
1157,22.88,42.16,33.78,0
1158,19.09,37.03,35.59,0
1159,15.2,41.08,31.4,0
1160,8.71,39.24,29.82,0
1161,23.11,38.82,30.31,0
1162,12.1,39.66,37.67,0
1163,11.36,40.34,34.88,0
1164,19.4,38.04,34.0,0
1165,23.68,38.18,36.98,0
1166,20.54,40.39,34.3,0
1167,18.12,36.87,35.68,0
1168,18.24,38.56,35.22,0
1169,19.05,44.01,34.25,0
1170,18.8,38.0,35.81,0
1171,17.4,41.19,36.79,0
1172,16.9,38.6,34.9,0
1173,16.44,40.25,34.38,0
1174,14.4,40.48,34.64,0
1175,15.85,41.2,30.76,0
1176,11.65,39.22,35.95,0
1177,16.47,42.51,32.99,0
1178,13.84,38.66,36.7,0
1179,13.53,39.9,35.29,0
1180,17.41,39.93,35.71,0
1181,21.09,37.89,36.93,0
1182,19.7,39.16,33.71,0
1183,12.27,39.84,36.33,0
1184,14.06,38.96,36.15,0
1185,19.88,43.28,35.28,0
1186,14.15,38.37,33.82,0
1187,16.47,41.41,36.9,0
1188,18.83,40.94,37.15,0
1189,14.31,39.65,36.0,0
1190,17.58,38.38,33.67,0
1191,13.3,38.54,34.79,0
1192,15.54,38.93,35.75,0
1193,18.34,37.04,37.28,0
1194,12.64,38.22,32.77,0
1195,18.79,37.52,34.84,0
1196,17.45,41.77,35.2,0
1197,19.21,40.69,35.87,0
1198,18.26,40.96,33.47,0
1199,21.73,40.67,35.67,0
1200,18.06,40.05,35.52,0
1201,16.44,42.01,34.1,0
1202,18.13,38.91,35.98,0
1203,19.44,40.0,35.17,0
1204,18.0,40.98,37.28,0
1205,18.02,37.89,34.55,0
1206,15.84,44.53,36.54,0
1207,16.0,39.94,34.78,0
1208,13.83,40.12,35.23,0
1209,23.33,41.81,37.06,0
1210,14.4,41.31,36.98,0
1211,16.1,40.01,35.71,0
1212,16.07,40.16,36.04,0
1213,20.96,37.73,33.71,0
1214,17.44,39.16,39.46,0
1215,22.11,40.79,38.07,0
1216,16.4,40.69,38.04,0
1217,19.31,41.87,33.58,0
1218,16.01,39.87,35.62,0
1219,25.0,37.99,36.18,0
1220,15.05,41.67,33.03,0
1221,19.6,42.25,38.71,0
1222,20.62,41.46,39.88,0
1223,20.01,39.89,41.14,0
1224,18.26,41.71,34.96,0
1225,18.48,45.3,37.33,0
1226,19.05,40.35,39.78,0
1227,18.53,38.22,36.67,0
1228,21.92,39.33,36.09,0
1229,25.71,41.16,33.53,0
1230,17.46,37.83,39.57,0
1231,15.08,40.51,37.31,0
1232,18.97,40.84,35.93,0
1233,27.03,42.59,38.0,0
1234,16.94,42.27,37.78,0
1235,24.32,41.62,37.86,0
1236,24.49,37.09,37.13,0
1237,17.85,41.74,40.85,0
1238,21.27,41.43,37.39,0
1239,24.51,40.77,40.94,0
1240,18.54,37.81,38.87,0
1241,19.12,39.26,38.49,0
1242,18.05,38.69,37.61,0
1243,16.8,37.43,39.83,0
1244,17.96,40.47,38.15,0
1245,16.29,39.29,36.11,0
1246,20.12,44.44,36.09,0
1247,17.77,40.27,38.91,0
1248,20.84,42.48,36.29,0
1249,15.53,38.21,38.03,0
1250,21.25,39.78,40.32,0
1251,22.81,40.74,38.86,0
1252,14.39,39.25,36.85,0
1253,21.55,40.0,41.17,0
1254,24.18,40.32,39.49,0
1255,16.92,40.31,40.48,0
1256,25.63,43.47,33.96,0
1257,21.93,41.27,39.2,0
1258,18.62,41.44,40.27,0
1259,20.63,41.55,42.04,0
1260,22.53,41.68,35.76,0
1261,21.15,40.65,41.15,0
1262,22.6,40.31,42.07,0
1263,18.28,41.06,34.8,0
1264,21.61,42.57,39.84,0
1265,16.93,42.54,40.17,0
1266,20.9,40.51,38.33,0
1267,18.58,42.04,38.06,0
1268,19.15,40.62,40.42,0
1269,25.13,40.98,37.91,0
1270,24.76,40.24,38.76,0
1271,23.38,40.69,40.87,0
1272,18.34,43.0,42.8,0
1273,20.73,41.14,40.42,0
1274,25.39,41.23,39.67,0
1275,22.24,38.87,38.42,0
1276,28.84,40.6,37.48,0
1277,23.12,40.72,41.78,0
1278,22.59,39.86,39.3,0
1279,21.15,41.16,41.96,0
1280,22.54,40.5,39.06,0
1281,21.75,41.28,38.47,0
1282,24.4,41.37,40.66,0
1283,25.22,39.77,39.72,0
1284,20.06,40.63,37.52,0
1285,18.49,41.36,43.62,0
1286,17.04,43.04,38.79,0
1287,24.14,41.67,41.95,0
1288,19.38,40.31,41.83,0
1289,16.3,41.93,37.69,0
1290,23.99,43.91,38.26,0
1291,30.37,42.74,39.71,0
1292,22.95,42.21,38.64,0
1293,25.55,42.5,43.88,0
1294,23.35,43.59,40.08,0
1295,22.88,43.07,42.32,0
1296,26.0,42.32,41.62,0
1297,22.44,43.1,41.18,0
1298,24.19,39.89,40.79,0
1299,24.42,39.28,43.24,0
1300,21.52,41.79,39.17,0
1301,26.58,41.68,44.33,0
1302,23.15,40.79,38.36,0
1303,21.48,42.86,42.56,0
1304,25.43,38.85,38.24,0
1305,21.19,40.86,40.48,0
1306,24.05,40.96,41.36,0
1307,24.01,39.26,40.25,0
1308,27.36,43.97,40.92,0
1309,25.6,39.72,38.57,0
1310,24.18,40.89,39.43,0
1311,26.78,43.16,42.46,0
1312,28.57,42.79,41.58,0
1313,26.15,40.18,40.2,0
1314,24.58,42.89,44.29,0
1315,20.69,42.32,39.26,0
1316,21.5,45.41,41.04,0
1317,23.86,42.54,40.81,0
1318,23.02,41.74,43.11,0
1319,24.36,40.69,42.04,0
1320,25.17,40.88,41.78,0
1321,26.66,40.78,38.37,0
1322,24.94,44.1,43.85,0
1323,26.69,42.1,41.75,0
1324,25.5,42.94,42.47,0
1325,19.45,44.39,40.81,0
1326,22.64,38.6,40.55,0
1327,25.1,44.08,45.43,0
1328,21.98,42.27,38.94,0
1329,27.49,42.86,40.44,0
1330,30.36,40.99,45.57,0
1331,29.5,41.12,43.96,0
1332,25.28,43.01,42.09,0
1333,30.47,45.88,45.29,0
1334,26.52,43.83,43.75,0
1335,25.14,44.24,43.39,0
1336,24.39,42.08,43.44,0
1337,25.4,41.49,43.98,0
1338,25.23,41.25,44.12,0
1339,26.98,41.71,47.57,0
1340,27.03,39.39,42.85,0
1341,26.64,41.4,42.97,0
1342,28.02,41.67,40.89,0
1343,30.36,42.27,43.32,0
1344,29.71,42.76,47.22,0
1345,22.49,43.13,45.53,0
1346,19.36,42.59,42.53,0
1347,29.91,41.76,43.74,0
1348,23.08,39.71,41.16,0
1349,26.59,41.82,41.87,0
1350,23.84,41.25,44.18,0
1351,22.02,43.43,42.95,0
1352,29.13,44.12,41.92,0
1353,29.87,44.18,45.05,0
1354,25.94,43.94,43.97,0
1355,19.98,42.63,41.07,0
1356,26.19,42.07,40.12,0
1357,29.09,41.75,43.19,0
1358,23.56,40.64,41.22,0
1359,28.63,44.41,40.72,0
1360,28.11,42.69,46.79,0
1361,29.98,41.1,44.4,0
1362,28.68,41.76,44.13,0
1363,25.49,41.72,44.35,0
1364,32.08,43.11,42.52,0
1365,28.1,44.67,45.68,0
1366,28.57,42.57,44.66,0
1367,25.94,39.74,43.47,0
1368,27.49,42.86,43.84,0
1369,26.25,42.94,42.67,0
1370,28.47,42.86,44.38,0
1371,34.2,42.28,44.78,0
1372,25.04,43.57,44.46,0
1373,24.4,43.37,45.5,0
1374,33.73,43.26,45.3,0
1375,28.78,43.94,45.98,0
1376,27.48,42.7,47.48,0
1377,32.69,42.64,46.84,0
1378,27.84,45.47,47.63,0
1379,35.22,44.26,44.1,0
1380,31.86,44.69,44.84,0
1381,28.44,45.31,47.23,0
1382,36.46,44.29,47.34,0
1383,28.26,44.92,44.7,0
1384,32.39,41.18,47.35,0
1385,31.14,43.88,44.31,0
1386,34.24,43.33,47.23,0
1387,35.1,46.14,46.28,0
1388,30.6,45.04,43.63,0
1389,28.33,42.73,45.6,0
1390,32.05,44.26,50.9,0
1391,28.72,43.98,47.01,0
1392,36.88,44.43,51.27,0
1393,31.34,42.25,43.85,0
1394,29.92,44.34,48.31,0
1395,31.65,43.49,41.81,0
1396,27.14,44.28,46.95,0
1397,28.35,42.79,48.28,0
1398,34.96,43.03,48.76,0
1399,29.47,45.69,45.55,0
1400,28.39,42.38,49.3,0
1401,33.22,42.52,46.22,0
1402,35.26,43.93,47.03,0
1403,33.94,42.88,46.56,0
1404,34.86,42.73,45.22,0
1405,29.69,44.24,50.71,0
1406,27.78,41.86,47.73,0
1407,36.63,42.63,49.88,0
1408,31.25,47.25,49.86,0
1409,31.55,44.88,45.91,0
1410,36.37,43.1,50.34,0
1411,34.14,44.87,48.99,0
1412,33.93,45.12,45.97,0
1413,39.14,45.79,49.02,0
1414,30.81,44.13,46.14,0
1415,35.61,45.81,51.47,0
1416,33.08,41.32,49.96,0
1417,33.8,42.81,48.25,0
1418,37.67,44.67,51.0,0
1419,34.69,44.95,45.37,0
1420,34.87,43.11,47.11,0
1421,36.56,44.89,48.17,0
1422,32.34,43.59,53.22,0
1423,31.0,44.14,46.67,0
1424,30.47,46.12,45.47,0
1425,27.79,45.97,46.06,0
1426,39.95,43.14,50.84,0
1427,30.56,43.07,47.9,0
1428,33.29,44.07,48.84,0
1429,33.21,44.67,50.76,0
1430,35.05,43.75,48.99,0
1431,36.66,46.33,49.78,0
1432,36.88,45.31,50.51,0
1433,32.64,45.43,48.65,0
1434,33.98,42.94,49.25,0
1435,35.41,46.62,50.13,0
1436,33.9,40.67,51.46,0
1437,39.56,46.17,48.21,0
1438,36.3,46.35,43.82,0
1439,37.12,44.33,51.29,0
1440,36.99,46.91,51.86,0
1441,38.61,44.93,50.47,0
1442,35.72,45.15,50.68,0
1443,31.37,45.59,49.08,0
1444,36.55,49.88,51.28,0
1445,33.48,47.15,52.06,0
1446,33.94,46.21,50.53,0
1447,37.37,43.81,55.47,0
1448,39.41,45.42,47.43,0
1449,35.85,44.02,50.95,0
1450,36.8,46.49,48.35,0
1451,41.07,45.5,52.53,0
1452,36.77,43.63,47.67,0
1453,43.94,45.46,48.24,0
1454,37.92,44.09,49.71,0
1455,31.03,45.62,51.58,0
1456,38.66,44.13,49.93,0
1457,37.63,45.49,50.01,0
1458,40.44,46.6,50.89,0
1459,38.68,45.42,50.84,0
1460,36.33,44.94,54.37,0
1461,33.16,45.85,52.84,0
1462,36.29,46.62,50.88,0
1463,34.45,43.94,55.8,0
1464,35.35,46.02,52.66,0
1465,38.94,47.63,49.8,0
1466,42.27,46.54,52.32,0
1467,38.53,45.79,52.95,0
1468,33.85,46.69,50.57,0
1469,38.86,46.44,49.91,0
1470,41.2,46.91,52.26,0
1471,35.87,42.77,51.44,0
1472,37.38,43.5,55.19,0
1473,37.91,47.37,53.78,0
1474,35.6,43.63,51.08,0
1475,39.99,46.52,53.29,0
1476,37.77,45.41,55.04,0
1477,39.47,44.47,49.78,0
1478,35.64,46.51,50.6,0
1479,37.07,46.32,52.69,0
1480,40.64,49.21,52.85,0
1481,37.44,45.13,52.74,0
1482,43.83,48.25,52.29,0
1483,37.53,46.65,52.33,0
1484,39.49,45.15,53.82,0
1485,41.7,47.37,55.39,0
1486,34.73,47.04,52.23,0
1487,33.79,46.28,58.14,0
1488,34.58,46.65,57.25,0
1489,43.03,45.38,56.05,0
1490,37.67,45.06,54.71,0
1491,47.09,47.46,57.55,0
1492,37.81,46.01,53.02,0
1493,40.14,46.26,52.0,0
1494,44.3,46.82,52.68,0
1495,45.77,46.82,51.8,0
1496,46.02,44.31,54.11,0
1497,43.55,48.41,54.54,0
1498,43.08,46.68,54.41,0
1499,41.87,46.22,54.05,0
1500,42.51,47.2,54.41,0
1501,38.61,46.93,57.68,0
1502,37.89,47.75,55.52,0
1503,40.42,47.44,56.19,0
1504,40.0,47.73,54.79,0
1505,39.24,48.71,51.25,0
1506,42.77,48.03,50.92,0
1507,43.63,46.49,58.78,0
1508,41.11,45.07,53.61,0
1509,45.36,49.28,53.51,0
1510,37.59,46.45,55.3,0
1511,40.52,46.12,55.98,0
1512,39.03,44.25,56.3,0
1513,35.66,47.39,58.56,0
1514,41.1,47.13,58.08,0
1515,41.06,44.66,53.52,0
1516,46.05,47.63,57.15,0
1517,43.49,46.23,54.51,0
1518,38.6,51.04,55.07,0
1519,47.32,46.17,53.22,0
1520,45.5,46.4,52.09,0
1521,43.67,45.76,55.47,0
1522,41.32,49.02,53.69,0
1523,39.21,46.57,57.52,0
1524,41.05,46.06,55.17,0
1525,45.52,48.24,56.42,0
1526,47.98,45.13,58.6,0
1527,47.04,48.16,52.96,0
1528,41.03,49.92,54.54,0
1529,39.21,48.12,56.42,0
1530,43.08,48.25,56.75,0
1531,37.43,48.63,58.39,0
1532,43.78,49.91,57.99,0
1533,42.45,49.18,56.51,0
1534,41.58,48.05,56.99,0
1535,38.27,48.77,57.11,0
1536,44.68,46.11,53.57,0
1537,41.62,48.63,56.26,0
1538,39.78,45.98,57.13,0
1539,34.76,46.96,57.62,0
1540,43.37,42.91,54.91,0
1541,48.85,48.16,54.29,0
1542,48.59,46.62,56.42,0
1543,42.32,49.27,60.89,0
1544,41.96,48.22,55.38,0
1545,45.25,49.34,59.42,0
1546,40.93,46.05,60.31,0
1547,44.91,49.26,57.29,0
1548,46.38,50.88,55.9,0
1549,47.84,48.89,58.35,0
1550,43.93,48.96,57.78,0
1551,43.7,48.05,55.73,0
1552,41.76,47.03,56.19,0
1553,41.99,48.98,58.48,0
1554,43.86,45.6,59.5,0
1555,45.72,47.26,57.05,0
1556,47.44,45.25,57.62,0
1557,42.36,46.88,59.16,0
1558,49.33,48.92,57.53,0
1559,44.11,48.74,57.34,0
1560,44.94,48.08,56.49,0
1561,42.83,48.28,56.52,0
1562,37.88,45.22,63.46,0
1563,47.88,47.51,57.79,0
1564,47.51,47.07,60.97,0
1565,44.53,47.12,61.67,0
1566,45.65,49.03,57.99,0
1567,47.07,46.87,59.16,0
1568,40.91,47.27,58.68,0
1569,44.09,45.07,55.31,0
1570,48.13,47.78,55.49,0
1571,42.06,46.61,58.75,0
1572,46.77,48.39,57.86,0
1573,41.9,46.86,62.56,0
1574,47.44,48.47,58.36,0
1575,46.0,48.12,62.79,0
1576,41.34,50.86,57.99,0
1577,49.75,49.12,62.83,0
1578,44.12,45.64,60.08,0
1579,43.97,46.52,60.25,0
1580,47.07,48.52,58.15,0
1581,49.99,47.07,60.39,0
1582,43.57,44.03,62.68,0
1583,46.87,50.53,59.06,0
1584,48.04,49.61,58.73,0
1585,48.91,49.33,58.97,0
1586,47.43,47.66,62.76,0
1587,45.87,49.23,61.28,0
1588,44.55,47.55,62.52,0
1589,47.36,48.94,60.31,0
1590,43.96,47.27,59.82,0
1591,38.48,50.95,60.64,0
1592,48.62,46.34,61.99,0
1593,50.09,50.56,59.41,0
1594,40.36,48.79,62.7,0
1595,44.49,48.02,60.75,0
1596,49.44,49.03,55.26,0
1597,53.83,49.9,61.89,0
1598,47.78,50.87,57.63,0
1599,45.6,49.31,61.95,0
1600,47.31,47.52,62.09,0
1601,52.05,48.96,61.0,0
1602,46.05,51.62,61.48,0
1603,45.66,50.94,62.64,0
1604,46.67,50.3,59.51,0
1605,45.33,50.15,62.14,0
1606,48.62,50.02,62.93,0
1607,53.19,50.73,64.17,0
1608,49.35,48.33,58.49,0
1609,47.69,47.0,61.57,0
1610,47.64,49.16,58.89,0
1611,43.89,47.85,58.85,0
1612,51.29,47.51,61.63,0
1613,48.47,48.03,61.12,0
1614,48.23,52.86,63.3,0
1615,58.41,49.35,60.37,0
1616,49.79,49.71,60.85,0
1617,46.7,47.35,61.59,0
1618,47.74,46.44,59.49,0
1619,52.53,48.0,59.82,0
1620,49.48,51.4,63.55,0
1621,44.89,49.76,60.27,0
1622,52.02,50.18,63.78,0
1623,47.32,50.41,62.68,0
1624,55.01,48.43,58.41,0
1625,52.69,51.42,62.62,0
1626,48.17,48.4,62.65,0
1627,53.41,51.48,62.5,0
1628,49.83,50.05,61.42,0
1629,52.24,46.72,59.87,0
1630,51.2,48.3,64.49,0
1631,47.27,46.76,61.64,0
1632,47.93,51.2,60.12,0
1633,53.01,49.44,62.85,0
1634,48.97,46.15,60.5,0
1635,48.83,50.07,60.13,0
1636,47.23,48.72,61.32,0
1637,51.42,47.32,60.79,0
1638,56.4,52.08,60.34,0
1639,47.06,49.74,63.82,0
1640,50.39,49.16,62.03,0
1641,54.61,49.01,64.81,0
1642,50.19,47.36,60.64,0
1643,51.84,47.69,58.94,0
1644,47.36,51.59,62.73,0
1645,51.88,48.97,66.19,0
1646,50.09,49.73,63.58,0
1647,53.66,46.65,69.0,0
1648,54.32,47.75,63.27,0
1649,58.58,50.66,63.12,0
1650,52.61,50.33,58.38,0
1651,51.9,52.41,63.59,0
1652,51.56,51.81,63.12,0
1653,49.97,49.46,62.01,0
1654,52.09,50.53,62.59,0
1655,50.24,49.36,62.77,0
1656,51.69,52.94,62.58,0
1657,55.18,51.59,67.16,0
1658,48.26,50.14,62.28,0
1659,54.75,50.2,63.4,0
1660,55.33,52.08,62.3,0
1661,51.08,50.8,64.71,0
1662,45.12,52.28,63.54,0
1663,49.71,46.67,62.67,0
1664,55.47,50.67,59.41,0
1665,51.56,49.22,63.79,0
1666,48.68,52.64,62.72,0
1667,50.21,52.34,63.26,0
1668,54.3,50.08,61.05,0
1669,53.46,52.35,66.32,0
1670,51.15,52.74,65.21,0
1671,50.81,50.19,66.39,0
1672,50.79,53.8,65.86,0
1673,49.24,50.06,64.79,0
1674,56.9,49.79,61.36,0
1675,51.13,51.43,67.37,0
1676,55.79,49.61,61.86,0
1677,56.75,50.28,63.21,0
1678,55.23,52.28,65.2,0
1679,50.98,50.21,65.33,0
1680,53.53,47.65,65.0,0
1681,52.29,50.76,63.09,0
1682,49.7,49.18,62.71,0
1683,53.42,51.53,69.03,0
1684,48.96,51.29,63.92,0
1685,56.1,52.47,63.7,0
1686,51.18,51.63,62.63,0
1687,53.22,51.92,64.58,0
1688,53.51,49.29,64.52,0
1689,51.92,51.52,64.13,0
1690,54.5,53.27,64.96,0
1691,51.36,49.3,67.75,0
1692,55.43,53.05,63.07,0
1693,48.82,49.53,64.37,0
1694,53.28,49.09,63.02,0
1695,58.75,50.83,64.94,0
1696,49.97,51.47,63.24,0
1697,50.98,51.77,63.36,0
1698,54.59,48.97,61.52,0
1699,53.63,51.08,64.67,0
1700,54.18,49.41,65.36,0
1701,54.63,48.22,68.25,0
1702,55.1,49.07,65.5,0
1703,56.56,49.34,63.69,0
1704,54.5,51.26,61.9,0
1705,52.58,52.22,62.2,0
1706,55.36,48.29,62.08,0
1707,59.08,51.04,68.46,0
1708,53.01,48.76,65.3,0
1709,50.52,51.48,63.59,0
1710,56.8,49.61,62.86,0
1711,53.15,48.98,63.1,0
1712,47.03,51.76,63.62,0
1713,56.12,49.69,67.49,0
1714,52.0,50.11,64.83,0
1715,53.37,47.26,62.02,0
1716,54.67,52.02,69.56,0
1717,54.27,51.84,62.68,0
1718,55.86,50.63,63.81,0
1719,52.46,48.34,67.63,0
1720,55.33,52.45,65.87,0
1721,53.04,49.65,64.12,0
1722,56.07,49.98,62.62,0
1723,55.73,54.13,63.17,0
1724,51.1,49.62,63.32,0
1725,57.2,51.79,65.16,0
1726,52.36,51.53,65.56,0
1727,56.42,51.28,64.9,0
1728,55.12,51.13,65.14,0
1729,59.56,51.28,63.14,0
1730,53.4,51.13,65.85,0
1731,53.05,50.65,67.84,0
1732,54.07,53.0,64.98,0
1733,53.24,48.78,64.96,0
1734,56.58,52.29,65.51,0
1735,49.35,51.99,67.6,0
1736,51.06,51.82,63.59,0
1737,51.05,52.45,68.3,0
1738,57.12,50.64,66.26,0
1739,59.43,47.99,65.49,0
1740,54.01,50.69,67.88,0
1741,53.83,49.32,63.11,0
1742,54.57,49.71,66.53,0
1743,57.87,48.95,66.37,0
1744,51.62,50.11,63.65,0
1745,55.14,49.93,66.46,0
1746,57.37,47.27,66.12,0
1747,55.97,51.89,65.22,0
1748,55.06,54.18,67.32,0
1749,57.51,51.76,64.46,0
1750,46.42,50.55,66.16,0
1751,56.58,50.78,65.37,0
1752,52.6,50.24,64.42,0
1753,49.09,51.01,66.67,0
1754,56.13,50.82,65.26,0
1755,58.74,49.62,62.75,0
1756,54.22,53.41,62.1,0
1757,57.51,48.66,67.3,0
1758,59.5,51.98,63.29,0
1759,58.63,50.75,66.3,0
1760,59.62,53.76,65.87,0
1761,56.94,51.42,65.03,0
1762,54.95,50.38,69.69,0
1763,49.93,50.55,66.15,0
1764,54.02,50.99,67.31,0
1765,52.24,49.22,66.38,0
1766,61.29,49.78,65.36,0
1767,54.27,48.26,65.8,0
1768,55.17,49.56,68.76,0
1769,56.47,51.09,68.03,0
1770,54.96,51.4,69.77,0
1771,59.93,47.98,66.32,0
1772,52.98,50.75,64.13,0
1773,55.45,51.8,65.01,0
1774,52.64,50.72,63.52,0
1775,50.92,50.01,67.44,0
1776,53.06,50.35,64.74,0
1777,54.79,50.16,59.81,0
1778,53.62,50.02,70.85,0
1779,52.84,51.24,64.79,0
1780,50.7,54.44,64.79,0
1781,54.68,49.86,69.29,0
1782,50.42,50.5,63.53,0
1783,57.23,50.91,68.23,0
1784,55.2,49.95,64.79,0
1785,50.58,52.63,63.32,0
1786,54.04,47.43,69.38,0
1787,52.71,50.19,67.82,0
1788,55.93,52.22,67.82,0
1789,59.0,50.55,66.72,0
1790,49.36,49.76,67.18,0
1791,55.33,51.66,63.52,0
1792,54.51,52.36,66.21,0
1793,57.0,51.31,64.14,0
1794,55.63,49.8,63.22,0
1795,52.74,51.68,66.82,0
1796,54.04,50.4,68.31,0
1797,52.61,52.12,65.23,0
1798,58.23,53.22,65.58,0
1799,55.06,47.09,63.72,0
1800,60.7,51.17,66.01,0
1801,54.82,48.4,67.52,0
1802,52.87,54.66,67.58,0
1803,50.46,50.3,67.09,0
1804,49.59,52.12,64.76,0
1805,50.24,50.95,64.7,0
1806,55.79,49.79,67.59,0
1807,56.52,49.61,67.62,0
1808,50.24,53.37,65.65,0
1809,57.67,52.43,65.14,0
1810,53.53,53.91,68.32,0
1811,55.42,51.08,65.26,0
1812,59.81,51.42,67.47,0
1813,57.66,50.59,65.7,0
1814,54.16,50.56,63.88,0
1815,52.28,49.42,69.19,0
1816,48.5,51.11,66.2,0
1817,52.79,49.8,64.53,0
1818,54.3,51.64,63.17,0
1819,51.97,51.23,63.37,0
1820,54.53,51.41,65.19,0
1821,55.15,53.49,69.78,0
1822,54.23,50.92,64.76,0
1823,52.95,52.1,68.81,0
1824,55.4,54.04,65.65,0
1825,56.21,52.92,63.54,0
1826,51.6,52.69,64.95,0
1827,59.09,50.5,63.33,0
1828,54.56,51.3,64.17,0
1829,54.9,48.97,64.1,0
1830,56.95,51.7,62.06,0
1831,55.52,51.36,68.88,0
1832,57.66,50.98,66.27,0
1833,55.65,52.48,64.46,0
1834,52.94,49.12,66.27,0
1835,55.85,53.38,64.14,0
1836,51.32,52.28,60.46,0
1837,55.07,50.82,71.71,0
1838,54.63,50.69,66.16,0
1839,54.09,51.63,64.59,0
1840,54.31,53.19,61.89,0
1841,49.04,51.06,62.76,0
1842,53.02,51.12,69.04,0
1843,54.93,50.92,68.72,0
1844,55.11,53.56,67.21,0
1845,51.53,50.33,63.46,0
1846,58.4,50.84,68.7,0
1847,51.98,53.07,66.56,0
1848,57.47,51.09,66.96,0
1849,55.83,52.57,66.53,0
1850,52.59,49.49,62.61,0
1851,59.83,50.54,63.21,0
1852,50.91,53.07,64.57,0
1853,57.23,49.83,66.86,0
1854,57.45,50.61,62.8,0
1855,52.41,51.21,65.19,0
1856,58.58,49.34,65.17,0
1857,53.63,50.19,67.09,0
1858,55.23,50.98,66.84,0
1859,55.12,50.87,63.45,0
1860,53.92,52.72,68.35,0
1861,56.73,53.1,63.11,0
1862,56.65,49.5,67.6,0
1863,49.0,50.94,64.3,0
1864,58.14,51.78,65.71,0
1865,49.21,53.03,65.81,0
1866,57.27,51.83,65.74,0
1867,57.53,51.18,66.67,0
1868,50.85,51.74,66.08,0
1869,52.87,51.74,66.85,0
1870,50.76,49.33,66.19,0
1871,53.4,51.0,62.71,0
1872,53.1,52.9,65.76,0
1873,56.33,50.39,64.07,0
1874,57.9,50.88,62.95,0
1875,58.13,50.32,64.57,0
1876,52.22,47.2,65.49,0
1877,53.25,50.7,65.6,0
1878,48.8,51.11,67.19,0
1879,51.41,49.88,67.67,0
1880,56.69,48.91,65.71,0
1881,58.61,49.31,66.05,0
1882,50.03,51.77,65.18,0
1883,51.93,53.57,66.5,0
1884,53.59,52.68,65.91,0
1885,54.48,48.58,64.8,0
1886,51.18,51.86,69.19,0
1887,54.85,49.58,63.77,0
1888,52.12,49.69,67.74,0
1889,53.47,49.86,62.1,0
1890,55.12,51.6,66.41,0
1891,53.46,51.97,67.63,0
1892,52.1,50.38,60.91,0
1893,53.05,50.39,64.98,0
1894,53.08,51.2,66.1,0
1895,52.2,51.34,65.15,0
1896,52.49,52.25,65.37,0
1897,58.03,48.54,64.86,0
1898,54.88,50.49,62.37,0
1899,52.28,48.85,69.27,0
1900,55.22,50.36,63.49,0
1901,52.09,50.09,65.34,0
1902,56.57,50.35,63.15,0
1903,54.12,49.2,59.86,0
1904,52.65,48.16,62.53,0
1905,54.28,47.24,61.45,0
1906,48.19,50.17,66.5,0
1907,49.48,49.71,63.07,0
1908,49.24,49.33,63.23,0
1909,53.21,52.32,62.1,0
1910,57.94,49.03,64.38,0
1911,59.39,52.44,62.73,0
1912,54.57,52.73,66.11,0
1913,54.12,47.36,64.7,0
1914,47.17,50.41,62.92,0
1915,50.91,49.66,65.73,0
1916,50.13,45.88,64.01,0
1917,50.59,48.07,64.0,0
1918,51.9,51.38,61.0,0
1919,50.95,53.24,63.75,0
1920,46.38,51.55,64.5,0
1921,54.52,50.67,66.49,0
1922,49.01,50.14,62.28,0
1923,52.91,52.68,68.31,0
1924,58.37,53.37,64.83,0
1925,49.34,49.25,60.64,0
1926,44.46,47.12,61.95,0
1927,51.15,46.95,66.45,0
1928,55.26,52.07,66.06,0
1929,57.79,50.0,63.57,0
1930,48.18,50.34,63.79,0
1931,53.31,47.36,61.13,0
1932,50.38,48.9,66.06,0
1933,51.41,49.57,61.41,0
1934,59.61,50.32,65.03,0
1935,47.12,49.39,66.01,0
1936,52.34,48.42,63.36,0
1937,52.93,48.78,65.16,0
1938,54.74,51.76,66.88,0
1939,51.73,50.3,63.68,0
1940,52.31,50.83,62.76,0
1941,50.16,48.55,62.93,0
1942,52.09,45.45,61.54,0
1943,50.2,49.08,61.45,0
1944,53.05,48.55,63.83,0
1945,50.02,50.36,62.58,0
1946,52.21,54.75,63.52,0
1947,50.94,50.85,59.84,0
1948,54.35,53.9,62.59,0
1949,50.77,50.63,64.8,0
1950,45.55,48.82,60.46,0
1951,54.6,50.27,62.68,0
1952,48.04,52.4,58.9,0
1953,48.75,52.46,59.95,0
1954,48.87,48.83,64.14,0
1955,54.72,50.06,61.86,0
1956,44.14,47.52,66.08,0
1957,59.9,50.88,63.26,0
1958,53.6,51.96,63.41,0
1959,51.05,49.67,60.15,0
1960,50.16,48.6,61.49,0
1961,51.12,50.12,60.75,0
1962,51.77,50.19,60.04,0
1963,52.09,49.67,63.45,0
1964,51.76,49.8,63.8,0
1965,50.31,49.25,62.83,0
1966,49.39,50.99,60.33,0
1967,49.47,50.58,62.6,0
1968,49.28,47.98,58.06,0
1969,53.21,47.93,64.49,0
1970,51.53,49.04,59.2,0
1971,40.87,50.51,59.51,0
1972,51.59,49.61,61.93,0
1973,50.15,48.41,62.06,0
1974,49.45,49.74,61.46,0
1975,48.28,48.84,59.34,0
1976,52.76,50.64,63.78,0
1977,52.17,49.8,58.09,0
1978,46.95,48.81,58.45,0
1979,50.42,49.61,61.15,0
1980,46.23,51.22,58.79,0
1981,44.94,48.37,63.71,0
1982,47.14,49.81,58.86,0
1983,51.54,49.08,64.28,0
1984,51.75,49.81,63.18,0
1985,50.37,48.17,63.53,0
1986,50.94,49.3,64.79,0
1987,50.25,50.77,61.13,0
1988,46.72,47.69,58.89,0
1989,49.87,47.08,60.65,0
1990,50.91,47.12,59.68,0
1991,50.71,47.28,59.34,0
1992,51.95,49.91,61.01,0
1993,50.44,46.89,60.03,0
1994,49.31,48.53,59.1,0
1995,51.4,49.88,60.06,0
1996,48.04,49.56,61.59,0
1997,45.41,48.34,62.36,0
1998,47.5,49.18,57.19,0
1999,45.69,49.04,59.73,0
2000,45.83,48.52,60.0,0
2001,47.36,48.52,57.87,0
2002,45.34,52.17,59.94,0
2003,46.73,50.01,60.42,0
2004,41.91,52.5,61.11,0
2005,48.16,48.01,60.17,0
2006,47.45,48.61,58.2,0
2007,44.93,46.72,63.93,0
2008,49.29,47.48,61.51,0
2009,50.06,51.53,60.9,0
2010,42.35,47.87,61.75,0
2011,44.82,51.51,60.17,0
2012,44.73,46.75,62.2,0
2013,44.15,47.01,59.69,0
2014,49.38,48.06,59.52,0
2015,46.24,48.45,60.73,0
2016,45.96,49.91,62.56,0
2017,40.67,49.18,62.37,0
2018,48.52,47.86,60.48,0
2019,42.83,48.26,60.27,0
2020,46.65,47.96,60.57,0
2021,47.23,47.05,61.09,0
2022,50.41,47.07,61.66,0
2023,42.33,49.92,58.53,0
2024,37.13,45.61,61.58,0
2025,46.66,50.76,59.58,0
2026,51.44,47.8,60.13,0
2027,49.68,47.13,61.54,0
2028,46.52,49.38,60.21,0
2029,44.34,50.47,60.49,0
2030,48.17,49.9,57.82,0
2031,42.75,48.95,61.53,0
2032,47.03,49.81,59.87,0
2033,47.04,45.58,58.67,0
2034,48.63,47.35,60.56,0
2035,53.65,46.75,63.48,0
2036,46.48,49.93,55.9,0
2037,43.7,47.49,56.57,0
2038,45.07,49.31,63.49,0
2039,39.77,48.83,58.91,0
2040,42.92,46.71,58.38,0
2041,43.7,47.1,57.71,0
2042,43.28,49.9,60.3,0
2043,45.23,46.77,63.04,0
2044,42.23,48.1,56.43,0
2045,47.98,46.71,57.5,0
2046,44.54,47.39,56.93,0
2047,44.44,47.77,59.04,0
2048,43.41,46.64,59.96,0
2049,44.78,46.35,60.69,0
2050,46.71,48.2,58.92,0
2051,41.56,46.48,62.36,0
2052,42.11,46.51,56.11,0
2053,43.09,46.29,55.53,0
2054,39.89,47.56,60.08,0
2055,41.39,49.07,57.32,0
2056,42.34,49.89,54.26,0
2057,46.31,46.52,56.32,0
2058,44.4,50.81,57.4,0
2059,44.11,46.05,55.53,0
2060,46.01,49.16,54.73,0
2061,42.96,46.43,56.28,0
2062,44.47,46.18,54.51,0
2063,42.9,46.35,57.84,0
2064,43.93,47.36,52.62,0
2065,41.31,48.29,56.62,0
2066,35.66,48.4,57.42,0
2067,42.49,45.95,56.13,0
2068,47.08,45.86,58.44,0
2069,45.51,45.95,53.45,0
2070,45.55,47.13,54.72,0
2071,46.28,46.96,55.4,0
2072,42.76,45.82,57.42,0
2073,43.0,47.63,56.37,0
2074,40.48,50.59,60.15,0
2075,41.3,46.42,54.19,0
2076,44.01,46.5,52.94,0
2077,45.7,47.97,59.25,0
2078,41.59,46.26,52.74,0
2079,40.57,48.08,56.9,0
2080,41.84,45.97,53.51,0
2081,43.56,49.78,51.27,0
2082,37.34,47.52,54.59,0
2083,34.71,46.05,57.07,0
2084,39.86,46.07,52.77,0
2085,37.77,46.16,56.3,0
2086,39.82,48.96,56.6,0
2087,40.82,44.98,52.47,0
2088,39.82,45.85,54.49,0
2089,45.45,45.99,58.03,0
2090,41.99,46.78,56.11,0
2091,41.83,46.37,54.22,0
2092,42.71,44.52,55.51,0
2093,37.35,46.13,53.24,0
2094,43.8,46.55,56.77,0
2095,40.37,45.74,56.7,0
2096,42.52,47.68,54.65,0
2097,37.21,48.01,54.8,0
2098,35.68,46.49,52.28,0
2099,42.71,46.92,51.5,0
2100,41.31,43.31,53.39,0
2101,37.39,45.9,53.9,0
2102,37.4,48.01,56.13,0
2103,43.3,45.84,55.78,0
2104,36.27,45.35,54.24,0
2105,44.68,49.84,56.18,0
2106,36.97,49.13,51.85,0
2107,41.5,47.08,55.82,0
2108,38.51,48.06,52.02,0
2109,41.22,42.99,56.01,0
2110,37.7,45.12,53.44,0
2111,38.76,45.57,49.4,0
2112,39.28,45.89,54.79,0
2113,36.07,45.49,54.88,0
2114,41.21,42.37,52.28,0
2115,37.36,46.75,52.38,0
2116,38.13,46.96,52.73,0
2117,35.75,48.52,49.13,0
2118,30.96,44.91,48.19,0
2119,37.99,44.76,55.45,0
2120,45.71,42.02,51.13,0
2121,40.74,45.58,56.42,0
2122,38.24,47.34,55.38,0
2123,37.43,45.05,55.71,0
2124,38.2,49.15,51.2,0
2125,39.68,45.53,49.22,0
2126,34.41,46.11,50.19,0
2127,41.21,43.82,51.4,0
2128,39.93,46.27,47.48,0
2129,39.85,42.84,51.21,0
2130,38.93,46.82,51.69,0
2131,37.58,46.84,49.43,0
2132,39.46,47.77,49.87,0
2133,39.13,44.18,51.44,0
2134,36.2,45.92,52.52,0
2135,35.46,46.5,49.96,0
2136,37.4,46.29,52.26,0
2137,41.65,44.3,51.88,0
2138,33.2,41.99,51.63,0
2139,32.43,46.07,50.16,0
2140,37.24,45.29,48.73,0
2141,36.81,44.65,54.72,0
2142,37.09,46.62,52.52,0
2143,37.21,45.38,53.2,0
2144,35.73,43.44,50.95,0
2145,40.78,42.5,50.72,0
2146,31.42,43.67,51.96,0
2147,33.65,48.93,47.24,0
2148,35.74,46.4,48.61,0
2149,31.03,45.57,49.17,0
2150,35.34,44.99,49.79,0
2151,40.77,44.86,48.87,0
2152,35.76,46.96,51.22,0
2153,36.3,44.45,50.65,0
2154,31.74,46.02,53.2,0
2155,33.59,44.61,55.3,0
2156,34.22,48.01,47.75,0
2157,34.31,46.19,50.5,0
2158,39.02,46.92,50.43,0
2159,36.76,44.15,50.04,0
2160,31.67,46.59,47.83,0
2161,35.65,44.5,48.1,0
2162,36.32,45.11,50.34,0
2163,38.16,47.37,47.9,0
2164,39.39,43.33,50.04,0
2165,31.52,45.17,49.16,0
2166,32.04,45.5,49.86,0
2167,30.62,45.6,47.6,0
2168,33.6,44.11,49.76,0
2169,35.61,47.89,47.61,0
2170,37.09,42.8,49.62,0
2171,33.81,46.9,51.91,0
2172,32.99,46.51,49.68,0
2173,34.32,47.51,49.74,0
2174,31.27,42.25,50.66,0
2175,39.96,43.3,46.15,0
2176,28.78,46.82,52.32,0
2177,34.07,41.74,46.7,0
2178,39.5,42.12,50.5,0
2179,33.36,43.77,50.17,0
2180,32.69,44.77,46.8,0
2181,32.1,46.84,50.55,0
2182,32.54,44.15,49.46,0
2183,37.11,43.49,52.18,0
2184,26.27,44.84,48.71,0
2185,37.42,45.05,48.04,0
2186,28.46,44.98,47.16,0
2187,31.85,44.03,44.63,0
2188,31.27,41.34,47.41,0
2189,34.24,42.87,47.43,0
2190,27.6,46.35,48.44,0
2191,33.69,44.47,45.0,0
2192,38.29,43.68,47.3,0
2193,28.04,45.82,48.86,0
2194,32.61,42.42,48.99,0
2195,29.97,43.75,43.85,0
2196,33.15,44.27,48.91,0
2197,31.84,43.37,46.93,0
2198,29.77,44.16,46.99,0
2199,33.08,43.7,42.56,0
2200,36.94,41.86,50.21,0
2201,30.87,44.2,47.51,0
2202,33.51,41.91,44.02,0
2203,27.39,44.13,47.77,0
2204,28.31,45.92,47.64,0
2205,32.52,43.41,49.32,0
2206,35.46,42.05,46.19,0
2207,31.99,43.59,46.77,0
2208,29.9,42.5,45.39,0
2209,30.75,44.62,47.8,0
2210,26.92,43.48,44.97,0
2211,32.4,46.24,44.68,0
2212,33.15,45.39,46.27,0
2213,29.06,43.4,43.88,0
2214,28.92,44.67,49.47,0
2215,31.04,42.98,50.05,0
2216,28.85,43.6,45.22,0
2217,29.88,42.98,43.29,0
2218,36.29,44.65,46.67,0
2219,29.17,45.62,44.96,0
2220,28.75,44.65,48.21,0
2221,27.8,44.8,44.22,0
2222,31.89,44.78,46.81,0
2223,29.03,44.2,45.88,0
2224,27.54,41.64,44.24,0
2225,33.37,45.87,46.0,0
2226,33.58,46.0,47.21,0
2227,27.43,42.92,45.56,0
2228,23.55,42.69,45.52,0
2229,32.09,44.14,43.51,0
2230,26.93,44.02,47.48,0
2231,31.27,42.87,47.21,0
2232,22.91,41.27,44.23,0
2233,31.41,43.58,44.74,0
2234,25.02,43.92,47.75,0
2235,30.76,44.16,42.59,0
2236,28.53,43.57,46.0,0
2237,25.54,42.62,43.61,0
2238,27.1,44.49,48.22,0
2239,30.3,43.07,44.72,0
2240,28.48,42.25,47.05,0
2241,29.83,42.65,42.94,0
2242,33.93,40.28,41.9,0
2243,23.22,42.6,43.86,0
2244,32.68,43.88,44.79,0
2245,28.06,43.34,43.18,0
2246,24.97,45.08,45.65,0
2247,23.6,42.38,43.65,0
2248,26.94,43.48,39.84,0
2249,30.19,43.92,45.05,0
2250,26.96,46.22,42.11,0
2251,31.8,42.9,43.09,0
2252,22.83,41.09,46.85,0
2253,27.07,43.9,47.23,0
2254,23.27,45.41,42.47,0
2255,28.04,42.1,44.71,0
2256,29.53,43.82,42.39,0
2257,25.52,44.38,42.85,0
2258,18.89,44.04,42.15,0
2259,27.22,42.68,39.85,0
2260,27.86,41.42,43.43,0
2261,27.68,42.32,43.75,0
2262,30.1,43.1,41.77,0
2263,23.1,43.76,45.22,0
2264,28.27,42.87,42.11,0
2265,29.73,41.78,41.65,0
2266,20.74,43.16,43.91,0
2267,26.96,43.59,39.71,0
2268,24.41,42.85,44.55,0
2269,25.6,41.0,41.87,0
2270,26.81,41.96,44.59,0
2271,24.23,43.63,45.13,0
2272,23.58,40.11,43.77,0
2273,25.64,39.02,40.8,0
2274,22.2,44.4,39.86,0
2275,22.12,42.88,39.44,0
2276,27.34,43.0,44.45,0
2277,21.78,40.45,41.91,0
2278,27.15,43.15,40.92,0
2279,26.46,42.44,41.8,0
2280,19.82,39.62,44.16,0
2281,22.89,44.11,43.5,0
2282,28.43,42.19,42.76,0
2283,21.83,41.34,43.1,0
2284,23.31,41.34,42.12,0
2285,26.01,38.86,42.3,0
2286,26.9,42.76,42.08,0
2287,23.72,42.24,41.58,0
2288,22.61,41.53,43.03,0
2289,28.59,43.72,42.18,0
2290,29.47,39.7,39.64,0
2291,27.12,40.86,42.4,0
2292,24.36,40.46,41.78,0
2293,21.61,41.29,42.45,0
2294,21.47,41.79,40.96,0
2295,25.46,42.31,42.73,0
2296,25.07,41.12,40.93,0
2297,27.95,40.31,42.44,0
2298,25.62,44.13,40.02,0
2299,19.09,45.2,40.11,0
2300,26.68,41.77,42.03,0
2301,20.46,40.4,40.1,0
2302,22.23,43.73,45.12,0
2303,24.07,39.32,41.78,0
2304,29.23,40.97,40.65,0
2305,32.5,40.41,42.18,0
2306,24.92,39.69,39.52,0
2307,22.48,40.99,42.27,0
2308,24.57,40.09,42.16,0
2309,25.56,41.39,42.82,0
2310,21.86,41.39,39.38,0
2311,28.14,40.39,37.76,0
2312,23.38,40.75,38.93,0
2313,24.11,40.94,39.53,0
2314,24.55,42.48,43.37,0
2315,23.75,41.02,44.38,0
2316,24.93,42.46,40.62,0
2317,20.49,42.08,39.9,0
2318,20.6,42.04,39.12,0
2319,18.91,43.25,41.42,0
2320,23.46,39.46,44.09,0
2321,24.41,40.41,43.23,0
2322,23.38,43.75,41.88,0
2323,26.97,40.7,41.8,0
2324,21.86,36.84,41.17,0
2325,23.82,40.74,39.36,0
2326,18.47,41.23,37.92,0
2327,20.52,37.08,39.3,0
2328,23.7,42.99,40.14,0
2329,24.1,39.9,36.33,0
2330,20.61,41.44,38.88,0
2331,21.21,40.59,37.49,0
2332,16.81,38.98,41.12,0
2333,20.23,39.28,37.94,0
2334,23.9,39.47,39.64,0
2335,22.9,42.48,37.54,0
2336,22.61,40.61,42.08,0
2337,21.19,40.03,35.43,0
2338,21.0,39.39,39.74,0
2339,18.94,42.57,36.18,0
2340,22.95,42.95,37.67,0
2341,22.06,42.52,39.05,0
2342,22.21,41.46,39.1,0
2343,19.1,41.14,39.0,0
2344,14.15,38.86,38.79,0
2345,23.84,40.3,37.16,0
2346,19.06,39.62,38.07,0
2347,17.84,37.89,38.41,0
2348,22.45,42.2,38.69,0
2349,19.14,39.55,38.12,0
2350,23.43,42.37,39.66,0
2351,22.05,41.88,38.34,0
2352,22.19,41.38,38.51,0
2353,15.98,41.44,37.3,0
2354,23.66,39.58,35.91,0
2355,20.75,43.28,38.28,0
2356,18.8,40.54,40.34,0
2357,20.28,40.91,38.77,0
2358,14.46,39.46,36.2,0
2359,20.96,39.02,39.42,0
2360,16.59,41.12,37.07,0
2361,15.57,40.71,39.13,0
2362,15.0,39.19,36.92,0
2363,22.85,38.2,38.32,0
2364,17.57,38.43,36.53,0
2365,24.0,42.11,36.54,0
2366,17.74,39.38,34.35,0
2367,14.17,39.78,38.46,0
2368,15.89,42.45,38.13,0
2369,22.89,38.57,38.2,0
2370,18.67,39.15,37.86,0
2371,17.44,39.07,35.74,0
2372,19.51,42.64,39.15,0
2373,20.48,43.18,39.17,0
2374,22.28,41.3,35.56,0
2375,23.22,41.34,38.16,0
2376,17.74,39.28,38.81,0
2377,14.79,43.05,36.07,0
2378,17.48,40.52,36.38,0
2379,19.45,41.38,38.0,0
2380,15.73,39.93,33.87,0
2381,15.7,39.67,34.68,0
2382,19.55,42.55,34.83,0
2383,18.32,40.85,33.18,0
2384,18.52,42.2,38.91,0
2385,16.1,40.39,32.72,0
2386,17.63,38.72,37.34,0
2387,15.5,39.11,38.24,0
2388,20.9,40.12,35.99,0
2389,21.28,39.01,35.21,0
2390,12.59,38.28,36.97,0
2391,15.3,41.73,36.47,0
2392,13.55,39.09,38.44,0
2393,16.04,40.11,31.14,0
2394,17.7,40.33,34.52,0
2395,13.55,38.99,37.44,0
2396,15.09,42.03,36.39,0
2397,14.8,38.17,37.75,0
2398,18.39,40.22,36.74,0
2399,17.93,40.19,35.91,0
2400,15.51,39.72,35.54,0
2401,18.17,37.85,40.76,0
2402,15.95,41.08,39.14,0
2403,16.74,40.88,37.03,0
2404,22.53,38.74,36.16,0
2405,21.49,40.8,37.05,0
2406,13.52,40.29,37.59,0
2407,19.87,37.79,36.74,0
2408,19.78,38.42,34.37,0
2409,13.86,41.4,39.41,0
2410,19.72,40.14,36.3,0
2411,21.83,38.82,39.8,0
2412,13.81,38.37,36.12,0
2413,14.39,38.87,35.22,0
2414,20.15,38.96,38.45,0
2415,17.88,38.35,36.25,0
2416,18.68,36.99,35.89,0
2417,18.01,41.31,33.19,0
2418,18.12,41.04,36.88,0
2419,12.93,37.66,34.54,0
2420,20.02,39.77,34.6,0
2421,20.35,38.2,34.49,0
2422,16.11,39.15,36.32,0
2423,16.63,39.01,32.34,0
2424,12.14,38.88,34.96,0
2425,18.24,42.51,37.32,0
2426,18.37,38.84,32.84,0
2427,16.44,38.27,35.65,0
2428,19.96,38.33,34.01,0
2429,15.55,41.03,34.44,0
2430,18.22,36.98,38.53,0
2431,13.43,38.3,31.89,0
2432,16.39,41.61,36.7,0
2433,15.9,39.79,34.18,0
2434,17.07,39.71,34.06,0
2435,15.25,42.61,32.86,0
2436,15.93,39.77,36.57,0
2437,18.78,38.33,34.66,0
2438,14.96,38.96,34.38,0
2439,11.42,37.67,35.21,0
2440,21.45,41.25,34.62,0
2441,20.32,40.21,30.94,0
2442,12.27,41.03,33.94,0
2443,18.19,41.15,36.69,0
2444,14.58,38.71,31.86,0
2445,16.85,37.9,32.67,0
2446,16.92,39.23,33.97,0
2447,15.3,37.99,33.35,0
2448,13.63,39.54,34.73,0
2449,13.88,40.98,32.58,0
2450,13.18,39.03,33.96,0
2451,13.4,39.49,34.62,0
2452,15.67,39.12,36.0,0
2453,13.7,40.46,37.17,0
2454,17.87,38.25,34.14,0
2455,20.26,35.95,38.42,0
2456,14.03,39.94,34.25,0
2457,16.47,40.71,36.26,0
2458,17.23,39.89,38.44,0
2459,17.12,38.25,34.84,0
2460,15.91,37.5,31.8,0
2461,17.89,39.94,34.71,0
2462,17.08,39.4,33.29,0
2463,11.9,39.0,33.94,0
2464,18.2,41.91,38.45,0
2465,18.24,37.75,32.01,0
2466,13.26,41.83,35.04,0
2467,15.65,39.21,32.67,0
2468,17.56,36.4,33.79,0
2469,14.87,38.88,35.88,0
2470,18.69,40.58,35.02,0
2471,22.55,38.59,33.91,0
2472,13.08,36.92,33.05,0
2473,11.28,38.88,34.97,0
2474,16.31,37.83,37.74,0
2475,17.55,39.85,32.5,0
2476,14.67,40.27,38.12,0
2477,19.71,37.52,36.68,0
2478,11.32,38.04,37.01,0
2479,17.4,40.23,34.87,0
2480,13.49,37.8,36.59,0
2481,20.45,37.46,32.21,0
2482,21.25,37.31,32.88,0
2483,12.96,39.61,35.74,0
2484,13.6,39.54,34.79,0
2485,17.81,38.04,33.89,0
2486,14.06,39.07,29.17,0
2487,15.07,41.35,33.29,0
2488,15.27,37.6,31.81,0
2489,9.42,36.13,35.13,0
2490,15.13,39.73,33.75,0
2491,13.09,38.88,32.87,0
2492,13.67,37.98,39.41,0
2493,19.47,40.02,36.19,0
2494,11.36,40.3,36.21,0
2495,17.56,35.72,38.5,0
2496,14.27,38.05,35.69,0
2497,14.26,42.51,32.54,0
2498,17.46,39.9,32.3,0
2499,16.1,40.04,36.0,0
2500,16.79,40.78,29.94,0
2501,17.97,39.11,33.9,0
2502,14.07,40.35,29.71,0
2503,13.22,40.3,34.24,0
2504,11.79,40.1,35.75,0
2505,12.57,38.87,34.59,0
2506,23.88,39.68,35.91,0
2507,18.77,38.61,37.96,0
2508,10.97,39.58,33.73,0
2509,11.06,37.87,39.63,0
2510,16.46,38.51,34.44,0
2511,16.66,39.34,35.91,0
2512,16.66,38.41,32.79,0
2513,14.24,39.14,37.25,0
2514,14.63,39.72,36.09,0
2515,15.99,40.63,36.95,0
2516,15.26,41.52,34.11,0
2517,8.34,39.47,31.49,0
2518,14.31,42.24,34.92,0
2519,12.45,41.71,30.61,0
2520,15.53,41.13,33.33,0
2521,23.96,40.67,34.38,0
2522,16.1,40.99,38.76,0
2523,14.06,42.36,34.64,0
2524,17.77,42.48,34.28,0
2525,16.45,42.72,33.88,0
2526,16.27,40.85,31.32,0
2527,16.83,41.69,34.18,0
2528,21.18,42.94,34.22,0
2529,11.62,40.06,32.08,0
2530,16.44,40.59,31.64,0
2531,12.24,41.16,33.06,0
2532,16.69,42.56,34.15,0
2533,12.28,42.65,33.11,0
2534,13.79,41.0,31.93,0
2535,14.16,39.15,34.61,0
2536,17.98,41.86,35.12,0
2537,17.81,40.18,34.29,0
2538,11.32,39.39,32.92,0
2539,15.23,39.8,35.24,0
2540,12.95,42.26,33.68,0
2541,11.31,43.88,31.69,0
2542,14.44,41.97,36.15,0
2543,14.18,42.3,34.79,0
2544,22.39,43.83,33.85,0
2545,16.42,39.81,30.95,0
2546,11.0,42.98,32.61,0
2547,13.44,42.25,38.15,0
2548,18.21,43.19,31.1,0
2549,21.43,41.69,33.63,0
2550,10.41,41.26,34.1,0
2551,9.54,42.77,34.79,0
2552,20.81,45.1,31.16,0
2553,16.38,43.99,34.51,0
2554,12.61,42.01,30.8,0
2555,16.84,40.84,34.38,0
2556,7.34,40.4,32.89,0
2557,15.27,44.97,32.48,0
2558,16.26,41.63,35.89,0
2559,18.06,42.65,33.76,0
2560,12.26,45.19,35.19,0
2561,15.58,40.86,35.27,0
2562,12.56,45.6,36.81,0
2563,16.12,43.05,31.86,0
2564,12.68,41.78,36.13,0
2565,14.16,43.21,34.34,0
2566,12.41,42.57,33.56,0
2567,17.37,44.39,32.04,0
2568,18.01,42.83,35.56,0
2569,14.75,41.01,32.52,0
2570,15.59,43.62,35.41,0
2571,11.15,41.99,38.25,0
2572,14.61,44.4,36.37,0
2573,15.38,42.39,37.21,0
2574,23.41,43.52,33.0,0
2575,12.24,44.6,35.98,0
2576,19.99,44.08,32.19,0
2577,18.61,44.85,34.03,0
2578,16.48,45.57,37.99,0
2579,20.93,42.89,33.31,0
2580,16.8,44.6,36.77,0
2581,16.87,39.78,36.59,0
2582,15.57,45.22,36.73,0
2583,19.42,44.47,32.07,0
2584,19.06,43.53,35.67,0
2585,13.92,45.55,34.33,0
2586,11.87,46.91,36.84,0
2587,15.24,44.51,31.37,0
2588,13.47,43.89,35.43,0
2589,15.71,45.63,35.17,0
2590,19.64,43.45,30.76,0
2591,14.58,44.54,32.99,0
2592,15.85,47.44,31.12,0
2593,16.18,45.78,33.35,0
2594,18.58,42.95,35.93,0
2595,9.32,43.15,35.24,0
2596,14.27,46.16,35.21,0
2597,16.75,47.29,32.82,0
2598,19.75,43.65,37.16,0
2599,14.7,46.83,34.9,0
2600,10.58,48.22,35.03,0
2601,18.1,49.14,36.87,0
2602,14.36,46.88,33.03,0
2603,12.73,47.22,35.49,0
2604,14.46,43.34,35.91,0
2605,15.81,49.77,34.0,0
2606,14.58,45.83,36.42,0
2607,9.81,45.37,36.09,0
2608,19.15,46.47,34.96,0
2609,20.31,49.2,34.93,0
2610,18.48,50.32,36.27,0
2611,13.14,47.28,36.82,0
2612,15.99,48.67,35.4,0
2613,16.6,47.31,37.54,0
2614,18.46,45.77,36.64,0
2615,18.7,49.62,31.78,0
2616,14.53,46.55,32.57,0
2617,17.01,49.87,37.78,0
2618,18.17,49.59,34.95,0
2619,21.2,48.64,35.8,0
2620,18.99,50.55,37.78,0
2621,19.28,51.23,35.52,0
2622,17.2,47.7,35.63,0
2623,21.22,46.83,33.85,0
2624,18.25,45.33,36.36,0
2625,14.48,51.57,36.82,0
2626,21.31,47.62,34.53,0
2627,19.23,50.07,33.87,0
2628,15.85,47.33,41.0,0
2629,15.78,50.83,35.59,0
2630,18.15,47.55,34.44,0
2631,18.69,46.9,37.25,0
2632,17.93,48.45,35.77,0
2633,18.32,48.05,33.73,0
2634,22.52,49.82,36.91,0
2635,20.68,48.93,34.27,0
2636,18.08,50.03,39.16,0
2637,20.37,48.74,37.03,0
2638,14.5,48.26,35.52,0
2639,18.83,48.46,36.33,0
2640,23.11,52.48,37.95,0
2641,17.07,49.84,36.55,0
2642,15.22,46.61,40.46,0
2643,15.86,48.88,38.52,0
2644,14.59,49.89,37.26,0
2645,15.55,52.6,34.45,0
2646,16.84,51.45,36.06,0
2647,13.78,48.61,37.35,0
2648,18.09,53.7,34.79,0
2649,20.79,50.11,39.06,0
2650,15.41,52.11,34.56,0
2651,22.74,48.59,35.27,0
2652,19.76,46.81,35.46,0
2653,21.37,48.38,38.11,0
2654,16.35,45.7,35.05,0
2655,20.93,53.82,33.1,0
2656,15.14,51.06,38.91,0
2657,21.14,49.43,35.89,0
2658,19.03,51.58,34.68,0
2659,20.23,51.27,35.34,0
2660,15.09,52.0,40.33,0
2661,15.98,52.97,35.62,0
2662,20.51,50.8,36.73,0
2663,15.92,50.0,36.12,0
2664,20.21,52.65,34.59,0
2665,14.77,52.7,35.61,0
2666,21.47,51.73,34.54,0
2667,15.28,54.93,39.09,0
2668,20.68,51.09,37.42,0
2669,20.96,50.48,42.23,0
2670,17.04,52.54,35.89,0
2671,20.93,50.99,35.63,0
2672,20.02,52.83,40.46,0
2673,17.68,50.92,39.55,0
2674,16.32,51.65,38.25,0
2675,13.51,55.17,35.29,0
2676,20.51,51.81,41.06,0
2677,14.82,51.31,37.47,0
2678,19.85,54.35,36.79,0
2679,18.83,51.1,39.98,0
2680,21.72,51.72,37.7,0
2681,18.83,53.71,35.46,0
2682,18.8,54.34,37.91,0
2683,22.04,54.85,36.32,0
2684,20.91,51.99,31.91,0
2685,20.91,54.09,36.21,0
2686,21.43,52.58,36.96,0
2687,15.47,52.46,35.75,0
2688,22.41,55.26,39.26,0
2689,22.03,52.71,36.6,0
2690,17.2,54.04,39.16,0
2691,19.58,53.94,35.78,0
2692,20.26,52.19,40.12,0
2693,20.03,55.33,35.79,0
2694,21.49,54.81,33.71,0
2695,24.85,51.08,40.92,0
2696,23.86,54.56,36.78,0
2697,16.74,53.07,42.05,0
2698,22.6,55.96,39.72,0
2699,24.78,52.24,40.22,0
2700,22.02,53.96,40.78,0
2701,24.19,55.12,38.96,0
2702,27.02,54.75,39.03,0
2703,24.12,55.9,41.4,0
2704,21.85,52.56,39.11,0
2705,24.31,57.41,37.48,0
2706,21.67,55.8,40.16,0
2707,21.37,57.14,34.81,0
2708,20.31,56.5,41.73,0
2709,26.11,55.26,41.82,0
2710,19.03,53.44,41.59,0
2711,26.15,54.61,41.56,0
2712,23.12,57.93,39.13,0
2713,17.48,57.71,39.13,0
2714,22.85,54.79,36.94,0
2715,15.51,51.58,42.95,0
2716,23.76,55.58,38.53,0
2717,24.6,55.55,40.24,0
2718,20.23,55.7,40.12,0
2719,22.45,56.95,36.98,0
2720,28.01,57.56,36.23,0
2721,20.69,57.82,39.78,0
2722,19.1,57.1,38.92,0
2723,26.79,53.82,39.7,0
2724,28.3,56.09,42.06,0
2725,22.49,60.15,40.44,0
2726,25.58,57.35,41.56,0
2727,26.64,57.43,40.99,0
2728,20.46,57.5,39.52,0
2729,21.3,57.68,38.2,0
2730,26.52,53.57,40.79,0
2731,27.95,56.87,40.48,0
2732,24.65,57.26,42.2,0
2733,20.39,59.33,40.13,0
2734,29.06,57.57,39.89,0
2735,21.58,55.12,40.08,0
2736,22.24,58.32,38.76,0
2737,24.34,56.56,43.55,0
2738,28.05,56.03,42.99,0
2739,26.02,56.7,38.34,0
2740,24.77,58.85,42.43,0
2741,24.99,60.02,37.19,0
2742,23.8,58.94,42.91,0
2743,25.42,59.26,39.6,0
2744,16.23,59.11,41.77,0
2745,23.0,58.64,37.25,0
2746,24.69,59.63,38.77,0
2747,20.58,55.04,42.16,0
2748,25.27,58.93,39.88,0
2749,23.57,57.29,39.66,0
2750,29.52,60.69,44.19,0
2751,29.05,58.81,45.88,0
2752,23.0,59.17,43.4,0
2753,24.02,56.96,39.4,0
2754,24.33,60.83,45.17,0
2755,23.27,60.34,38.58,0
2756,25.28,60.32,41.15,0
2757,22.5,58.36,41.93,0
2758,21.46,58.51,45.73,0
2759,26.79,60.1,43.76,0
2760,26.89,58.81,41.07,0
2761,22.66,60.6,40.17,0
2762,27.84,56.8,44.13,0
2763,23.33,59.4,41.12,0
2764,26.06,62.92,42.68,0
2765,27.84,60.97,39.56,0
2766,25.36,60.65,43.5,0
2767,26.9,63.47,43.4,0
2768,24.06,57.08,40.01,0
2769,25.1,59.46,44.61,0
2770,25.15,60.17,43.72,0
2771,23.6,62.15,44.15,0
2772,25.39,62.27,41.98,0
2773,21.35,59.75,43.16,0
2774,24.6,62.64,42.99,0
2775,25.3,60.63,42.63,0
2776,25.46,63.14,43.33,0
2777,25.59,59.87,45.56,0
2778,26.2,61.32,45.26,0
2779,27.91,60.86,40.81,0
2780,29.17,63.28,45.21,0
2781,24.68,61.0,45.68,0
2782,23.1,61.81,43.06,0
2783,23.66,62.73,44.45,0
2784,25.4,62.88,44.48,0
2785,25.89,63.48,41.86,0
2786,24.72,62.56,42.86,0
2787,23.22,61.71,45.19,0
2788,25.82,61.91,42.76,0
2789,27.81,62.56,45.76,0
2790,29.13,62.99,46.49,0
2791,25.75,62.49,46.23,0
2792,26.27,62.83,47.97,0
2793,24.81,60.62,43.89,0
2794,27.58,63.99,44.49,0
2795,25.21,63.35,44.84,0
2796,29.55,64.68,44.15,0
2797,22.56,63.27,45.42,0
2798,26.92,60.75,40.97,0
2799,28.98,62.92,44.87,0
2800,28.71,63.25,41.77,0
2801,36.32,64.76,42.67,0
2802,29.37,60.63,46.12,0
2803,25.39,63.89,44.33,0
2804,28.2,64.69,46.19,0
2805,23.24,63.02,44.42,0
2806,28.41,64.22,47.14,0
2807,26.24,63.26,44.51,0
2808,31.57,63.2,41.15,0
2809,27.25,63.78,45.57,0
2810,28.64,63.42,40.85,0
2811,27.16,65.6,42.35,0
2812,34.37,63.57,43.56,0
2813,28.27,63.41,43.37,0
2814,34.82,67.51,44.37,0
2815,31.85,66.39,43.44,0
2816,30.93,62.25,42.78,0
2817,30.68,63.99,48.74,0
2818,30.84,65.6,44.37,0
2819,23.96,65.81,41.33,0
2820,28.99,63.19,45.14,0
2821,32.44,67.25,43.68,0
2822,29.85,66.85,44.22,0
2823,25.86,66.43,47.48,0
2824,30.0,67.83,45.23,0
2825,35.36,66.57,43.89,0
2826,34.07,66.66,47.16,0
2827,30.23,68.42,48.63,0
2828,33.36,67.83,47.47,0
2829,29.49,65.01,41.56,0
2830,25.56,67.31,44.31,0
2831,27.98,65.46,46.7,0
2832,35.53,67.31,46.18,0
2833,30.11,67.36,46.09,0
2834,30.28,64.66,44.84,0
2835,30.2,66.65,44.07,0
2836,36.9,67.33,50.96,0
2837,36.15,66.37,47.07,0
2838,38.01,67.59,48.37,0
2839,30.96,68.42,47.17,0
2840,32.41,67.26,47.31,0
2841,27.06,67.74,47.17,0
2842,36.13,69.57,45.12,0
2843,28.28,68.3,44.4,0
2844,32.52,67.98,48.27,0
2845,28.67,66.34,47.94,0
2846,30.28,68.88,49.51,0
2847,29.62,68.46,49.17,0
2848,30.39,69.99,46.16,0
2849,30.69,68.23,50.11,0
2850,30.74,65.53,49.44,0
2851,34.98,65.8,49.36,0
2852,29.25,69.54,52.55,0
2853,33.31,67.68,52.21,0
2854,36.39,69.28,49.57,0
2855,31.28,68.9,49.39,0
2856,30.76,68.57,50.49,0
2857,32.3,68.77,47.23,0
2858,36.62,67.71,47.33,0
2859,33.75,69.08,49.88,0
2860,31.66,68.32,46.89,0
2861,34.8,68.73,49.86,0
2862,30.12,68.9,49.06,0
2863,35.56,69.14,47.1,0
2864,34.83,70.96,48.94,0
2865,32.77,69.48,51.56,0
2866,31.26,71.3,49.19,0
2867,31.21,72.17,49.27,0
2868,35.56,71.24,49.82,0
2869,37.73,70.85,50.15,0
2870,32.22,70.64,48.64,0
2871,35.59,71.54,50.07,0
2872,28.04,70.47,47.34,0
2873,32.64,71.91,47.91,0
2874,34.38,71.45,48.24,0
2875,31.83,70.08,50.59,0
2876,31.84,72.06,50.04,0
2877,32.73,70.95,49.52,0
2878,35.7,70.75,51.24,0
2879,34.35,70.29,50.69,0
2880,28.29,71.34,49.42,0
2881,28.73,72.68,48.0,0
2882,33.35,72.62,48.5,0
2883,36.63,71.91,47.28,0
2884,27.11,72.37,50.56,0
2885,33.94,73.48,48.62,0
2886,33.94,71.44,49.43,0
2887,39.78,70.09,50.23,0
2888,34.54,73.8,52.65,0
2889,36.93,71.15,52.49,0
2890,36.3,71.01,50.59,0
2891,29.57,69.44,53.3,0
2892,38.35,73.09,46.81,0
2893,36.78,69.9,54.66,0
2894,37.75,71.3,52.36,0
2895,48.09,73.4,51.25,0
2896,30.14,73.69,49.33,0
2897,41.66,71.73,50.31,0
2898,35.71,72.6,52.47,0
2899,37.52,71.59,52.59,0
2900,36.61,72.17,52.73,0
2901,35.56,73.48,50.01,0
2902,35.21,72.43,49.67,0
2903,37.99,72.91,51.99,0
2904,32.54,71.17,53.21,0
2905,39.43,75.16,51.75,0
2906,36.02,74.32,54.77,0
2907,33.96,74.84,51.95,0
2908,36.09,75.68,51.95,0
2909,41.3,72.61,53.36,0
2910,36.0,73.4,54.53,0
2911,38.77,71.19,49.46,0
2912,35.59,78.84,49.99,0
2913,40.14,74.0,51.67,0
2914,40.01,75.87,58.68,0
2915,43.59,72.55,51.91,0
2916,37.6,76.0,52.26,0
2917,40.22,77.39,53.81,0
2918,38.6,74.6,54.59,0
2919,42.27,73.27,53.05,0
2920,36.32,74.67,55.11,0
2921,40.79,71.64,50.46,0
2922,38.06,75.02,51.38,0
2923,38.54,76.4,55.31,0
2924,39.09,75.21,53.07,0
2925,39.66,74.93,50.6,0
2926,38.64,76.24,50.54,0
2927,39.72,76.45,51.64,0
2928,43.89,73.15,53.33,0
2929,42.2,75.87,54.33,0
2930,41.94,79.48,52.8,0
2931,38.05,73.92,54.3,0
2932,36.83,75.89,52.73,0
2933,42.45,79.02,56.12,0
2934,42.3,77.86,58.84,0
2935,44.17,75.53,53.02,0
2936,38.03,76.7,54.83,0
2937,39.23,76.48,54.74,0
2938,35.09,75.46,54.28,0
2939,38.91,76.56,55.38,0
2940,43.17,76.35,55.1,0
2941,38.86,77.03,53.27,0
2942,42.27,75.83,56.91,0
2943,39.86,75.13,54.75,0
2944,41.48,77.08,53.64,0
2945,37.15,79.81,59.36,0
2946,40.94,77.45,54.31,0
2947,31.79,76.93,55.12,0
2948,40.29,78.65,55.03,0
2949,36.04,77.37,54.48,0
2950,44.63,80.51,55.71,0
2951,43.43,77.79,53.19,0
2952,42.58,78.94,56.14,0
2953,45.83,76.85,51.49,0
2954,38.5,78.83,52.48,0
2955,46.67,78.59,58.79,0
2956,44.31,78.18,52.7,0
2957,40.88,77.61,51.36,0
2958,45.08,77.5,52.88,0
2959,38.44,78.97,58.89,0
2960,39.37,79.58,51.89,0
2961,40.1,78.54,53.63,0
2962,40.42,79.26,52.69,0
2963,38.92,78.86,55.12,0
2964,45.84,79.16,54.86,0
2965,41.47,78.81,54.84,0
2966,43.39,79.23,59.58,0
2967,40.7,83.34,53.53,0
2968,37.03,79.85,55.79,0
2969,43.38,80.45,56.74,0
2970,36.92,80.23,54.16,0
2971,42.53,79.27,57.16,0
2972,38.71,81.7,55.45,0
2973,48.86,79.41,57.06,0
2974,45.71,81.52,56.16,0
2975,43.37,79.53,52.34,0
2976,46.93,78.69,59.12,0
2977,40.68,80.77,60.71,0
2978,44.92,78.66,56.28,0
2979,43.97,81.21,54.9,0
2980,44.24,78.71,59.77,0
2981,47.35,80.11,60.61,0
2982,45.81,78.53,56.55,0
2983,44.56,85.01,56.51,0
2984,38.8,78.39,56.85,0
2985,40.97,80.97,53.73,0
2986,43.56,82.77,56.56,0
2987,44.28,82.7,60.63,0
2988,40.69,82.51,56.93,0
2989,51.39,80.85,55.25,0
2990,48.78,83.45,58.38,0
2991,46.12,82.88,56.12,0
2992,44.61,81.92,57.38,0
2993,43.83,82.05,55.04,0
2994,41.69,81.33,55.56,0
2995,44.85,80.51,59.17,0
2996,45.47,83.82,57.99,0
2997,41.05,84.03,56.27,0
2998,45.85,80.83,58.12,0
2999,44.46,82.01,56.73,0
3000,39.28,82.12,56.43,1
3001,42.49,82.38,60.39,1
3002,43.91,82.61,59.69,1
3003,50.89,84.03,58.14,1
3004,46.97,81.58,58.53,1
3005,41.37,81.52,58.28,1
3006,46.91,84.74,59.33,1
3007,40.88,82.28,56.82,1
3008,48.85,81.17,60.2,1
3009,44.26,82.43,59.24,1
3010,45.47,82.75,58.07,1
3011,49.8,85.67,57.68,1
3012,42.03,84.81,60.4,1
3013,41.77,85.24,58.47,1
3014,44.29,84.84,57.43,1
3015,49.23,85.12,58.12,1
3016,41.63,82.76,60.49,1
3017,37.76,83.58,55.78,1
3018,44.97,82.48,58.35,1
3019,48.06,83.74,61.26,1
3020,50.07,85.18,58.84,1
3021,45.15,84.44,59.78,1
3022,45.38,86.3,61.46,1
3023,50.15,82.71,61.13,1
3024,41.15,85.26,58.52,1
3025,45.66,82.73,59.2,1
3026,47.47,84.83,61.33,1
3027,48.31,85.89,61.45,1
3028,45.51,84.55,59.45,1
3029,47.21,85.78,59.58,1
3030,39.71,83.61,60.28,1
3031,45.27,82.64,62.53,1
3032,48.67,86.06,61.99,1
3033,44.43,87.93,61.29,1
3034,47.63,83.91,57.8,1
3035,48.86,87.33,59.47,1
3036,46.56,85.65,59.62,1
3037,48.17,83.67,62.96,1
3038,44.83,84.06,59.7,1
3039,47.17,85.87,62.74,1
3040,49.69,85.33,59.14,1
3041,48.39,84.06,59.36,1
3042,46.23,83.57,61.35,1
3043,48.73,84.93,63.58,1
3044,50.27,86.58,60.07,1
3045,42.04,86.37,55.42,1
3046,51.73,85.72,57.47,1
3047,47.31,86.86,61.25,1
3048,49.66,88.21,57.76,1
3049,52.04,87.32,59.03,1
3050,44.4,86.64,60.83,1
3051,46.45,88.3,55.96,1
3052,47.77,85.56,60.15,1
3053,46.35,86.75,58.63,1
3054,53.97,86.87,58.02,1
3055,46.26,85.41,59.46,1
3056,47.23,86.72,58.98,1
3057,49.57,84.32,62.1,1
3058,45.41,90.39,63.61,1
3059,47.89,86.2,60.54,1
3060,50.09,90.08,60.12,1
3061,48.21,87.84,60.53,1
3062,48.98,88.72,59.2,1
3063,47.74,87.23,58.88,1
3064,44.84,88.36,58.22,1
3065,50.41,89.11,58.9,1
3066,54.77,89.22,64.87,1
3067,49.62,89.47,60.27,1
3068,50.3,87.84,55.82,1
3069,51.76,87.76,60.58,1
3070,45.94,86.17,58.62,1
3071,54.91,89.44,61.96,1
3072,50.47,90.36,61.79,1
3073,54.82,91.25,62.05,1
3074,47.78,89.37,61.9,1
3075,55.49,87.85,61.28,1
3076,52.42,86.54,59.16,1
3077,51.81,90.73,61.97,1
3078,50.91,86.56,64.2,1
3079,49.52,88.83,65.84,1
3080,53.92,89.09,61.78,1
3081,50.8,89.41,62.04,1
3082,44.53,89.65,63.35,1
3083,47.14,89.89,65.38,1
3084,49.99,86.14,61.46,1
3085,51.53,89.87,63.86,1
3086,50.48,86.59,60.88,1
3087,54.36,91.12,63.22,1
3088,44.91,89.27,64.55,1
3089,51.24,86.95,60.07,1
3090,45.41,89.05,61.64,1
3091,53.2,89.5,64.65,1
3092,50.69,92.23,64.01,1
3093,52.28,90.82,64.89,1
3094,48.49,91.13,64.56,1
3095,54.97,92.47,62.22,1
3096,54.31,90.64,67.34,1
3097,52.98,92.0,63.26,1
3098,50.89,91.97,56.91,1
3099,53.07,89.1,62.5,1
3100,49.26,93.33,62.17,1
3101,54.0,89.07,64.74,1
3102,56.43,92.66,62.28,1
3103,54.74,89.09,65.42,1
3104,49.39,92.35,64.38,1
3105,52.71,94.33,61.3,1
3106,47.8,91.3,63.06,1
3107,53.44,91.32,61.83,1
3108,53.13,92.7,63.79,1
3109,46.21,91.37,61.89,1
3110,48.38,94.68,63.64,1
3111,51.07,92.32,62.99,1
3112,51.06,91.63,63.26,1
3113,48.38,91.39,67.71,1
3114,53.22,90.88,62.92,1
3115,52.85,91.42,59.81,1
3116,51.56,91.92,65.75,1
3117,49.92,91.79,65.77,1
3118,55.38,91.62,59.83,1
3119,57.24,95.84,62.42,1
3120,50.87,91.23,64.73,1
3121,50.53,93.07,64.94,1
3122,53.88,93.82,63.92,1
3123,51.38,93.96,64.0,1
3124,52.07,93.01,62.12,1
3125,54.75,92.82,59.23,1
3126,46.85,93.94,68.16,1
3127,56.57,93.74,62.16,1
3128,52.88,93.03,64.48,1
3129,51.47,91.16,63.84,1
3130,52.47,92.88,65.99,1
3131,52.67,91.94,64.45,1
3132,47.63,92.74,64.56,1
3133,57.34,93.88,59.02,1
3134,53.02,94.44,62.65,1
3135,54.27,96.66,65.84,1
3136,55.83,93.26,65.69,1
3137,49.95,95.31,62.51,1
3138,54.47,94.69,61.29,1
3139,52.29,96.25,64.72,1
3140,55.67,95.25,58.69,1
3141,46.78,92.95,62.23,1
3142,52.9,91.96,68.08,1
3143,51.43,95.09,67.48,1
3144,54.57,93.91,65.59,1
3145,54.72,93.31,65.26,1
3146,51.22,92.96,60.77,1
3147,51.24,95.18,63.22,1
3148,53.08,97.28,64.14,1
3149,50.75,94.49,63.32,1
3150,56.0,96.06,64.08,1
3151,52.4,95.1,67.41,1
3152,44.82,93.4,63.75,1
3153,52.45,96.52,64.18,1
3154,50.49,93.85,66.37,1
3155,48.75,95.6,62.07,1
3156,49.96,95.14,63.26,1
3157,54.03,97.07,63.49,1
3158,57.72,94.22,65.1,1
3159,54.7,96.47,64.32,1
3160,51.97,94.7,64.41,1
3161,55.19,95.27,63.73,1
3162,52.48,90.66,62.94,1
3163,51.8,99.33,66.32,1
3164,50.45,97.1,64.45,1
3165,48.68,95.2,66.39,1
3166,52.8,94.74,62.95,1
3167,54.47,95.76,63.86,1
3168,53.73,97.65,64.77,1
3169,52.8,93.82,64.98,1
3170,51.24,96.52,66.77,1
3171,55.93,99.46,64.42,1
3172,50.17,95.18,66.79,1
3173,56.48,97.08,66.07,1
3174,51.17,100.0,65.13,1
3175,51.94,98.06,63.46,1
3176,49.82,97.38,66.89,1
3177,52.74,98.02,63.55,1
3178,57.2,96.74,65.38,1
3179,55.84,99.36,65.33,1
3180,57.25,96.89,65.04,1
3181,55.91,94.63,64.69,1
3182,51.05,97.05,63.85,1
3183,53.39,96.27,62.27,1
3184,52.07,97.37,68.33,1
3185,58.42,97.48,64.56,1
3186,50.86,99.74,65.3,1
3187,57.15,99.06,65.31,1
3188,57.17,98.49,67.78,1
3189,60.0,98.16,69.47,1
3190,53.3,96.65,65.94,1
3191,56.68,95.04,65.32,1
3192,61.41,98.56,63.4,1
3193,52.73,99.65,62.78,1
3194,49.99,98.37,62.13,1
3195,48.98,97.81,64.1,1
3196,56.77,99.38,61.52,1
3197,49.0,98.63,67.88,1
3198,53.55,100.0,66.58,1
3199,55.99,100.0,65.24,1
3200,55.25,52.35,67.98,0
3201,55.99,52.05,63.63,0
3202,55.39,48.98,64.14,0
3203,58.58,51.92,61.92,0
3204,51.9,51.49,67.35,0
3205,52.74,51.84,64.19,0
3206,52.46,51.67,65.86,0
3207,57.28,51.62,67.84,0
3208,57.51,54.99,68.59,0
3209,56.17,50.83,65.8,0
3210,58.38,52.35,66.63,0
3211,51.31,50.25,64.06,0
3212,59.85,52.14,69.25,0
3213,59.43,52.37,65.56,0
3214,57.08,51.51,66.06,0
3215,60.23,53.47,65.09,0
3216,49.92,49.64,68.31,0
3217,53.33,50.24,66.32,0
3218,52.7,51.29,67.45,0
3219,57.08,52.3,66.64,0
3220,51.77,51.25,65.5,0
3221,57.2,52.91,67.8,0
3222,59.05,49.99,66.64,0
3223,57.03,49.27,64.03,0
3224,55.8,51.45,63.98,0
3225,51.99,50.87,66.26,0
3226,52.42,51.8,67.79,0
3227,58.72,50.95,69.25,0
3228,57.31,50.48,62.42,0
3229,54.86,50.88,66.03,0
3230,53.73,51.04,66.96,0
3231,48.91,50.54,66.58,0
3232,51.78,50.69,68.01,0
3233,60.72,50.39,67.3,0
3234,51.15,52.28,64.02,0
3235,55.56,51.29,63.97,0
3236,58.02,54.38,66.62,0
3237,51.23,51.24,67.98,0
3238,55.55,50.17,66.29,0
3239,57.81,55.01,62.84,0
3240,55.04,51.62,63.91,0
3241,63.61,52.49,67.38,0
3242,49.99,51.89,65.3,0
3243,58.17,51.93,66.23,0
3244,54.48,51.8,68.13,0
3245,57.31,49.35,63.59,0
3246,56.32,51.55,65.17,0
3247,52.79,49.01,64.95,0
3248,55.67,50.73,66.7,0
3249,49.41,49.91,67.53,0
3250,56.79,51.53,63.02,0
3251,55.87,51.49,65.97,0
3252,56.89,51.71,67.72,0
3253,58.14,51.42,62.26,0
3254,56.07,50.08,65.84,0
3255,55.4,50.6,63.53,0
3256,52.31,52.37,64.68,0
3257,52.81,52.59,60.95,0
3258,58.5,49.26,68.74,0
3259,59.24,48.68,65.23,0
3260,54.21,49.89,64.32,0
3261,55.05,52.54,66.59,0
3262,52.19,52.79,63.84,0
3263,58.42,49.58,63.65,0
3264,56.89,51.43,68.93,0
3265,60.7,53.72,69.52,0
3266,52.24,51.58,64.71,0
3267,53.73,53.09,68.02,0
3268,55.55,52.45,66.59,0
3269,56.78,49.59,63.04,0
3270,54.18,50.66,64.01,0
3271,52.2,51.0,68.96,0
3272,57.45,51.1,62.99,0
3273,56.96,52.31,70.4,0
3274,52.03,51.55,64.68,0
3275,58.83,46.53,68.98,0
3276,58.26,48.96,65.19,0
3277,55.14,47.64,67.39,0
3278,54.96,51.18,68.57,0
3279,56.37,51.27,68.55,0
3280,52.11,51.33,64.59,0
3281,54.77,49.47,64.03,0
3282,48.21,51.91,65.57,0
3283,57.28,51.97,63.12,0
3284,49.95,49.01,66.18,0
3285,59.13,48.69,64.05,0
3286,53.61,50.88,67.84,0
3287,53.95,53.56,64.52,0
3288,52.68,53.42,62.17,0
3289,53.68,51.71,68.44,0
3290,58.78,49.76,65.99,0
3291,47.04,52.18,65.66,0
3292,58.32,50.17,67.78,0
3293,55.48,49.69,67.32,0
3294,50.83,47.62,64.03,0
3295,51.2,50.98,64.64,0
3296,59.44,49.88,63.3,0
3297,51.55,50.96,62.58,0
3298,50.9,47.36,66.65,0
3299,57.75,51.06,66.26,0
3300,55.33,47.15,66.98,0
3301,51.48,52.42,68.0,0
3302,54.92,51.56,66.97,0
3303,51.17,50.36,67.13,0
3304,57.53,51.61,61.22,0
3305,57.39,49.29,64.75,0
3306,55.77,50.86,67.27,0
3307,55.24,51.94,62.98,0
3308,59.41,46.1,65.48,0
3309,54.1,50.06,66.32,0
3310,50.53,50.69,66.15,0
3311,55.4,50.42,65.98,0
3312,60.28,52.89,66.41,0
3313,50.95,49.01,65.56,0
3314,52.88,49.76,62.25,0
3315,55.19,47.81,66.16,0
3316,53.75,52.94,65.7,0
3317,50.93,50.3,62.21,0
3318,57.22,50.0,67.84,0
3319,60.78,50.57,66.13,0
3320,54.38,51.59,62.27,0
3321,51.05,51.15,63.38,0
3322,49.09,54.59,63.86,0
3323,54.48,51.29,63.83,0
3324,56.98,49.9,65.52,0
3325,55.07,49.75,62.96,0
3326,53.6,49.99,67.14,0
3327,51.81,48.32,66.95,0
3328,50.27,50.62,66.07,0
3329,56.02,51.73,64.9,0
3330,56.22,49.62,66.66,0
3331,48.81,49.32,64.2,0
3332,58.18,52.8,63.28,0
3333,55.1,48.37,67.08,0
3334,57.54,47.4,65.31,0
3335,49.28,48.76,63.28,0
3336,49.17,48.17,63.78,0
3337,52.79,51.05,63.12,0
3338,54.71,49.92,68.6,0
3339,58.55,50.12,64.54,0
3340,55.24,52.17,64.82,0
3341,52.36,49.39,65.91,0
3342,49.97,51.58,62.01,0
3343,56.7,52.67,66.6,0
3344,50.08,49.71,63.17,0
3345,57.82,51.49,68.01,0
3346,52.05,50.01,63.69,0
3347,57.63,51.74,66.36,0
3348,54.86,47.99,59.26,0
3349,52.37,47.87,61.87,0
3350,51.18,49.74,63.6,0
3351,51.68,48.98,60.1,0
3352,53.94,49.52,65.33,0
3353,52.85,49.96,64.72,0
3354,50.79,51.35,62.08,0
3355,52.04,49.65,64.0,0
3356,52.73,49.01,65.61,0
3357,46.06,49.71,59.75,0
3358,53.78,49.07,61.38,0
3359,49.42,48.81,63.22,0
3360,48.86,47.78,63.9,0
3361,47.21,50.29,63.7,0
3362,46.85,49.32,65.56,0
3363,48.12,51.61,64.7,0
3364,50.02,47.97,65.11,0
3365,57.96,49.32,60.9,0
3366,50.48,52.84,63.93,0
3367,52.54,48.69,62.99,0
3368,53.16,49.73,66.49,0
3369,52.31,48.25,63.88,0
3370,51.64,48.04,62.16,0
3371,48.23,52.37,65.16,0
3372,56.13,50.29,64.55,0
3373,57.15,50.22,61.74,0
3374,46.63,47.46,62.65,0
3375,48.56,50.53,62.64,0
3376,50.74,51.71,65.72,0
3377,48.64,51.68,63.63,0
3378,53.0,50.95,64.64,0
3379,49.25,48.24,62.16,0
3380,57.88,50.38,63.78,0
3381,54.9,50.9,65.67,0
3382,51.92,47.19,62.3,0
3383,54.31,48.19,63.22,0
3384,54.5,51.19,60.22,0
3385,49.44,51.15,61.37,0
3386,48.63,47.5,62.19,0
3387,51.26,51.0,60.7,0
3388,53.56,49.93,65.42,0
3389,51.34,50.95,61.06,0
3390,46.14,48.81,64.27,0
3391,48.41,50.71,63.02,0
3392,50.54,50.99,62.67,0
3393,50.48,49.18,65.54,0
3394,56.57,49.72,58.0,0
3395,46.44,48.71,62.09,0
3396,52.06,52.14,60.27,0
3397,54.96,49.47,58.47,0
3398,57.25,48.25,59.96,0
3399,49.16,48.54,62.34,0
3400,51.8,49.79,60.81,0
3401,51.97,50.71,64.0,0
3402,50.79,47.56,61.74,0
3403,49.85,52.32,61.47,0
3404,51.4,49.99,61.43,0
3405,42.44,50.21,61.83,0
3406,52.03,49.35,61.15,0
3407,50.3,49.51,60.23,0
3408,49.2,49.24,63.87,0
3409,55.94,50.97,60.6,0
3410,47.72,49.41,61.03,0
3411,48.48,50.56,62.61,0
3412,55.6,48.74,62.34,0
3413,47.07,49.66,59.87,0
3414,47.86,48.15,63.12,0
3415,49.01,51.16,62.63,0
3416,51.91,48.07,61.87,0
3417,49.95,48.81,60.6,0
3418,45.39,48.81,60.6,0
3419,47.61,48.73,60.96,0
3420,47.32,50.33,58.85,0
3421,48.85,48.75,61.19,0
3422,50.3,51.3,63.0,0
3423,50.21,47.96,62.92,0
3424,43.57,49.42,60.35,0
3425,52.02,47.99,63.19,0
3426,49.52,49.76,64.83,0
3427,52.86,49.09,60.33,0
3428,49.97,48.86,62.3,0
3429,51.88,50.86,56.34,0
3430,49.91,48.07,58.29,0
3431,52.49,49.91,60.94,0
3432,49.95,47.86,58.69,0
3433,48.02,49.16,64.73,0
3434,55.07,47.18,61.8,0
3435,50.85,47.96,62.48,0
3436,49.84,48.81,60.44,0
3437,44.23,51.64,58.44,0
3438,44.12,49.05,59.35,0
3439,48.8,51.36,60.85,0
3440,48.29,49.19,59.01,0
3441,45.95,48.26,61.57,0
3442,48.14,51.13,61.6,0
3443,52.42,49.45,60.13,0
3444,49.67,47.81,56.42,0
3445,44.1,49.46,63.44,0
3446,47.12,48.3,59.53,0
3447,44.97,45.73,65.32,0
3448,46.15,50.1,61.16,0
3449,46.0,50.32,59.38,0
3450,45.74,51.41,60.64,0
3451,43.34,49.26,55.65,0
3452,46.65,48.24,61.68,0
3453,45.28,49.84,64.71,0
3454,38.11,49.84,55.34,0
3455,52.99,51.01,58.89,0
3456,50.02,48.46,59.19,0
3457,45.56,48.26,61.1,0
3458,46.67,47.41,63.5,0
3459,43.03,49.27,60.0,0
3460,51.56,46.12,63.46,0
3461,52.09,49.58,59.46,0
3462,46.8,49.28,59.97,0
3463,49.33,49.25,59.66,0
3464,46.71,48.56,61.39,0
3465,42.1,50.63,58.04,0
3466,44.8,49.62,60.47,0
3467,46.36,47.38,56.31,0
3468,44.53,47.38,58.15,0
3469,45.16,46.93,57.38,0
3470,45.47,49.05,58.77,0
3471,45.43,46.7,57.91,0
3472,45.76,49.8,60.74,0
3473,42.34,50.14,56.66,0
3474,43.3,46.82,54.9,0
3475,41.52,47.83,55.59,0
3476,48.23,48.12,60.23,0
3477,38.91,49.39,56.24,0
3478,48.61,50.46,58.92,0
3479,49.23,45.49,57.47,0
3480,44.09,47.52,59.65,0
3481,37.11,47.58,57.48,0
3482,43.76,45.85,63.41,0
3483,44.58,47.2,61.61,0
3484,41.66,48.55,57.13,0
3485,43.07,47.47,56.79,0
3486,49.13,45.55,63.9,0
3487,46.46,52.15,55.42,0
3488,41.62,48.22,57.4,0
3489,39.52,47.96,57.49,0
3490,43.25,46.12,57.38,0
3491,43.52,48.14,53.85,0
3492,45.57,47.48,58.26,0
3493,42.4,44.87,55.26,0
3494,45.46,46.07,60.01,0
3495,49.65,48.85,54.16,0
3496,46.21,50.55,57.13,0
3497,43.54,48.16,52.52,0
3498,43.06,49.24,52.58,0
3499,42.46,47.33,55.15,0
3500,46.99,47.41,55.37,0
3501,41.49,49.15,59.63,0
3502,43.43,49.98,56.55,0
3503,43.37,49.42,59.16,0
3504,41.63,45.84,55.75,0
3505,38.94,47.32,57.66,0
3506,43.94,47.81,54.93,0
3507,42.71,46.98,54.73,0
3508,44.32,47.93,52.61,0
3509,41.13,48.55,56.86,0
3510,46.32,48.8,56.65,0
3511,39.94,49.8,57.61,0
3512,47.63,46.75,56.42,0
3513,37.17,45.18,59.98,0
3514,43.63,47.74,56.22,0
3515,43.68,50.0,57.78,0
3516,39.78,46.43,55.09,0
3517,43.36,48.16,53.85,0
3518,45.84,48.14,57.04,0
3519,35.27,47.36,55.36,0
3520,43.35,47.06,57.14,0
3521,34.28,45.64,56.11,0
3522,38.78,43.58,53.75,0
3523,46.48,45.31,57.42,0
3524,39.77,46.37,53.47,0
3525,37.91,48.57,56.39,0
3526,40.75,46.75,57.64,0
3527,47.47,46.1,54.24,0
3528,35.69,45.52,57.26,0
3529,37.94,47.81,55.67,0
3530,45.51,48.84,56.52,0
3531,46.5,48.37,53.07,0
3532,40.54,47.66,55.11,0
3533,37.05,44.52,51.79,0
3534,46.97,46.18,57.97,0
3535,45.38,49.6,50.45,0
3536,42.55,48.34,53.7,0
3537,37.99,44.32,52.48,0
3538,40.2,46.52,55.63,0
3539,39.78,47.12,58.06,0
3540,41.17,45.41,55.45,0
3541,44.45,43.06,60.0,0
3542,42.65,46.65,51.25,0
3543,36.69,45.3,51.34,0
3544,43.97,45.28,52.08,0
3545,40.69,45.89,54.05,0
3546,41.73,46.2,51.68,0
3547,43.98,46.36,52.16,0
3548,36.16,45.02,54.84,0
3549,39.31,45.99,51.05,0
3550,37.73,43.66,51.2,0
3551,34.54,46.74,52.6,0
3552,40.2,41.96,52.72,0
3553,46.61,45.79,55.28,0
3554,33.47,47.57,51.39,0
3555,38.8,44.58,51.68,0
3556,40.74,47.22,54.22,0
3557,39.1,47.85,54.59,0
3558,38.31,41.13,55.77,0
3559,34.66,45.84,53.79,0
3560,39.17,41.73,53.04,0
3561,36.12,45.84,53.86,0
3562,31.73,45.98,52.11,0
3563,41.8,42.24,52.02,0
3564,41.0,48.83,48.95,0
3565,38.2,46.34,54.22,0
3566,38.64,44.61,52.79,0
3567,41.09,48.06,53.85,0
3568,38.46,43.14,46.6,0
3569,40.41,43.97,52.06,0
3570,36.72,42.33,50.38,0
3571,41.46,48.46,55.02,0
3572,38.4,46.23,53.18,0
3573,37.93,46.69,52.35,0
3574,33.45,46.13,50.95,0
3575,38.04,46.51,52.54,0
3576,34.59,45.74,49.82,0
3577,35.09,46.01,51.4,0
3578,34.47,45.74,50.38,0
3579,33.63,44.64,56.0,0
3580,43.12,45.45,54.33,0
3581,40.65,45.91,53.45,0
3582,42.33,45.64,48.27,0
3583,32.81,43.23,52.91,0
3584,36.61,43.4,51.49,0
3585,32.43,47.02,53.49,0
3586,34.13,44.91,51.62,0
3587,33.38,46.22,50.89,0
3588,39.77,43.68,51.3,0
3589,34.77,43.08,47.16,0
3590,39.08,44.0,49.16,0
3591,37.6,44.9,51.37,0
3592,42.61,44.21,52.84,0
3593,31.17,47.12,49.39,0
3594,39.3,45.43,50.34,0
3595,38.88,47.9,47.15,0
3596,32.43,45.71,53.2,0
3597,38.28,41.46,52.44,0
3598,36.18,46.64,51.44,0
3599,34.4,42.76,50.88,0
3600,32.53,45.35,53.11,0
3601,32.76,43.81,48.32,0
3602,40.97,48.16,48.03,0
3603,34.74,47.08,51.91,0
3604,37.0,43.78,51.71,0
3605,32.19,44.68,47.26,0
3606,32.14,45.21,48.52,0
3607,37.64,46.11,52.89,0
3608,30.25,44.83,50.26,0
3609,32.97,43.23,50.95,0
3610,34.23,43.66,46.98,0
3611,34.37,44.71,50.55,0
3612,33.42,46.54,46.32,0
3613,35.05,45.3,45.13,0
3614,35.86,43.47,50.48,0
3615,35.9,45.58,51.82,0
3616,30.65,44.0,48.38,0
3617,32.67,45.89,47.72,0
3618,37.02,48.32,52.17,0
3619,36.03,43.96,48.29,0
3620,29.14,45.68,48.47,0
3621,34.22,43.33,51.92,0
3622,27.15,44.26,47.76,0
3623,33.14,44.44,47.09,0
3624,38.6,44.08,49.96,0
3625,29.98,48.04,46.83,0
3626,30.23,43.86,47.9,0
3627,34.94,45.18,45.48,0
3628,27.93,41.37,48.42,0
3629,30.58,44.89,48.12,0
3630,34.18,45.93,49.85,0
3631,30.4,43.4,49.56,0
3632,31.51,40.4,48.88,0
3633,34.36,44.08,48.49,0
3634,33.31,44.14,47.49,0
3635,32.76,45.17,48.79,0
3636,30.85,47.08,45.27,0
3637,32.9,43.47,42.73,0
3638,31.33,42.73,49.68,0
3639,32.99,42.23,48.64,0
3640,30.04,44.26,46.97,0
3641,30.89,44.65,49.3,0
3642,28.39,43.09,45.62,0
3643,31.16,45.05,45.6,0
3644,28.75,44.55,45.26,0
3645,27.76,43.89,48.01,0
3646,31.79,42.45,43.64,0
3647,31.57,43.06,45.21,0
3648,33.19,40.11,47.25,0
3649,29.46,44.08,44.2,0
3650,31.9,43.74,45.22,0
3651,32.24,43.96,42.05,0
3652,31.84,44.41,47.61,0
3653,27.94,44.2,44.96,0
3654,30.78,43.43,44.07,0
3655,31.34,43.65,43.61,0
3656,30.18,41.44,45.29,0
3657,23.82,42.65,42.9,0
3658,30.47,43.57,49.88,0
3659,36.55,42.37,41.16,0
3660,28.74,44.74,44.96,0
3661,27.56,42.43,46.01,0
3662,30.78,43.72,44.17,0
3663,30.51,43.55,46.08,0
3664,33.07,44.47,43.99,0
3665,25.63,44.67,48.58,0
3666,31.51,44.34,43.22,0
3667,31.01,40.11,40.69,0
3668,28.73,45.04,42.73,0
3669,30.09,45.51,46.03,0
3670,32.07,42.47,44.95,0
3671,31.52,43.53,46.63,0
3672,25.39,41.81,46.06,0
3673,31.2,40.2,43.72,0
3674,28.46,41.99,43.94,0
3675,28.79,42.26,44.09,0
3676,28.71,42.51,48.56,0
3677,27.96,41.58,46.11,0
3678,31.9,41.9,48.44,0
3679,27.99,42.96,46.27,0
3680,24.8,41.79,44.4,0
3681,26.9,43.74,42.42,0
3682,28.53,43.92,44.8,0
3683,31.6,46.44,44.21,0
3684,29.64,44.54,44.08,0
3685,25.2,43.19,43.78,0
3686,35.13,41.87,40.03,0
3687,28.38,43.22,46.59,0
3688,31.33,43.24,43.91,0
3689,26.97,41.96,41.11,0
3690,28.95,43.88,44.84,0
3691,29.78,40.58,42.1,0
3692,30.84,42.29,44.87,0
3693,30.28,43.47,45.45,0
3694,29.64,42.18,45.66,0
3695,26.0,42.27,43.23,0
3696,25.15,42.35,42.66,0
3697,27.78,41.28,42.18,0
3698,29.51,44.27,41.92,0
3699,25.96,40.96,43.27,0
3700,29.74,42.94,42.82,0
3701,30.83,43.06,41.52,0
3702,23.64,40.99,40.82,0
3703,23.8,42.5,42.83,0
3704,25.81,41.01,42.12,0
3705,27.08,44.43,40.64,0
3706,24.5,40.61,44.52,0
3707,30.05,41.32,46.34,0
3708,27.19,40.44,44.66,0
3709,25.96,40.22,41.23,0
3710,21.46,44.62,42.51,0
3711,21.74,43.02,45.63,0
3712,26.45,42.39,40.14,0
3713,19.14,41.18,43.99,0
3714,28.49,43.5,39.47,0
3715,24.91,40.88,45.67,0
3716,35.03,43.28,41.38,0
3717,32.15,40.76,46.64,0
3718,24.61,41.08,45.58,0
3719,24.76,43.16,41.85,0
3720,27.99,43.3,40.56,0
3721,30.03,42.87,42.33,0
3722,19.94,40.38,41.52,0
3723,19.42,41.26,41.02,0
3724,22.83,42.15,38.44,0
3725,26.37,40.61,40.67,0
3726,26.04,43.92,39.42,0
3727,27.69,38.24,42.68,0
3728,20.8,40.65,43.5,0
3729,17.38,41.03,42.94,0
3730,26.83,37.51,42.09,0
3731,21.7,39.66,39.64,0
3732,18.05,42.67,41.7,0
3733,24.47,41.76,42.81,0
3734,26.34,44.05,40.0,0
3735,23.52,43.98,41.35,0
3736,22.44,42.29,40.76,0
3737,23.27,42.09,44.32,0
3738,22.56,41.7,42.64,0
3739,19.56,37.6,42.1,0
3740,21.38,39.47,37.39,0
3741,25.02,41.69,41.11,0
3742,24.35,42.44,40.4,0
3743,23.82,41.93,40.32,0
3744,20.26,40.13,37.47,0
3745,22.63,42.86,38.36,0
3746,16.57,43.65,40.35,0
3747,23.57,42.82,42.66,0
3748,27.25,42.87,39.19,0
3749,18.47,40.53,39.52,0
3750,21.07,42.96,43.82,0
3751,23.74,41.55,39.61,0
3752,26.45,42.07,39.89,0
3753,21.27,41.83,39.86,0
3754,20.47,41.08,37.35,0
3755,16.57,39.95,41.13,0
3756,22.72,41.1,38.63,0
3757,28.47,42.68,39.82,0
3758,23.11,40.52,40.71,0
3759,22.14,42.5,43.65,0
3760,23.11,42.25,37.08,0
3761,22.04,40.67,41.39,0
3762,19.57,43.19,41.35,0
3763,24.41,40.55,38.28,0
3764,22.56,43.33,40.7,0
3765,21.87,41.7,42.74,0
3766,18.82,41.0,37.87,0
3767,25.59,39.67,39.83,0
3768,23.61,40.85,40.1,0
3769,19.89,40.66,40.31,0
3770,24.49,39.06,40.73,0
3771,19.93,40.6,39.47,0
3772,19.01,39.7,40.11,0
3773,19.02,41.77,37.21,0
3774,15.92,42.83,39.31,0
3775,22.58,39.01,37.98,0
3776,15.61,43.4,36.43,0
3777,17.36,40.62,37.82,0
3778,14.76,39.33,39.32,0
3779,20.66,41.91,39.61,0
3780,20.41,40.09,36.15,0
3781,19.82,40.62,36.76,0
3782,17.61,40.11,40.04,0
3783,17.16,39.48,39.56,0
3784,22.01,41.77,40.26,0
3785,18.9,40.24,41.18,0
3786,21.44,38.49,39.47,0
3787,17.78,41.46,37.52,0
3788,20.92,38.8,38.53,0
3789,24.22,38.86,41.57,0
3790,22.01,42.37,43.73,0
3791,18.96,38.76,39.08,0
3792,20.91,37.07,39.18,0
3793,19.36,41.46,39.51,0
3794,20.04,40.05,38.06,0
3795,18.99,40.16,40.3,0
3796,19.41,40.0,39.94,0
3797,20.48,40.8,38.59,0
3798,16.81,39.31,37.2,0
3799,16.69,42.63,34.75,0
3800,15.51,38.19,39.21,0
3801,14.82,41.05,38.12,0
3802,15.92,41.33,36.18,0
3803,19.99,39.21,35.35,0
3804,16.78,38.8,38.89,0
3805,20.94,41.85,34.32,0
3806,19.45,38.82,38.08,0
3807,13.39,39.38,39.12,0
3808,21.2,41.6,38.49,0
3809,21.62,40.31,36.57,0
3810,16.15,37.54,34.81,0
3811,20.34,42.84,38.44,0
3812,16.46,39.41,39.62,0
3813,19.27,39.59,36.03,0
3814,15.13,40.56,38.15,0
3815,13.49,41.1,40.26,0
3816,17.67,43.09,37.73,0
3817,18.4,37.64,36.22,0
3818,17.52,41.35,39.06,0
3819,15.12,41.21,35.46,0
3820,17.42,39.88,34.3,0
3821,19.37,41.25,38.48,0
3822,18.38,41.46,36.0,0
3823,19.02,37.97,36.14,0
3824,16.41,42.65,35.48,0
3825,21.89,37.67,35.75,0
3826,14.79,38.29,39.46,0
3827,19.74,39.59,39.94,0
3828,21.77,42.86,40.17,0
3829,19.62,39.49,38.72,0
3830,17.52,39.89,37.44,0
3831,16.5,42.07,33.6,0
3832,21.15,39.46,36.06,0
3833,13.72,38.13,40.71,0
3834,15.04,39.26,35.49,0
3835,16.71,41.93,39.35,0
3836,21.57,39.96,36.4,0
3837,18.95,42.74,30.89,0
3838,14.86,40.94,37.49,0
3839,16.79,38.85,38.71,0
3840,15.84,39.88,36.05,0
3841,15.51,38.51,38.57,0
3842,20.53,38.78,32.74,0
3843,13.43,46.48,33.27,0
3844,22.33,41.28,36.42,0
3845,19.95,41.03,36.93,0
3846,20.7,38.79,38.65,0
3847,15.99,42.07,37.18,0
3848,16.89,41.35,33.49,0
3849,13.0,42.51,36.27,0
3850,15.69,42.43,37.01,0
3851,18.7,37.45,32.03,0
3852,21.07,37.99,35.66,0
3853,13.82,38.14,35.04,0
3854,16.0,38.21,34.37,0
3855,16.61,40.1,36.65,0
3856,12.84,38.76,33.32,0
3857,18.76,42.7,36.42,0
3858,14.78,42.44,36.68,0
3859,16.32,39.56,37.7,0
3860,15.52,42.5,33.25,0
3861,14.47,41.78,32.46,0
3862,16.78,38.86,36.0,0
3863,16.12,36.52,34.84,0
3864,15.61,39.19,41.19,0
3865,14.51,38.54,36.27,0
3866,17.62,39.81,35.44,0
3867,21.59,39.62,34.95,0
3868,17.01,39.57,32.84,0
3869,19.54,40.25,36.37,0
3870,12.35,37.64,35.06,0
3871,16.96,40.06,35.03,0
3872,13.16,38.78,35.35,0
3873,11.99,39.73,35.58,0
3874,14.17,40.85,31.63,0
3875,19.94,37.57,36.76,0
3876,19.18,38.98,33.37,0
3877,17.03,39.21,34.76,0
3878,11.67,38.61,37.59,0
3879,15.65,40.72,38.55,0
3880,17.11,38.28,31.56,0
3881,16.7,38.52,35.0,0
3882,10.62,38.28,35.46,0
3883,13.45,40.97,31.88,0
3884,15.9,38.59,36.48,0
3885,17.67,40.01,35.08,0
3886,9.45,42.27,35.22,0
3887,15.52,39.19,32.97,0
3888,16.41,40.96,35.61,0
3889,18.5,41.79,36.44,0
3890,18.0,40.82,35.0,0
3891,17.65,39.24,33.69,0
3892,13.47,40.23,33.83,0
3893,10.12,37.32,35.12,0
3894,14.64,38.08,34.76,0
3895,18.8,38.33,36.45,0
3896,19.96,42.59,33.66,0
3897,17.88,38.01,32.16,0
3898,17.02,37.98,35.3,0
3899,16.84,37.65,33.61,0
3900,14.01,40.04,36.11,0
3901,15.27,39.41,34.54,0
3902,20.64,40.82,35.82,0
3903,12.79,40.19,32.46,0
3904,20.44,37.11,34.76,0
3905,14.61,37.96,33.06,0
3906,19.53,41.21,32.0,0
3907,11.31,38.85,32.7,0
3908,17.27,40.94,33.32,0
3909,13.28,38.92,36.88,0
3910,11.23,37.69,33.24,0
3911,16.11,38.68,31.82,0
3912,18.47,37.68,34.61,0
3913,12.88,38.28,34.39,0
3914,10.9,39.42,33.34,0
3915,15.11,39.88,33.98,0
3916,15.11,36.72,36.25,0
3917,17.0,39.08,35.62,0
3918,18.18,38.22,35.44,0
3919,15.14,38.12,31.89,0
3920,20.87,39.29,40.02,0
3921,15.96,38.26,36.33,0
3922,14.24,41.16,35.25,0
3923,10.43,40.86,31.88,0
3924,14.46,40.85,36.09,0
3925,14.22,38.33,33.18,0
3926,18.1,37.62,33.79,0
3927,16.59,39.19,30.8,0
3928,11.66,38.83,31.67,0
3929,15.7,38.14,35.02,0
3930,17.19,37.29,36.15,0
3931,19.74,38.99,35.5,0
3932,17.81,38.44,35.42,0
3933,17.42,40.07,33.98,0
3934,15.31,40.04,33.29,0
3935,16.28,40.69,34.67,0
3936,18.86,37.14,35.73,0
3937,11.1,39.63,34.09,0
3938,14.04,37.94,36.49,0
3939,12.77,37.19,33.64,0
3940,16.21,38.38,32.1,0
3941,18.76,40.62,34.03,0
3942,13.27,38.46,34.26,0
3943,7.88,41.36,33.88,0
3944,13.81,39.84,36.6,0
3945,17.78,38.42,35.64,0
3946,16.65,40.75,31.17,0
3947,16.32,39.68,37.09,0
3948,14.19,37.61,28.54,0
3949,11.19,41.8,38.32,0
3950,16.56,39.39,33.44,0
3951,12.51,39.03,33.63,0
3952,21.56,37.72,33.89,0
3953,16.72,40.77,34.78,0
3954,13.26,39.78,34.0,0
3955,13.17,39.95,33.74,0
3956,14.72,38.24,36.62,0
3957,14.28,40.25,35.13,0
3958,18.35,40.37,32.08,0
3959,15.56,38.0,35.48,0
3960,12.81,36.87,35.05,0
3961,20.67,39.87,32.91,0
3962,15.15,36.64,35.58,0
3963,17.31,39.23,33.69,0
3964,13.18,38.33,33.56,0
3965,16.09,40.83,33.51,0
3966,15.94,38.41,29.15,0
3967,9.34,40.66,32.95,0
3968,21.06,38.23,35.44,0
3969,18.89,40.5,33.97,0
3970,13.83,42.1,31.44,0
3971,11.72,37.4,35.95,0
3972,16.07,39.45,33.42,0
3973,15.29,43.13,31.58,0
3974,16.1,39.11,38.44,0
3975,15.62,39.11,31.93,0
3976,16.57,40.2,35.8,0
3977,19.4,39.08,32.51,0
3978,16.77,36.46,34.32,0
3979,11.92,40.72,32.25,0
3980,19.16,36.02,31.58,0
3981,20.01,38.4,35.11,0
3982,24.55,40.84,34.88,0
3983,11.73,38.5,36.37,0
3984,15.84,37.99,34.02,0
3985,8.87,40.35,38.54,0
3986,16.79,37.76,34.64,0
3987,13.49,37.21,35.24,0
3988,20.92,39.46,31.4,0
3989,12.84,38.77,32.9,0
3990,10.1,37.19,35.18,0
3991,13.77,40.01,33.98,0
3992,9.27,39.76,34.53,0
3993,17.46,38.52,32.53,0
3994,9.02,38.63,34.42,0
3995,15.32,39.78,34.42,0
3996,9.01,40.86,31.84,0
3997,14.3,38.65,35.49,0
3998,20.2,40.06,30.82,0
3999,16.37,39.93,34.6,0
4000,12.71,40.41,37.77,0
4001,15.23,39.15,35.62,0
4002,15.39,37.73,35.62,0
4003,16.77,38.41,32.49,0
4004,11.27,39.62,37.83,0
4005,17.16,41.84,37.06,0
4006,7.29,38.39,32.63,0
4007,13.53,40.33,33.39,0
4008,13.97,38.64,36.86,0
4009,17.36,39.3,37.96,0
4010,15.54,41.42,31.85,0
4011,11.28,40.29,32.39,0
4012,12.56,37.29,34.12,0
4013,16.13,38.3,30.08,0
4014,15.32,41.05,34.48,0
4015,13.84,39.38,36.83,0
4016,14.15,37.45,31.6,0
4017,17.7,37.96,34.75,0
4018,14.08,40.25,33.35,0
4019,15.39,40.69,37.81,0
4020,22.19,39.23,33.41,0
4021,11.43,42.92,37.6,0
4022,10.17,40.45,33.39,0
4023,18.1,38.86,36.14,0
4024,13.74,38.01,35.12,0
4025,14.84,37.78,34.36,0
4026,13.48,39.75,33.08,0
4027,15.07,38.52,35.33,0
4028,20.67,41.77,33.82,0
4029,18.31,41.47,33.34,0
4030,18.51,40.23,37.69,0
4031,11.7,37.52,35.86,0
4032,12.53,38.29,36.07,0
4033,7.49,41.19,34.02,0
4034,13.61,38.47,34.45,0
4035,18.93,41.0,34.35,0
4036,17.64,40.04,35.55,0
4037,15.45,39.41,36.18,0
4038,16.08,38.29,34.86,0
4039,14.11,39.21,33.36,0
4040,16.82,39.65,36.49,0
4041,18.53,40.92,35.06,0
4042,11.42,38.05,32.13,0
4043,17.2,38.99,30.77,0
4044,19.13,39.47,35.66,0
4045,15.11,40.4,33.43,0
4046,18.49,38.05,35.98,0
4047,24.87,37.45,33.59,0
4048,16.14,40.45,35.43,0
4049,17.67,37.17,34.43,0
4050,14.31,41.38,38.72,0
4051,17.1,39.23,37.15,0
4052,17.97,37.16,37.97,0
4053,17.21,38.77,35.35,0
4054,13.6,40.07,36.97,0
4055,17.31,38.71,35.54,0
4056,21.12,39.55,38.32,0
4057,18.11,40.64,35.27,0
4058,19.69,39.24,32.65,0
4059,16.13,38.15,31.47,0
4060,19.12,39.11,38.84,0
4061,17.75,41.7,36.49,0
4062,14.1,42.11,36.65,0
4063,17.94,36.57,38.57,0
4064,14.05,41.24,32.32,0
4065,15.16,39.99,34.93,0
4066,17.67,41.02,35.21,0
4067,18.03,38.82,37.2,0
4068,13.61,37.0,34.36,0
4069,20.38,40.54,33.37,0
4070,18.98,38.27,33.39,0
4071,15.19,37.61,38.14,0
4072,12.73,37.72,34.39,0
4073,16.95,40.62,34.8,0
4074,16.09,39.94,37.21,0
4075,17.8,40.91,34.57,0
4076,16.42,40.76,32.6,0
4077,11.53,39.13,32.88,0
4078,16.43,39.67,35.96,0
4079,16.72,39.02,37.1,0
4080,19.58,39.49,35.74,0
4081,15.63,38.37,37.04,0
4082,22.8,40.42,32.99,0
4083,12.08,41.46,33.16,0
4084,21.79,38.63,40.79,0
4085,17.23,41.79,38.79,0
4086,20.53,40.05,37.9,0
4087,18.23,40.26,35.07,0
4088,21.46,37.36,35.96,0
4089,16.92,37.21,36.47,0
4090,14.84,40.16,39.13,0
4091,22.44,41.14,37.35,0
4092,17.89,38.96,37.63,0
4093,18.94,42.49,36.28,0
4094,22.03,41.1,38.24,0
4095,15.27,38.65,37.3,0
4096,20.21,40.07,36.82,0
4097,16.7,43.76,35.29,0
4098,18.12,38.19,36.59,0
4099,18.78,40.86,34.69,0
4100,14.12,39.6,36.81,0
4101,16.33,41.16,37.11,0
4102,22.77,42.02,32.17,0
4103,21.43,39.55,36.55,0
4104,18.63,41.82,34.7,0
4105,19.6,43.49,38.09,0
4106,18.04,40.28,38.41,0
4107,23.04,41.37,36.33,0
4108,18.43,39.32,38.32,0
4109,19.78,40.25,38.45,0
4110,22.57,39.97,36.85,0
4111,16.85,41.45,40.42,0
4112,23.92,42.08,35.94,0
4113,14.7,40.12,40.38,0
4114,24.24,42.6,37.03,0
4115,18.28,42.62,35.84,0
4116,18.73,41.61,36.86,0
4117,13.84,39.58,35.41,0
4118,18.2,39.45,39.22,0
4119,16.5,39.17,34.49,0
4120,17.86,41.83,40.52,0
4121,19.32,38.6,35.92,0
4122,22.67,41.45,39.51,0
4123,20.47,38.83,37.93,0
4124,20.83,41.71,38.47,0
4125,16.68,40.51,36.79,0
4126,17.38,42.51,38.72,0
4127,25.48,42.24,38.33,0
4128,17.93,42.69,35.19,0
4129,25.16,42.75,36.23,0
4130,19.53,40.79,37.12,0
4131,20.32,38.86,36.74,0
4132,23.58,39.03,40.8,0
4133,24.25,37.5,38.36,0
4134,20.16,39.02,36.84,0
4135,19.39,40.77,37.46,0
4136,20.45,39.84,37.48,0
4137,21.69,40.43,37.96,0
4138,23.41,41.46,36.44,0
4139,20.81,40.28,37.01,0
4140,22.71,39.07,40.22,0
4141,25.83,40.7,39.11,0
4142,22.13,39.45,38.48,0
4143,21.98,40.41,38.84,0
4144,16.55,42.85,38.79,0
4145,13.28,40.45,38.52,0
4146,22.4,43.53,40.02,0
4147,21.01,43.04,39.92,0
4148,19.82,40.04,35.94,0
4149,22.15,39.26,38.88,0
4150,21.31,40.87,36.18,0
4151,24.94,42.7,40.51,0
4152,21.88,40.25,40.83,0
4153,19.44,42.37,38.12,0
4154,24.72,42.84,39.16,0
4155,21.16,39.88,35.23,0
4156,23.46,40.05,41.45,0
4157,20.51,42.15,40.98,0
4158,20.06,41.33,41.91,0
4159,22.33,40.09,42.64,0
4160,22.18,40.62,37.27,0
4161,23.65,41.06,41.55,0
4162,21.47,38.84,42.78,0
4163,16.84,42.35,36.89,0
4164,21.12,40.51,39.59,0
4165,24.86,37.07,39.26,0
4166,21.66,41.23,41.75,0
4167,21.88,40.17,35.31,0
4168,25.65,43.84,43.78,0
4169,20.62,40.45,39.98,0
4170,18.2,39.7,42.09,0
4171,22.41,42.13,40.19,0
4172,21.51,40.4,41.36,0
4173,20.13,40.24,35.78,0
4174,22.58,42.2,39.71,0
4175,24.65,39.89,42.23,0
4176,23.22,39.29,41.17,0
4177,24.24,44.08,37.38,0
4178,28.83,42.39,40.83,0
4179,22.43,41.14,39.13,0
4180,24.36,41.55,39.01,0
4181,22.07,42.34,37.84,0
4182,21.13,43.06,42.17,0
4183,21.99,40.49,43.22,0
4184,22.38,42.19,45.29,0
4185,24.97,40.91,38.16,0
4186,31.01,41.4,42.7,0
4187,21.89,41.95,42.89,0
4188,22.86,41.72,40.12,0
4189,23.99,42.86,39.51,0
4190,25.44,42.51,39.23,0
4191,25.12,39.54,40.41,0
4192,28.25,39.78,41.93,0
4193,17.2,41.29,44.3,0
4194,17.39,44.61,43.85,0
4195,23.14,40.61,38.47,0
4196,27.99,41.6,40.18,0
4197,20.08,41.13,44.42,0
4198,15.83,41.12,40.42,0
4199,26.64,42.24,41.83,0
4200,25.73,44.1,38.59,0
4201,21.81,42.71,44.37,0
4202,22.19,40.84,38.3,0
4203,22.32,46.2,38.9,0
4204,25.64,42.21,44.34,0
4205,23.5,41.25,46.14,0
4206,26.94,44.26,41.78,0
4207,16.97,41.46,42.33,0
4208,23.04,44.68,44.31,0
4209,22.31,40.9,43.13,0
4210,25.0,44.37,41.87,0
4211,24.23,42.55,41.7,0
4212,28.31,44.21,39.6,0
4213,20.42,45.15,43.26,0
4214,26.21,40.62,42.68,0
4215,27.83,44.26,42.05,0
4216,31.8,40.26,40.98,0
4217,24.87,40.82,41.25,0
4218,27.36,41.21,44.35,0
4219,21.06,43.2,44.94,0
4220,19.37,42.51,42.58,0
4221,29.16,42.24,42.44,0
4222,26.69,42.73,41.66,0
4223,30.32,43.42,45.3,0
4224,22.75,43.56,43.55,0
4225,28.5,44.22,44.29,0
4226,32.63,45.34,44.34,0
4227,28.36,42.6,43.07,0
4228,28.02,41.87,41.42,0
4229,27.29,43.6,41.82,0
4230,22.63,40.99,46.13,0
4231,31.49,41.71,42.49,0
4232,25.68,44.25,43.19,0
4233,29.1,42.59,41.8,0
4234,22.98,40.99,41.7,0
4235,24.21,40.59,42.66,0
4236,32.14,42.92,47.64,0
4237,26.87,44.59,45.65,0
4238,32.36,44.59,43.34,0
4239,27.84,43.09,46.63,0
4240,22.63,45.96,44.22,0
4241,30.92,42.82,47.3,0
4242,26.55,42.79,49.08,0
4243,30.5,39.17,46.78,0
4244,28.56,42.38,44.98,0
4245,23.94,44.35,46.26,0
4246,29.15,45.44,44.95,0
4247,35.33,41.88,41.32,0
4248,30.3,43.84,43.75,0
4249,28.73,44.74,43.22,0
4250,32.21,43.21,43.84,0
4251,29.7,39.8,48.84,0
4252,29.78,43.62,47.57,0
4253,25.96,44.41,46.27,0
4254,30.02,41.87,47.08,0
4255,32.51,42.94,41.74,0
4256,26.98,41.61,47.05,0
4257,33.84,39.52,47.54,0
4258,29.38,44.94,41.24,0
4259,27.08,43.42,47.32,0
4260,32.82,45.84,43.01,0
4261,29.05,44.76,41.99,0
4262,32.27,42.97,48.65,0
4263,29.2,43.4,44.05,0
4264,29.98,44.4,44.7,0
4265,31.73,45.02,48.18,0
4266,31.2,44.08,45.65,0
4267,24.43,45.28,45.97,0
4268,27.14,43.21,46.0,0
4269,33.37,42.18,47.16,0
4270,30.27,43.6,46.08,0
4271,29.19,44.03,46.83,0
4272,26.77,41.95,45.67,0
4273,27.69,41.77,47.45,0
4274,24.95,44.47,47.44,0
4275,30.79,43.22,50.67,0
4276,29.39,43.61,46.18,0
4277,28.37,43.34,46.65,0
4278,31.15,46.19,47.56,0
4279,32.53,45.82,49.08,0
4280,37.81,42.1,45.04,0
4281,27.08,43.18,47.5,0
4282,35.18,45.28,42.34,0
4283,34.7,44.94,46.89,0
4284,29.53,44.0,49.64,0
4285,32.57,42.38,46.11,0
4286,30.67,43.09,47.99,0
4287,32.69,43.36,46.65,0
4288,36.74,44.58,46.05,0
4289,34.12,46.75,49.79,0
4290,33.92,43.19,45.82,0
4291,31.19,42.7,48.57,0
4292,28.11,44.11,48.67,0
4293,32.02,45.84,46.42,0
4294,36.36,42.15,48.5,0
4295,28.24,46.53,46.39,0
4296,29.74,44.11,49.37,0
4297,33.38,43.3,45.77,0
4298,30.13,42.02,47.79,0
4299,30.79,45.51,48.03,0
4300,31.99,44.22,50.83,0
4301,29.25,44.76,48.96,0
4302,30.51,43.18,50.65,0
4303,35.63,44.08,49.92,0
4304,29.68,43.85,49.98,0
4305,28.9,44.46,48.29,0
4306,31.89,43.63,51.07,0
4307,36.06,42.36,48.38,0
4308,33.36,48.78,45.7,0
4309,32.65,42.67,48.8,0
4310,34.26,45.01,50.21,0
4311,28.98,42.11,46.16,0
4312,35.79,41.8,47.67,0
4313,35.54,44.96,47.05,0
4314,33.25,45.1,51.15,0
4315,37.58,46.76,53.0,0
4316,31.27,45.49,49.3,0
4317,38.12,44.7,50.85,0
4318,35.29,43.52,50.87,0
4319,33.9,47.22,53.04,0
4320,34.94,46.39,48.69,0
4321,34.77,43.16,49.63,0
4322,38.84,45.11,49.46,0
4323,32.03,45.29,50.36,0
4324,33.06,44.59,55.29,0
4325,38.55,46.29,50.41,0
4326,33.74,46.4,48.71,0
4327,38.31,44.9,48.18,0
4328,40.8,44.79,53.06,0
4329,34.58,47.48,48.91,0
4330,37.92,46.66,52.03,0
4331,32.5,45.4,49.41,0
4332,38.31,42.87,48.3,0
4333,36.73,45.86,52.12,0
4334,37.64,46.41,49.72,0
4335,34.37,41.26,51.9,0
4336,31.41,45.8,52.11,0
4337,37.99,44.82,52.28,0
4338,30.38,45.14,50.72,0
4339,35.7,44.14,52.7,0
4340,39.57,45.3,49.55,0
4341,37.41,47.64,46.56,0
4342,42.76,44.91,52.95,0
4343,40.08,47.05,51.93,0
4344,35.13,44.42,50.45,0
4345,37.26,46.79,48.8,0
4346,37.12,45.68,47.74,0
4347,32.6,46.23,51.98,0
4348,34.62,45.74,55.25,0
4349,35.84,46.72,51.74,0
4350,31.5,41.93,51.37,0
4351,37.84,43.68,52.11,0
4352,37.04,46.46,56.59,0
4353,32.85,42.8,53.8,0
4354,39.17,45.09,50.5,0
4355,40.19,45.83,52.49,0
4356,38.81,44.7,53.17,0
4357,37.24,44.93,50.46,0
4358,40.08,46.4,54.16,0
4359,40.43,47.53,51.07,0
4360,39.4,44.6,49.76,0
4361,36.09,45.21,53.0,0
4362,39.47,45.0,52.75,0
4363,42.32,42.49,52.98,0
4364,37.03,46.36,51.52,0
4365,45.2,47.57,51.87,0
4366,37.41,47.72,55.45,0
4367,39.17,44.92,54.14,0
4368,37.14,44.37,51.41,0
4369,39.91,46.31,49.49,0
4370,34.1,47.54,51.63,0
4371,37.78,46.56,53.85,0
4372,36.22,46.78,52.34,0
4373,39.99,48.09,52.25,0
4374,42.65,45.29,52.56,0
4375,41.69,46.1,53.66,0
4376,32.72,48.9,55.44,0
4377,46.05,46.18,53.94,0
4378,40.89,44.6,54.13,0
4379,37.76,45.52,53.62,0
4380,40.65,45.15,53.14,0
4381,40.79,47.11,56.0,0
4382,38.34,45.26,55.76,0
4383,41.02,47.04,58.43,0
4384,38.69,45.55,55.63,0
4385,39.38,43.49,53.48,0
4386,38.62,47.16,52.73,0
4387,36.47,46.95,56.52,0
4388,41.28,47.53,53.05,0
4389,42.69,45.77,56.36,0
4390,42.56,45.63,53.29,0
4391,43.56,47.43,55.58,0
4392,42.15,49.13,52.82,0
4393,39.67,46.9,56.57,0
4394,43.87,47.54,52.61,0
4395,37.36,46.45,55.69,0
4396,38.81,44.64,54.81,0
4397,38.7,48.43,55.48,0
4398,44.92,48.37,54.55,0
4399,44.59,48.09,54.57,0
4400,43.3,46.78,55.78,0
4401,45.14,47.97,53.53,0
4402,39.37,48.44,53.59,0
4403,43.13,49.56,54.95,0
4404,41.79,48.63,54.94,0
4405,44.79,47.27,53.79,0
4406,41.98,45.24,57.71,0
4407,41.26,47.46,55.26,0
4408,44.11,47.63,55.54,0
4409,45.2,48.34,53.4,0
4410,40.65,49.33,60.27,0
4411,42.55,47.18,61.04,0
4412,39.64,50.5,54.69,0
4413,35.4,44.73,58.77,0
4414,43.58,48.02,56.2,0
4415,44.88,46.22,59.65,0
4416,43.92,44.58,57.18,0
4417,37.37,47.16,56.77,0
4418,42.24,45.3,51.64,0
4419,36.72,47.27,54.94,0
4420,47.56,47.59,56.8,0
4421,40.27,49.24,57.22,0
4422,47.38,45.32,54.46,0
4423,46.53,48.97,55.49,0
4424,41.07,47.78,58.12,0
4425,40.45,49.2,54.31,0
4426,44.98,47.03,57.41,0
4427,41.47,45.7,59.68,0
4428,44.39,45.9,58.03,0
4429,42.71,45.81,58.0,0
4430,38.89,48.49,53.35,0
4431,37.62,50.01,55.81,0
4432,45.07,46.97,61.62,0
4433,42.78,48.78,56.37,0
4434,42.88,45.58,60.16,0
4435,46.71,48.16,56.47,0
4436,48.22,48.91,57.2,0
4437,43.95,45.76,58.85,0
4438,43.83,47.65,58.08,0
4439,46.42,49.05,58.7,0
4440,40.93,43.6,56.36,0
4441,45.74,50.03,55.79,0
4442,46.81,48.58,56.35,0
4443,47.27,49.14,57.12,0
4444,39.49,47.47,57.78,0
4445,43.09,45.53,60.37,0
4446,42.82,48.94,58.53,0
4447,45.82,48.03,59.39,0
4448,47.04,48.23,58.76,0
4449,50.16,49.83,56.31,0
4450,44.26,49.37,58.63,0
4451,44.33,51.13,58.92,0
4452,49.34,48.5,60.23,0
4453,46.86,47.25,56.64,0
4454,49.84,48.03,54.75,0
4455,46.98,48.96,59.24,0
4456,42.71,49.88,59.65,0
4457,42.26,46.18,58.65,0
4458,41.67,48.41,59.12,0
4459,48.39,50.83,60.88,0
4460,50.04,48.08,58.26,0
4461,52.09,49.86,58.68,0
4462,49.14,49.22,59.45,0
4463,50.17,49.94,56.91,0
4464,45.02,47.31,59.1,0
4465,43.36,47.34,59.33,0
4466,49.45,48.6,62.79,0
4467,48.22,46.29,58.98,0
4468,47.36,48.21,60.03,0
4469,48.27,49.01,61.52,0
4470,48.14,51.33,58.07,0
4471,51.1,49.28,62.55,0
4472,51.2,49.63,63.38,0
4473,49.01,50.46,59.85,0
4474,49.99,47.29,58.88,0
4475,49.06,48.51,63.27,0
4476,46.2,52.41,61.66,0
4477,49.92,48.68,60.29,0
4478,43.54,50.49,63.03,0
4479,50.95,50.28,62.87,0
4480,44.27,46.64,59.61,0
4481,48.78,49.34,60.84,0
4482,45.45,49.12,61.54,0
4483,49.72,49.41,60.5,0
4484,48.02,47.81,57.72,0
4485,43.4,47.28,58.67,0
4486,49.51,48.26,57.89,0
4487,46.58,48.85,61.64,0
4488,51.03,50.79,58.34,0
4489,48.45,51.76,61.14,0
4490,49.7,51.15,64.47,0
4491,45.7,50.36,63.72,0
4492,46.87,47.59,57.24,0
4493,47.33,48.5,58.41,0
4494,51.34,49.45,59.46,0
4495,53.86,48.2,58.73,0
4496,46.48,50.03,57.81,0
4497,52.19,50.27,61.14,0
4498,42.51,50.01,62.62,0
4499,45.5,50.76,63.17,0
4500,46.27,47.89,60.36,0
4501,45.15,50.66,60.82,0
4502,44.51,48.24,62.12,0
4503,50.57,47.89,61.24,0
4504,48.74,50.11,63.13,0
4505,50.59,51.16,62.42,0
4506,51.58,50.08,60.85,0
4507,50.36,49.4,57.94,0
4508,51.6,49.85,64.7,0
4509,49.48,49.61,60.38,0
4510,46.18,47.73,62.51,0
4511,52.98,47.58,58.01,0
4512,48.1,49.34,61.87,0
4513,47.11,49.6,62.14,0
4514,49.45,49.51,62.28,0
4515,47.3,50.53,68.06,0
4516,48.84,49.21,60.81,0
4517,51.18,50.39,63.76,0
4518,51.25,49.35,63.21,0
4519,47.57,52.31,60.85,0
4520,48.86,49.72,63.87,0
4521,53.6,53.12,61.97,0
4522,51.92,50.16,64.1,0
4523,56.71,49.33,66.31,0
4524,54.08,48.31,62.74,0
4525,54.03,47.51,61.92,0
4526,46.49,48.21,64.62,0
4527,53.0,48.39,65.36,0
4528,50.6,50.32,60.84,0
4529,49.16,48.95,61.75,0
4530,51.37,50.04,64.04,0
4531,53.76,51.7,62.47,0
4532,52.48,49.66,60.87,0
4533,48.39,52.93,63.9,0
4534,53.3,48.06,64.2,0
4535,49.22,49.61,62.23,0
4536,51.83,49.05,63.07,0
4537,50.32,51.27,61.83,0
4538,50.63,46.53,60.84,0
4539,53.63,47.74,62.07,0
4540,48.26,49.75,63.25,0
4541,57.27,52.26,60.2,0
4542,46.02,50.28,62.34,0
4543,49.74,47.93,63.4,0
4544,52.69,48.18,65.65,0
4545,53.38,52.5,62.68,0
4546,51.38,49.07,60.85,0
4547,51.55,48.6,62.96,0
4548,53.01,52.25,62.29,0
4549,51.13,51.56,64.56,0
4550,56.05,51.97,62.82,0
4551,54.43,48.65,58.11,0
4552,54.58,47.8,70.95,0
4553,49.11,50.3,63.89,0
4554,51.81,50.62,63.82,0
4555,51.2,50.68,60.6,0
4556,49.13,52.36,60.79,0
4557,53.27,47.56,63.57,0
4558,50.62,51.46,64.46,0
4559,54.24,48.54,65.23,0
4560,49.11,51.48,64.33,0
4561,57.52,49.5,61.52,0
4562,49.72,49.0,58.92,0
4563,53.11,49.32,63.76,0
4564,54.87,48.08,62.93,0
4565,50.82,50.32,61.5,0
4566,55.13,49.11,65.72,0
4567,48.93,51.46,60.94,0
4568,57.02,51.26,65.36,0
4569,52.74,52.84,61.34,0
4570,50.95,50.87,64.46,0
4571,51.88,51.12,66.09,0
4572,55.25,52.45,63.58,0
4573,51.11,49.42,67.67,0
4574,50.65,48.14,68.15,0
4575,52.27,50.68,64.82,0
4576,49.44,48.26,65.46,0
4577,58.48,54.09,66.53,0
4578,51.35,52.6,65.53,0
4579,55.58,53.67,65.35,0
4580,53.75,50.53,63.45,0
4581,50.21,51.27,61.16,0
4582,53.18,49.77,61.78,0
4583,55.59,51.79,69.35,0
4584,52.71,48.66,65.26,0
4585,56.89,46.68,64.15,0
4586,56.41,49.32,67.2,0
4587,56.13,48.33,63.2,0
4588,52.03,52.74,65.89,0
4589,50.2,53.26,64.91,0
4590,51.64,48.44,65.7,0
4591,54.1,52.49,64.14,0
4592,55.18,51.99,62.91,0
4593,47.06,48.22,63.22,0
4594,53.58,50.0,63.32,0
4595,54.11,49.72,64.91,0
4596,52.84,51.72,61.83,0
4597,57.58,48.77,62.47,0
4598,55.0,50.47,65.26,0
4599,57.69,49.6,64.76,0
4600,53.15,51.35,65.42,0
4601,56.64,50.32,64.97,0
4602,58.76,49.85,70.12,0
4603,57.82,50.34,65.36,0
4604,50.63,53.73,64.37,0
4605,53.18,50.06,65.35,0
4606,52.93,49.13,67.21,0
4607,55.46,51.57,65.1,0
4608,56.08,50.49,66.59,0
4609,51.53,48.59,66.03,0
4610,54.28,54.07,64.68,0
4611,48.04,50.2,65.5,0
4612,58.45,50.17,68.5,0
4613,52.61,50.99,65.81,0
4614,54.34,53.35,63.37,0
4615,53.27,48.24,64.72,0
4616,57.66,51.18,61.15,0
4617,45.74,53.91,65.67,0
4618,54.22,50.97,68.04,0
4619,53.98,48.94,62.75,0
4620,52.96,49.87,65.75,0
4621,59.52,51.11,67.44,0
4622,51.7,52.81,67.67,0
4623,56.7,50.31,68.07,0
4624,55.47,52.06,61.79,0
4625,58.21,48.67,66.55,0
4626,52.45,48.67,62.55,0
4627,52.27,50.12,63.58,0
4628,57.78,53.0,67.23,0
4629,55.78,50.96,65.92,0
4630,49.89,51.29,67.07,0
4631,52.93,51.28,63.78,0
4632,55.72,52.53,68.6,0
4633,57.09,49.96,67.04,0
4634,52.56,51.91,67.46,0
4635,45.87,49.64,63.53,0
4636,56.2,53.86,68.05,0
4637,50.99,49.69,65.09,0
4638,48.61,49.58,64.51,0
4639,46.18,51.73,67.0,0
4640,57.14,51.03,66.92,0
4641,55.1,51.4,64.08,0
4642,54.05,51.26,69.89,0
4643,58.91,49.29,69.42,0
4644,56.67,53.35,67.01,0
4645,59.62,52.27,66.67,0
4646,50.6,52.97,66.48,0
4647,54.69,50.15,62.73,0
4648,49.96,51.57,66.07,0
4649,54.13,51.24,66.05,0
4650,54.08,52.64,64.71,0
4651,56.72,52.69,65.25,0
4652,54.99,51.24,61.12,0
4653,56.73,48.68,63.69,0
4654,56.98,53.63,67.74,0
4655,61.35,51.8,69.37,0
4656,53.94,50.05,64.03,0
4657,52.08,51.58,66.29,0
4658,55.65,48.71,68.12,0
4659,52.51,52.56,64.89,0
4660,59.37,48.77,67.29,0
4661,54.08,50.65,65.88,0
4662,53.24,51.35,68.33,0
4663,53.53,52.54,63.39,0
4664,57.11,51.15,63.75,0
4665,54.48,51.94,66.52,0
4666,53.04,50.95,66.16,0
4667,59.96,50.94,65.86,0
4668,52.4,51.12,67.13,0
4669,55.08,50.71,64.12,0
4670,56.94,48.46,63.25,0
4671,50.09,49.84,64.99,0
4672,56.43,51.36,65.21,0
4673,51.83,50.62,65.43,0
4674,57.46,50.76,68.53,0
4675,52.11,50.51,67.54,0
4676,57.08,49.7,67.06,0
4677,58.32,50.26,66.44,0
4678,57.58,50.54,65.13,0
4679,55.75,51.01,64.29,0
4680,54.31,51.59,63.61,0
4681,53.27,50.73,64.61,0
4682,59.41,49.46,65.91,0
4683,52.9,48.9,63.69,0
4684,51.89,54.9,66.34,0
4685,56.99,49.3,65.61,0
4686,52.6,50.22,65.2,0
4687,52.14,51.77,68.32,0
4688,50.66,51.54,61.07,0
4689,53.54,51.78,65.22,0
4690,54.73,50.33,61.28,0
4691,55.71,51.35,66.46,0
4692,57.83,51.08,67.5,0
4693,56.55,50.52,63.27,0
4694,54.39,51.36,63.52,0
4695,54.36,52.57,62.57,0
4696,56.48,50.95,66.09,0
4697,58.76,50.96,65.27,0
4698,55.32,52.58,65.39,0
4699,53.52,52.42,65.21,0
4700,51.95,53.35,63.99,0
4701,50.58,48.34,68.2,0
4702,56.91,52.33,66.47,0
4703,56.63,51.87,63.55,0
4704,56.62,49.64,64.51,0
4705,54.5,51.34,64.16,0
4706,59.09,52.54,68.71,0
4707,53.41,49.71,67.31,0
4708,57.72,51.62,65.63,0
4709,54.72,52.26,69.29,0
4710,53.0,49.34,68.77,0
4711,56.59,50.73,65.39,0
4712,56.03,51.39,65.02,0
4713,55.86,49.74,65.11,0
4714,55.02,49.62,63.92,0
4715,54.65,50.73,69.28,0
4716,61.92,52.13,63.79,0
4717,58.29,51.89,67.53,0
4718,56.89,49.63,67.16,0
4719,55.05,51.89,65.16,0
4720,57.72,49.65,69.38,0
4721,56.23,48.49,62.63,0
4722,54.74,50.35,65.57,0
4723,53.74,52.58,64.74,0
4724,54.39,51.87,67.63,0
4725,45.1,50.88,66.4,0
4726,55.23,50.25,62.22,0
4727,53.12,50.29,68.14,0
4728,59.34,51.03,66.62,0
4729,54.6,49.26,63.56,0
4730,50.96,50.34,64.92,0
4731,54.36,50.53,63.01,0
4732,51.35,48.82,65.25,0
4733,55.89,49.58,65.87,0
4734,55.32,51.45,64.89,0
4735,57.3,50.84,64.64,0
4736,52.03,50.36,62.3,0
4737,54.49,49.45,66.18,0
4738,50.27,53.17,61.64,0
4739,56.45,49.55,65.53,0
4740,55.88,51.17,61.86,0
4741,55.78,50.06,65.54,0
4742,54.28,50.84,65.41,0
4743,55.49,51.46,66.21,0
4744,59.04,48.71,67.1,0
4745,53.35,50.75,67.46,0
4746,54.59,52.54,62.12,0
4747,50.89,53.39,65.2,0
4748,51.52,50.54,69.32,0
4749,54.39,50.79,65.52,0
4750,57.39,54.04,63.6,0
4751,53.28,52.42,65.08,0
4752,53.31,49.78,64.45,0
4753,52.77,49.77,62.84,0
4754,52.36,52.12,66.91,0
4755,54.82,49.17,66.32,0
4756,49.42,52.3,62.46,0
4757,57.72,51.17,64.92,0
4758,51.86,51.43,63.95,0
4759,55.99,50.26,61.86,0
4760,49.98,49.69,62.21,0
4761,55.77,52.82,62.48,0
4762,55.75,50.25,64.87,0
4763,54.86,49.99,64.05,0
4764,50.69,50.48,63.02,0
4765,54.39,50.88,64.13,0
4766,50.06,49.04,66.38,0
4767,52.82,49.73,65.57,0
4768,56.63,49.64,66.84,0
4769,55.9,51.82,64.35,0
4770,53.52,49.21,67.99,0
4771,50.52,47.9,65.45,0
4772,55.35,47.57,63.75,0
4773,53.43,48.31,64.89,0
4774,46.38,52.54,62.18,0
4775,55.65,50.52,64.03,0
4776,53.2,51.23,65.48,0
4777,56.84,51.28,65.81,0
4778,49.91,50.54,63.74,0
4779,43.63,50.34,70.0,0
4780,53.96,52.0,64.16,0
4781,53.96,50.65,61.11,0
4782,47.98,52.51,66.87,0
4783,50.08,51.34,65.63,0
4784,61.24,49.47,64.84,0
4785,52.02,49.64,63.42,0
4786,55.09,49.28,65.11,0
4787,50.91,52.18,67.53,0
4788,46.55,49.74,64.66,0
4789,52.27,49.14,61.28,0
4790,51.94,50.8,57.29,0
4791,51.5,50.16,64.93,0
4792,52.32,50.74,62.16,0
4793,53.41,53.12,63.89,0
4794,52.13,51.64,62.44,0
4795,48.74,50.3,62.27,0
4796,53.95,48.14,62.46,0
4797,46.6,49.49,62.61,0
4798,46.26,51.29,65.48,0
4799,54.58,48.45,65.04,0
4800,53.84,53.41,61.44,0
4801,52.1,50.2,61.68,0
4802,48.05,50.24,64.54,0
4803,50.06,49.16,65.86,0
4804,51.36,50.89,65.79,0
4805,47.31,48.39,61.67,0
4806,49.84,53.36,65.62,0
4807,53.96,52.08,60.05,0
4808,56.24,51.56,63.16,0
4809,50.66,47.99,64.51,0
4810,54.14,50.37,59.34,0
4811,46.08,51.86,67.64,0
4812,53.75,50.92,66.07,0
4813,49.31,48.51,64.67,0
4814,52.6,49.03,61.41,0
4815,50.89,49.31,63.17,0
4816,55.54,49.07,64.85,0
4817,48.91,52.25,60.98,0
4818,53.37,47.06,62.83,0
4819,50.59,50.91,64.97,0
4820,50.91,47.98,60.12,0
4821,50.78,48.46,63.73,0
4822,48.75,46.87,59.52,0
4823,51.19,49.05,61.1,0
4824,50.99,52.12,61.94,0
4825,51.85,50.24,63.93,0
4826,51.33,48.03,61.46,0
4827,53.42,51.33,63.07,0
4828,53.74,51.64,61.4,0
4829,47.77,49.93,61.67,0
4830,53.47,52.81,65.19,0
4831,47.25,50.98,60.35,0
4832,52.52,50.75,64.13,0
4833,52.57,48.51,62.56,0
4834,44.92,50.64,61.37,0
4835,50.88,50.0,60.04,0
4836,49.14,50.44,60.14,0
4837,48.21,48.62,60.91,0
4838,54.49,49.82,62.05,0
4839,48.42,48.39,63.51,0
4840,47.9,46.38,61.66,0
4841,50.49,51.08,61.75,0
4842,52.26,47.31,62.0,0
4843,49.73,49.71,63.07,0
4844,53.59,50.03,63.36,0
4845,51.63,50.0,59.26,0
4846,43.44,49.07,61.42,0
4847,48.33,49.88,64.39,0
4848,48.18,50.17,59.26,0
4849,51.24,50.54,61.99,0
4850,41.87,52.02,61.45,0
4851,57.33,49.76,60.62,0
4852,51.22,49.48,64.88,0
4853,50.01,48.01,61.73,0
4854,53.05,50.01,64.63,0
4855,56.48,50.34,61.57,0
4856,52.0,49.03,62.43,0
4857,52.17,50.11,60.31,0
4858,49.66,48.84,60.28,0
4859,48.78,50.27,62.18,0
4860,47.71,50.61,62.17,0
4861,46.6,50.57,62.46,0
4862,46.96,49.38,61.97,0
4863,44.9,47.63,58.49,0
4864,48.67,48.25,59.5,0
4865,43.78,50.04,62.76,0
4866,49.34,52.8,57.1,0
4867,48.59,48.6,61.55,0
4868,49.08,49.78,60.69,0
4869,47.01,48.24,62.56,0
4870,57.74,47.59,61.64,0
4871,52.53,48.02,59.43,0
4872,44.65,45.89,59.29,0
4873,49.02,51.03,59.61,0
4874,46.43,45.63,61.76,0
4875,45.14,48.56,55.95,0
4876,44.1,47.17,60.81,0
4877,49.35,47.59,58.68,0
4878,45.94,50.96,60.77,0
4879,50.83,49.18,61.03,0
4880,50.84,47.41,56.96,0
4881,51.91,47.95,59.78,0
4882,45.16,47.67,60.49,0
4883,49.08,48.73,60.3,0
4884,49.48,49.04,59.82,0
4885,46.1,51.6,57.57,0
4886,45.13,45.86,57.82,0
4887,52.21,48.66,57.15,0
4888,48.0,48.22,60.96,0
4889,49.15,50.09,59.56,0
4890,44.71,49.18,59.64,0
4891,43.45,49.52,56.27,0
4892,45.33,49.13,59.56,0
4893,46.59,47.19,60.84,0
4894,43.7,50.39,55.83,0
4895,46.8,49.75,58.39,0
4896,41.69,49.9,56.26,0
4897,43.32,50.4,58.51,0
4898,48.63,49.11,57.49,0
4899,48.35,50.68,60.0,0
4900,45.3,49.01,59.52,0
4901,43.35,48.09,61.7,0
4902,43.25,48.39,58.95,0
4903,45.14,48.34,59.68,0
4904,48.12,47.58,57.83,0
4905,48.9,50.78,56.68,0
4906,44.55,48.76,60.5,0
4907,42.51,48.43,61.26,0
4908,46.7,48.85,60.13,0
4909,43.35,52.72,58.92,0
4910,44.19,46.53,56.65,0
4911,49.65,46.93,60.82,0
4912,48.08,46.11,59.64,0
4913,46.0,47.81,62.47,0
4914,41.63,48.5,56.05,0
4915,46.01,47.41,60.03,0
4916,48.49,47.28,59.34,0
4917,44.1,48.28,57.5,0
4918,49.2,47.29,60.85,0
4919,48.95,48.49,58.87,0
4920,49.99,49.67,56.13,0
4921,45.84,48.99,57.7,0
4922,46.61,49.28,55.98,0
4923,49.01,49.56,56.88,0
4924,46.04,48.33,59.16,0
4925,43.12,47.65,59.67,0
4926,43.2,46.7,58.08,0
4927,45.18,47.25,56.07,0
4928,40.52,47.03,58.27,0
4929,43.88,48.89,58.9,0
4930,47.52,48.29,53.44,0
4931,37.58,48.79,57.56,0
4932,48.68,45.98,56.88,0
4933,47.37,49.85,59.11,0
4934,42.54,47.04,57.91,0
4935,45.48,46.0,58.05,0
4936,43.78,46.97,56.05,0
4937,47.38,51.33,56.95,0
4938,46.56,47.0,58.78,0
4939,39.33,47.07,56.7,0
4940,45.21,47.25,57.11,0
4941,42.76,47.29,53.63,0
4942,43.54,46.32,56.5,0
4943,41.03,47.68,52.55,0
4944,48.38,49.05,55.48,0
4945,46.18,47.89,56.57,0
4946,40.76,45.73,57.91,0
4947,38.89,46.85,54.32,0
4948,41.66,46.52,57.0,0
4949,44.04,47.4,59.12,0
4950,43.37,49.29,54.84,0
4951,46.33,47.05,52.96,0
4952,44.86,47.12,56.57,0
4953,45.32,49.89,53.54,0
4954,43.31,48.51,54.23,0
4955,38.08,48.04,57.65,0
4956,41.58,50.09,59.49,0
4957,45.27,47.86,53.67,0
4958,41.85,44.12,54.13,0
4959,43.43,48.33,54.66,0
4960,40.88,44.66,54.38,0
4961,38.67,47.71,59.27,0
4962,41.31,44.43,54.28,0
4963,42.52,46.28,54.5,0
4964,39.54,46.41,58.44,0
4965,40.72,45.77,56.3,0
4966,38.53,46.38,57.05,0
4967,44.62,48.43,53.2,0
4968,40.3,45.78,53.88,0
4969,45.46,47.65,52.8,0
4970,45.6,45.36,56.41,0
4971,40.69,46.5,57.2,0
4972,37.82,47.24,53.48,0
4973,34.51,45.23,53.88,0
4974,36.26,44.74,53.9,0
4975,36.48,47.42,51.38,0
4976,44.65,48.34,53.06,0
4977,40.78,46.51,55.89,0
4978,41.51,45.92,52.52,0
4979,33.6,46.81,54.39,0
4980,36.58,46.64,51.53,0
4981,42.75,46.89,53.79,0
4982,40.87,42.71,52.88,0
4983,39.48,44.87,51.5,0
4984,41.53,45.18,55.45,0
4985,44.66,46.65,55.5,0
4986,39.01,46.68,51.8,0
4987,39.79,47.33,53.23,0
4988,40.08,46.74,53.69,0
4989,46.59,44.37,49.9,0
4990,33.03,48.47,50.67,0
4991,41.29,48.18,55.97,0
4992,38.81,44.36,51.2,0
4993,40.77,46.72,55.77,0
4994,37.02,45.3,50.5,0
4995,38.75,46.38,54.44,0
4996,40.95,47.72,52.43,0
4997,48.07,49.31,52.64,0
4998,41.07,47.22,56.63,0
4999,36.01,46.51,50.34,0
5000,37.2,45.53,53.97,0
5001,37.03,46.29,53.82,0
5002,32.91,48.03,59.35,0
5003,37.22,45.9,50.42,0
5004,40.33,44.61,51.25,0
5005,34.22,43.48,54.07,0
5006,41.1,46.66,51.96,0
5007,39.33,46.23,51.37,0
5008,35.58,44.87,54.14,0
5009,37.27,47.35,51.62,0
5010,42.41,45.15,50.3,0
5011,39.72,45.56,53.47,0
5012,37.46,45.71,52.7,0
5013,36.64,45.18,51.25,0
5014,37.49,46.03,51.09,0
5015,35.64,47.38,49.91,0
5016,30.78,43.91,53.12,0
5017,43.13,46.33,50.88,0
5018,37.38,45.83,49.99,0
5019,38.02,45.78,48.89,0
5020,36.57,46.83,52.18,0
5021,34.45,45.57,50.31,0
5022,36.01,46.19,47.23,0
5023,31.68,46.52,48.78,0
5024,43.23,44.66,50.65,0
5025,32.6,45.84,50.64,0
5026,33.13,44.99,50.49,0
5027,34.81,45.14,50.14,0
5028,39.91,44.83,47.89,0
5029,36.0,45.99,49.02,0
5030,32.16,45.38,53.07,0
5031,39.55,45.83,52.7,0
5032,37.89,45.18,51.71,0
5033,37.23,42.78,51.47,0
5034,37.67,45.2,52.23,0
5035,42.62,45.23,48.11,0
5036,41.9,45.47,50.35,0
5037,33.2,44.19,47.97,0
5038,40.05,43.26,47.93,0
5039,36.24,45.96,50.81,0
5040,36.5,44.59,51.89,0
5041,29.84,45.23,49.54,0
5042,34.31,44.53,53.16,0
5043,32.3,44.91,50.21,0
5044,37.14,44.22,48.17,0
5045,37.78,43.42,47.48,0
5046,28.25,45.55,51.62,0
5047,34.32,43.91,49.77,0
5048,37.67,45.04,50.79,0
5049,33.65,45.38,44.06,0
5050,36.31,43.86,49.79,0
5051,35.09,42.91,48.21,0
5052,34.98,48.33,46.38,0
5053,33.05,43.87,48.97,0
5054,30.13,45.57,51.21,0
5055,30.33,47.52,53.49,0
5056,35.73,45.77,49.37,0
5057,33.58,44.1,47.4,0
5058,33.02,44.43,47.21,0
5059,32.07,43.25,50.6,0
5060,32.34,45.8,46.61,0
5061,36.31,45.3,49.78,0
5062,32.08,43.65,49.05,0
5063,28.97,42.84,48.76,0
5064,35.14,42.39,45.19,0
5065,32.21,45.83,47.54,0
5066,32.83,44.5,45.27,0
5067,37.47,44.62,46.94,0
5068,32.5,43.03,49.88,0
5069,33.34,42.05,50.44,0
5070,28.85,45.66,48.34,0
5071,31.64,44.25,46.7,0
5072,34.05,45.53,50.95,0
5073,27.46,43.56,46.54,0
5074,32.65,43.76,45.36,0
5075,32.26,45.16,48.96,0
5076,32.0,45.16,48.41,0
5077,34.9,45.23,46.34,0
5078,32.7,43.57,47.56,0
5079,36.05,44.91,48.17,0
5080,28.55,45.62,47.63,0
5081,31.85,43.78,48.07,0
5082,31.61,43.14,46.07,0
5083,28.06,45.89,48.07,0
5084,34.05,42.87,46.98,0
5085,38.07,44.77,45.93,0
5086,30.96,43.72,46.32,0
5087,32.44,41.02,46.55,0
5088,31.1,45.45,43.78,0
5089,28.62,39.59,45.33,0
5090,25.21,40.73,46.67,0
5091,28.47,44.47,43.77,0
5092,26.33,44.44,45.16,0
5093,35.53,42.67,51.1,0
5094,29.99,43.82,44.01,0
5095,29.21,39.78,45.43,0
5096,32.83,44.61,44.46,0
5097,26.71,43.9,45.83,0
5098,27.69,43.43,44.36,0
5099,30.11,43.5,45.44,0
5100,32.91,44.19,44.42,0
5101,31.24,43.38,47.9,0
5102,30.4,40.59,45.89,0
5103,29.81,46.67,43.65,0
5104,30.69,45.15,47.27,0
5105,30.01,41.39,43.61,0
5106,26.23,42.78,42.33,0
5107,29.37,42.92,45.38,0
5108,25.93,44.86,49.14,0
5109,29.31,39.98,41.6,0
5110,27.54,42.45,42.53,0
5111,36.52,40.53,46.63,0
5112,28.7,42.72,43.77,0
5113,24.52,42.41,46.21,0
5114,28.25,43.22,43.25,0
5115,30.13,42.16,45.14,0
5116,33.51,41.92,48.28,0
5117,26.64,43.95,42.34,0
5118,23.58,43.68,46.71,0
5119,30.69,43.8,45.95,0
5120,24.02,42.68,41.55,0
5121,26.77,42.07,45.58,0
5122,27.22,42.72,44.54,0
5123,27.71,43.63,44.51,0
5124,29.9,39.58,44.94,0
5125,25.7,43.42,43.5,0
5126,26.85,43.26,44.28,0
5127,27.55,42.87,44.55,0
5128,27.96,42.53,45.5,0
5129,27.72,38.88,40.89,0
5130,28.65,42.04,46.46,0
5131,29.8,45.36,41.5,0
5132,28.36,42.67,45.27,0
5133,28.47,42.17,43.84,0
5134,22.28,42.63,41.06,0
5135,27.1,43.12,44.61,0
5136,28.3,43.55,41.6,0
5137,28.97,42.19,45.57,0
5138,24.63,43.15,41.94,0
5139,24.65,45.0,40.31,0
5140,24.83,43.97,46.31,0
5141,28.08,45.95,43.54,0
5142,29.49,41.43,44.85,0
5143,25.09,44.91,41.35,0
5144,28.96,41.18,39.2,0
5145,26.52,42.88,46.27,0
5146,25.7,43.42,42.85,0
5147,25.36,41.53,43.78,0
5148,28.16,42.41,44.05,0
5149,26.82,43.62,42.0,0
5150,32.59,41.16,43.06,0
5151,23.13,44.71,45.74,0
5152,27.16,40.11,42.42,0
5153,23.95,45.07,44.31,0
5154,22.85,43.64,38.38,0
5155,25.35,41.98,44.55,0
5156,25.72,41.49,39.2,0
5157,33.98,41.31,44.2,0
5158,24.6,41.84,42.9,0
5159,21.69,41.95,41.87,0
5160,25.82,43.88,41.8,0
5161,18.7,44.93,41.43,0
5162,24.57,42.25,40.24,0
5163,24.82,40.66,41.41,0
5164,27.08,41.09,46.18,0
5165,27.55,41.61,44.3,0
5166,23.04,40.32,39.9,0
5167,24.02,40.07,42.12,0
5168,22.1,44.97,41.71,0
5169,20.94,42.25,41.18,0
5170,25.18,40.53,39.4,0
5171,20.36,42.98,42.24,0
5172,22.86,39.96,42.98,0
5173,21.05,40.07,39.56,0
5174,25.61,40.48,45.08,0
5175,29.29,44.15,44.15,0
5176,19.91,41.27,42.15,0
5177,18.18,37.96,38.53,0
5178,23.3,43.42,41.74,0
5179,23.65,41.12,41.44,0
5180,24.18,38.78,41.85,0
5181,22.12,41.06,43.95,0
5182,22.78,42.3,40.36,0
5183,24.42,42.1,44.75,0
5184,26.37,44.17,41.41,0
5185,17.31,40.17,39.96,0
5186,22.0,41.5,45.28,0
5187,23.67,40.36,42.09,0
5188,20.21,39.08,39.46,0
5189,28.09,42.7,40.48,0
5190,20.92,42.04,41.53,0
5191,22.63,41.75,39.9,0
5192,24.35,41.95,40.42,0
5193,20.84,40.26,38.46,0
5194,17.01,39.76,36.67,0
5195,21.2,41.3,40.2,0
5196,25.5,42.97,40.21,0
5197,21.34,43.62,40.93,0
5198,19.74,42.38,38.67,0
5199,24.99,41.21,37.09,0
5200,21.15,41.55,37.78,0
5201,20.55,41.14,41.77,0
5202,22.46,39.56,38.28,0
5203,24.26,41.12,38.67,0
5204,29.02,39.06,38.88,0
5205,24.29,40.86,38.21,0
5206,25.23,43.48,38.01,0
5207,20.16,42.24,37.6,0
5208,18.54,39.6,42.1,0
5209,21.74,40.86,40.6,0
5210,21.81,39.69,41.69,0
5211,18.19,40.83,42.04,0
5212,20.83,42.47,34.39,0
5213,22.49,41.87,39.72,0
5214,22.31,44.6,37.81,0
5215,22.68,42.64,41.17,0
5216,21.98,41.14,37.4,0
5217,19.52,41.83,36.73,0
5218,19.44,40.49,35.92,0
5219,17.32,39.08,38.13,0
5220,26.21,42.72,40.52,0
5221,20.84,42.25,39.15,0
5222,20.06,40.36,36.18,0
5223,17.89,41.11,42.84,0
5224,29.42,42.55,39.79,0
5225,17.33,41.94,40.0,0
5226,19.21,38.45,40.96,0
5227,21.68,41.0,35.07,0
5228,22.17,40.36,36.48,0
5229,23.19,42.26,39.9,0
5230,25.68,42.12,36.58,0
5231,21.71,42.54,37.61,0
5232,16.97,38.86,37.95,0
5233,19.31,39.35,35.51,0
5234,20.94,42.18,37.3,0
5235,26.17,39.6,39.8,0
5236,15.71,38.19,39.38,0
5237,23.46,41.25,40.1,0
5238,20.33,39.62,39.85,0
5239,22.25,43.11,38.6,0
5240,19.37,40.85,38.4,0
5241,17.1,40.63,38.21,0
5242,21.82,39.82,36.4,0
5243,21.48,42.74,35.55,0
5244,22.37,40.87,36.19,0
5245,19.36,39.71,36.87,0
5246,17.55,39.11,36.17,0
5247,14.62,40.18,38.26,0
5248,21.7,38.81,37.8,0
5249,20.46,41.8,37.97,0
5250,16.24,37.53,38.01,0
5251,17.46,40.01,39.66,0
5252,17.63,41.12,37.2,0
5253,14.53,40.71,39.2,0
5254,16.47,39.1,38.17,0
5255,15.47,41.15,39.36,0
5256,17.58,38.82,40.28,0
5257,16.55,40.1,38.17,0
5258,13.84,41.09,37.18,0
5259,24.73,40.79,37.13,0
5260,22.37,39.07,35.95,0
5261,16.23,41.87,35.85,0
5262,19.33,40.19,38.62,0
5263,19.72,41.15,34.85,0
5264,21.99,42.32,39.96,0
5265,15.91,41.69,36.39,0
5266,21.6,41.68,42.38,0
5267,16.63,40.27,35.23,0
5268,14.22,41.16,37.08,0
5269,20.35,40.27,35.84,0
5270,22.0,38.13,34.92,0
5271,25.85,40.38,38.6,0
5272,14.44,40.3,34.22,0
5273,20.09,40.77,35.04,0
5274,16.72,39.69,37.53,0
5275,20.25,38.73,37.81,0
5276,13.45,40.84,33.5,0
5277,14.02,37.87,37.41,0
5278,15.44,42.02,36.47,0
5279,17.96,39.47,34.34,0
5280,15.76,40.17,34.57,0
5281,19.61,40.63,32.04,0
5282,20.67,40.66,39.51,0
5283,19.35,37.65,38.07,0
5284,22.36,40.99,33.43,0
5285,18.71,40.19,37.57,0
5286,13.77,38.77,34.79,0
5287,21.47,38.59,37.74,0
5288,15.53,39.2,34.88,0
5289,20.03,37.74,35.11,0
5290,21.98,42.26,35.23,0
5291,18.59,41.9,34.46,0
5292,12.69,40.33,38.54,0
5293,14.39,39.31,37.51,0
5294,21.07,39.33,35.9,0
5295,16.56,40.76,37.7,0
5296,17.26,42.24,32.37,0
5297,19.26,38.74,33.13,0
5298,19.04,37.91,36.51,0
5299,17.75,41.89,37.0,0
5300,16.25,36.88,36.06,0
5301,15.9,38.04,31.7,0
5302,19.37,39.17,33.32,0
5303,18.43,37.19,36.24,0
5304,15.96,41.19,40.24,0
5305,19.94,40.79,37.79,0
5306,16.27,38.64,38.48,0
5307,14.07,41.41,35.98,0
5308,14.31,41.65,35.94,0
5309,13.62,39.3,33.18,0
5310,15.71,38.78,37.12,0
5311,20.19,42.84,35.04,0
5312,14.04,40.52,36.55,0
5313,16.99,39.81,35.2,0
5314,14.42,41.46,35.67,0
5315,15.58,39.86,34.91,0
5316,11.8,38.64,35.51,0
5317,15.64,39.51,37.04,0
5318,15.69,40.94,32.48,0
5319,17.86,36.38,32.0,0
5320,16.88,38.93,35.82,0
5321,12.58,41.43,37.82,0
5322,19.4,38.58,38.3,0
5323,16.75,41.65,32.45,0
5324,16.68,41.45,34.07,0
5325,16.03,39.22,31.89,0
5326,14.48,38.46,33.73,0
5327,16.66,38.87,37.05,0
5328,17.41,43.29,34.76,0
5329,10.71,42.1,34.01,0
5330,14.31,39.47,35.83,0
5331,15.13,38.36,33.13,0
5332,16.64,39.44,37.89,0
5333,19.43,39.62,34.69,0
5334,13.51,37.38,33.86,0
5335,14.31,39.36,35.81,0
5336,14.24,41.22,36.5,0
5337,13.35,36.53,37.79,0
5338,14.69,40.46,34.16,0
5339,18.02,41.27,36.74,0
5340,12.52,38.36,34.75,0
5341,16.94,41.74,33.3,0
5342,10.53,38.16,32.96,0
5343,13.93,39.85,32.3,0
5344,14.61,38.72,32.99,0
5345,20.6,38.71,36.69,0
5346,14.73,38.24,35.86,0
5347,8.93,40.21,31.94,0
5348,9.52,40.43,30.92,0
5349,15.6,39.05,32.17,0
5350,17.32,37.1,32.83,0
5351,16.58,39.74,33.76,0
5352,15.94,39.76,36.7,0
5353,18.91,38.8,33.24,0
5354,13.78,41.92,37.68,0
5355,18.07,36.77,30.95,0
5356,10.47,35.78,33.6,0
5357,12.64,38.01,35.85,0
5358,9.91,40.17,35.96,0
5359,14.49,37.51,33.58,0
5360,15.17,37.62,36.25,0
5361,15.63,40.51,35.86,0
5362,15.46,39.78,32.86,0
5363,12.48,39.64,34.84,0
5364,14.68,40.25,35.6,0
5365,10.74,38.43,32.97,0
5366,19.31,38.5,37.56,0
5367,14.3,40.28,32.49,0
5368,13.73,37.04,34.44,0
5369,19.95,35.84,31.65,0
5370,11.44,38.4,34.34,0
5371,11.78,40.44,31.99,0
5372,11.86,39.43,33.53,0
5373,14.94,40.33,30.94,0
5374,16.42,36.01,35.7,0
5375,17.34,39.51,34.81,0
5376,22.83,40.01,36.26,0
5377,8.35,37.0,33.38,0
5378,16.92,40.32,36.34,0
5379,13.41,38.86,34.15,0
5380,13.32,43.63,34.29,0
5381,13.21,35.75,38.28,0
5382,12.34,41.07,33.08,0
5383,20.11,38.43,36.5,0
5384,17.58,36.59,35.0,0
5385,15.11,38.22,32.89,0
5386,19.09,39.43,31.4,0
5387,10.49,40.57,31.96,0
5388,11.04,41.59,36.28,0
5389,8.49,41.14,37.49,0
5390,12.92,37.56,34.2,0
5391,15.5,40.7,34.3,0
5392,15.32,39.59,35.56,0
5393,15.46,38.02,34.15,0
5394,10.77,38.68,36.2,0
5395,17.41,37.94,34.59,0
5396,15.72,39.06,34.27,0
5397,17.2,37.91,32.6,0
5398,9.32,37.46,32.11,0
5399,15.93,39.72,27.68,0
5400,11.44,39.94,36.47,0
5401,13.81,38.72,33.71,0
5402,16.6,41.05,33.2,0
5403,15.27,38.61,30.1,0
5404,12.45,38.55,32.72,0
5405,15.02,39.99,32.46,0
5406,10.41,38.8,32.42,0
5407,18.46,39.13,34.67,0
5408,14.4,35.22,34.25,0
5409,18.37,39.03,31.29,0
5410,13.44,36.26,31.42,0
5411,13.45,37.18,31.42,0
5412,12.73,37.01,37.64,0
5413,17.66,37.45,37.01,0
5414,12.91,38.19,32.33,0
5415,16.98,38.28,30.08,0
5416,13.9,40.01,34.3,0
5417,9.13,39.35,34.14,0
5418,13.35,36.17,34.68,0
5419,11.53,39.15,35.54,0
5420,15.18,39.5,34.96,0
5421,11.51,38.53,31.83,0
5422,17.87,38.94,34.66,0
5423,14.83,39.32,35.79,0
5424,14.58,40.18,32.64,0
5425,17.09,36.67,34.7,0
5426,18.02,38.67,33.0,0
5427,15.08,41.3,38.1,0
5428,12.84,41.17,31.47,0
5429,9.84,40.32,36.44,0
5430,13.11,39.86,30.8,0
5431,13.33,41.54,37.73,0
5432,15.52,41.94,31.87,0
5433,14.17,38.87,34.54,0
5434,17.28,37.61,30.92,0
5435,13.39,38.66,31.49,0
5436,15.08,43.72,35.99,0
5437,18.81,36.72,36.26,0
5438,16.3,38.38,34.7,0
5439,15.11,36.97,35.71,0
5440,13.5,39.28,36.33,0
5441,13.42,37.29,32.89,0
5442,12.78,38.94,31.47,0
5443,13.73,36.18,34.25,0
5444,17.63,40.04,33.14,0
5445,14.72,40.95,35.08,0
5446,11.35,38.54,35.42,0
5447,20.72,38.92,32.97,0
5448,16.4,38.89,35.76,0
5449,11.23,39.41,35.67,0
5450,14.15,39.08,35.83,0
5451,15.83,40.3,33.58,0
5452,20.63,41.0,35.97,0
5453,12.21,37.94,35.47,0
5454,18.48,38.7,35.72,0
5455,19.77,40.52,37.81,0
5456,13.71,37.05,35.13,0
5457,14.78,36.23,33.28,0
5458,12.53,39.53,32.29,0
5459,15.05,39.94,36.78,0
5460,15.57,38.12,35.26,0
5461,17.68,38.34,37.9,0
5462,19.0,38.08,30.52,0
5463,13.51,37.92,36.42,0
5464,9.87,40.27,34.1,0
5465,15.74,37.47,33.93,0
5466,16.7,38.85,33.13,0
5467,16.6,37.9,36.48,0
5468,14.89,37.08,35.93,0
5469,16.27,40.58,32.43,0
5470,20.47,38.5,35.07,0
5471,17.1,39.57,36.17,0
5472,14.86,37.03,35.14,0
5473,14.51,38.19,37.02,0
5474,15.52,40.44,34.25,0
5475,20.97,43.2,30.34,0
5476,15.54,36.36,35.25,0
5477,16.06,39.03,35.26,0
5478,14.7,39.96,35.54,0
5479,19.47,38.43,37.16,0
5480,22.09,40.64,31.06,0
5481,17.59,38.07,34.51,0
5482,16.51,39.61,33.17,0
5483,16.41,38.61,32.62,0
5484,9.18,41.23,34.92,0
5485,18.6,38.39,36.49,0
5486,16.79,38.89,35.72,0
5487,17.71,40.85,33.76,0
5488,14.32,37.89,34.87,0
5489,15.34,39.55,37.05,0
5490,15.29,36.72,36.58,0
5491,19.62,37.83,34.14,0
5492,15.45,40.05,34.04,0
5493,22.87,38.0,31.87,0
5494,17.95,38.68,34.47,0
5495,12.87,40.25,31.88,0
5496,16.34,38.65,39.52,0
5497,14.81,40.76,33.7,0
5498,10.22,39.86,37.66,0
5499,21.64,40.2,39.11,0
5500,18.98,41.42,35.93,0
5501,18.51,40.05,35.33,0
5502,17.44,41.89,32.91,0
5503,12.84,40.96,34.58,0
5504,15.57,38.82,38.83,0
5505,19.59,41.56,36.35,0
5506,13.95,40.03,35.74,0
5507,9.55,39.05,38.34,0
5508,16.5,40.07,37.14,0
5509,16.79,41.33,35.48,0
5510,17.67,40.36,36.24,0
5511,19.49,42.42,34.3,0
5512,19.25,41.33,34.75,0
5513,18.16,40.5,35.49,0
5514,21.01,38.19,37.05,0
5515,12.91,39.47,33.48,0
5516,19.02,39.86,36.16,0
5517,19.43,40.81,35.26,0
5518,13.87,40.73,34.27,0
5519,13.13,40.05,35.34,0
5520,15.44,39.98,31.5,0
5521,15.74,40.9,34.66,0
5522,20.03,38.54,34.01,0
5523,15.97,42.39,35.69,0
5524,15.29,36.79,31.73,0
5525,16.07,42.05,36.7,0
5526,21.3,39.82,38.18,0
5527,18.03,41.4,36.16,0
5528,17.5,40.46,37.43,0
5529,17.76,40.44,35.44,0
5530,22.01,40.77,33.4,0
5531,15.93,41.17,36.55,0
5532,22.17,39.47,37.94,0
5533,18.91,41.53,33.97,0
5534,17.84,38.37,35.73,0
5535,25.87,40.0,36.2,0
5536,15.25,41.28,42.44,0
5537,17.41,41.53,37.22,0
5538,14.82,40.75,33.0,0
5539,21.42,39.48,32.55,0
5540,23.68,41.43,38.35,0
5541,23.68,39.1,41.9,0
5542,22.39,42.74,36.41,0
5543,18.18,40.0,36.33,0
5544,17.72,37.84,37.92,0
5545,13.86,38.37,35.5,0
5546,25.03,40.24,32.05,0
5547,20.38,40.4,39.25,0
5548,17.55,43.16,36.0,0
5549,23.06,38.67,39.36,0
5550,16.21,40.3,35.78,0
5551,20.41,38.67,37.59,0
5552,18.72,39.53,39.1,0
5553,21.21,42.81,39.58,0
5554,19.16,38.6,37.94,0
5555,15.05,41.2,37.89,0
5556,19.68,40.93,38.81,0
5557,22.66,40.32,38.54,0
5558,19.48,41.15,35.07,0
5559,21.95,38.65,35.15,0
5560,16.54,42.89,33.53,0
5561,19.66,43.31,39.32,0
5562,17.92,40.51,37.04,0
5563,22.09,44.09,39.52,0
5564,20.0,39.87,38.73,0
5565,22.03,41.09,35.97,0
5566,23.28,42.65,37.78,0
5567,22.15,39.84,37.15,0
5568,20.96,38.47,36.89,0
5569,17.2,38.14,39.99,0
5570,20.25,43.67,43.23,0
5571,18.71,39.8,40.48,0
5572,19.34,40.33,38.24,0
5573,19.31,38.96,40.87,0
5574,17.55,42.07,41.82,0
5575,14.68,39.49,35.66,0
5576,18.61,39.95,40.94,0
5577,21.25,41.15,40.08,0
5578,16.69,39.12,40.96,0
5579,20.84,40.47,40.26,0
5580,26.56,42.86,38.23,0
5581,23.99,41.42,42.8,0
5582,25.91,40.99,39.46,0
5583,22.22,41.14,37.97,0
5584,24.61,40.25,39.9,0
5585,19.0,43.85,40.88,0
5586,19.3,39.65,39.18,0
5587,13.08,41.21,39.82,0
5588,24.92,41.08,39.26,0
5589,26.04,42.44,37.82,0
5590,19.83,42.6,37.55,0
5591,20.79,40.92,36.44,0
5592,19.36,41.42,42.33,0
5593,22.83,41.5,38.9,0
5594,25.12,37.62,32.54,0
5595,16.58,38.66,40.24,0
5596,23.11,40.16,40.25,0
5597,21.11,40.24,35.82,0
5598,22.35,39.3,37.94,0
5599,23.45,42.25,37.91,0
5600,21.58,41.15,38.23,0
5601,21.9,40.84,42.19,0
5602,21.64,39.3,39.52,0
5603,25.26,41.14,39.02,0
5604,23.67,37.28,42.18,0
5605,23.14,41.0,40.98,0
5606,18.74,41.36,36.56,0
5607,21.48,41.65,38.86,0
5608,25.38,38.96,40.79,0
5609,22.87,41.66,38.34,0
5610,24.8,39.79,44.32,0
5611,28.19,40.15,40.54,0
5612,26.08,42.47,38.86,0
5613,23.31,44.43,38.18,0
5614,21.57,41.51,42.34,0
5615,15.51,40.23,39.24,0
5616,22.74,41.76,41.36,0
5617,22.34,42.9,38.35,0
5618,24.56,42.45,40.85,0
5619,23.0,45.65,39.49,0
5620,22.57,40.49,40.19,0
5621,18.26,41.96,39.29,0
5622,20.85,43.92,42.99,0
5623,25.17,43.85,40.01,0
5624,28.96,38.72,40.77,0
5625,23.6,41.66,40.92,0
5626,24.94,43.92,44.39,0
5627,26.89,46.05,43.01,0
5628,21.67,42.79,42.87,0
5629,25.28,41.2,38.19,0
5630,22.03,40.26,40.09,0
5631,26.92,45.13,43.84,0
5632,24.86,42.91,39.18,0
5633,25.37,40.57,41.75,0
5634,22.2,41.56,39.51,0
5635,26.75,42.35,39.77,0
5636,30.95,42.73,45.12,0
5637,21.75,40.58,43.26,0
5638,23.83,41.03,43.85,0
5639,25.62,39.5,43.51,0
5640,27.36,43.56,41.72,0
5641,23.4,41.51,40.68,0
5642,16.65,42.74,41.32,0
5643,29.31,44.2,41.8,0
5644,27.59,42.42,45.8,0
5645,20.15,41.94,39.63,0
5646,23.63,42.43,41.26,0
5647,30.24,42.25,40.6,0
5648,29.95,44.05,44.6,0
5649,28.5,42.67,46.26,0
5650,25.24,41.41,43.23,0
5651,26.09,43.82,43.46,0
5652,25.53,44.12,42.92,0
5653,29.38,40.29,43.67,0
5654,23.45,44.62,44.41,0
5655,23.74,42.89,43.77,0
5656,29.26,42.79,43.98,0
5657,26.18,43.9,44.6,0
5658,30.53,41.57,39.56,0
5659,24.45,43.87,43.18,0
5660,26.38,41.9,43.85,0
5661,23.86,40.28,44.13,0
5662,26.73,41.02,43.02,0
5663,22.35,43.39,43.75,0
5664,25.4,41.14,42.05,0
5665,22.64,45.0,40.01,0
5666,29.11,44.39,45.59,0
5667,29.25,44.63,41.42,0
5668,21.99,42.84,43.43,0
5669,31.27,43.07,42.31,0
5670,34.84,40.91,47.05,0
5671,27.57,44.22,43.78,0
5672,25.58,43.32,43.39,0
5673,36.06,43.63,45.57,0
5674,23.71,45.33,48.45,0
5675,27.81,41.92,45.01,0
5676,28.37,42.66,43.51,0
5677,31.95,43.36,45.72,0
5678,29.08,41.5,41.25,0
5679,26.58,42.64,44.55,0
5680,25.31,43.69,48.52,0
5681,27.22,42.48,44.91,0
5682,25.3,44.96,44.87,0
5683,28.55,40.76,44.77,0
5684,26.8,44.73,44.0,0
5685,24.09,44.06,45.49,0
5686,32.42,42.24,46.47,0
5687,27.24,41.73,44.33,0
5688,25.02,40.03,40.07,0
5689,28.4,41.98,46.05,0
5690,29.19,44.77,49.45,0
5691,23.83,43.14,44.5,0
5692,30.15,44.99,42.38,0
5693,26.09,42.34,46.74,0
5694,34.45,44.36,48.94,0
5695,30.98,42.24,46.58,0
5696,28.29,41.9,49.04,0
5697,27.34,43.21,47.24,0
5698,29.34,42.4,47.14,0
5699,31.58,41.11,44.76,0
5700,29.75,43.17,46.43,0
5701,29.26,43.63,45.87,0
5702,30.17,45.4,45.87,0
5703,28.27,44.93,45.55,0
5704,29.13,45.38,46.58,0
5705,23.99,44.65,43.6,0
5706,33.25,44.1,47.89,0
5707,31.31,41.78,44.58,0
5708,28.18,43.88,45.9,0
5709,36.28,44.57,47.13,0
5710,30.93,45.89,44.68,0
5711,27.65,44.76,42.67,0
5712,33.41,45.61,45.91,0
5713,32.12,42.23,43.88,0
5714,32.2,43.31,48.23,0
5715,29.82,44.47,44.57,0
5716,32.54,45.6,49.92,0
5717,30.48,43.66,47.0,0
5718,33.02,43.78,47.2,0
5719,25.73,44.96,43.19,0
5720,30.23,42.27,47.51,0
5721,36.78,46.4,47.13,0
5722,29.4,42.69,44.76,0
5723,29.97,41.16,47.6,0
5724,30.53,44.08,46.7,0
5725,28.31,46.63,47.13,0
5726,25.42,44.99,47.69,0
5727,31.44,45.27,46.76,0
5728,32.62,44.23,48.27,0
5729,32.15,43.96,47.67,0
5730,31.95,41.9,48.86,0
5731,32.61,40.85,46.92,0
5732,35.63,44.56,45.92,0
5733,32.08,46.26,46.7,0
5734,31.01,44.84,51.07,0
5735,31.98,45.28,50.17,0
5736,34.65,46.75,50.75,0
5737,37.23,44.89,50.96,0
5738,31.2,44.24,47.53,0
5739,33.47,43.22,49.13,0
5740,34.27,47.51,48.76,0
5741,30.37,45.29,49.99,0
5742,33.49,43.11,48.17,0
5743,29.12,42.8,49.0,0
5744,28.3,46.46,49.03,0
5745,34.79,43.05,50.02,0
5746,32.63,47.41,50.33,0
5747,34.47,40.53,49.28,0
5748,33.9,46.82,49.41,0
5749,31.11,45.44,49.68,0
5750,33.99,44.92,52.6,0
5751,30.52,44.5,45.91,0
5752,38.47,47.63,47.5,0
5753,30.32,45.88,50.86,0
5754,33.89,43.49,50.12,0
5755,31.44,42.29,50.18,0
5756,36.36,45.16,51.06,0
5757,33.74,44.92,50.22,0
5758,33.27,42.67,48.74,0
5759,37.47,44.89,51.19,0
5760,35.09,44.14,50.04,0
5761,36.64,45.04,49.17,0
5762,32.23,46.14,51.52,0
5763,31.05,47.32,51.51,0
5764,35.67,46.47,50.71,0
5765,34.48,44.05,53.78,0
5766,37.4,45.71,53.07,0
5767,35.37,45.28,52.49,0
5768,36.31,43.21,55.69,0
5769,30.92,45.83,50.34,0
5770,41.54,48.05,49.77,0
5771,35.47,45.34,52.49,0
5772,38.14,42.92,50.33,0
5773,33.63,45.39,50.93,0
5774,37.15,43.55,49.0,0
5775,32.4,46.69,52.26,0
5776,37.75,46.21,48.17,0
5777,35.41,45.19,50.99,0
5778,36.66,44.97,51.22,0
5779,38.75,45.18,50.45,0
5780,33.05,45.54,47.88,0
5781,34.78,44.39,47.93,0
5782,38.29,43.49,50.04,0
5783,43.3,47.31,52.68,0
5784,36.68,45.05,52.25,0
5785,38.95,45.9,51.71,0
5786,36.94,46.11,50.04,0
5787,43.18,46.19,52.56,0
5788,32.2,43.97,48.35,0
5789,37.81,43.24,47.23,0
5790,32.73,44.9,51.6,0
5791,30.18,46.4,51.07,0
5792,38.68,44.74,54.25,0
5793,38.29,45.33,52.61,0
5794,37.1,49.08,55.67,0
5795,37.72,43.14,51.34,0
5796,47.42,44.81,53.48,0
5797,37.44,48.81,52.07,0
5798,39.83,45.92,55.4,0
5799,36.44,44.96,52.3,0
5800,39.36,47.8,54.49,0
5801,37.84,46.15,50.69,0
5802,37.41,45.57,52.09,0
5803,44.19,46.41,52.82,0
5804,42.35,45.16,55.58,0
5805,39.31,44.64,48.73,0
5806,32.07,46.03,52.52,0
5807,37.99,44.71,52.53,0
5808,47.27,46.26,49.17,0
5809,38.55,46.8,52.47,0
5810,42.64,47.58,50.38,0
5811,43.74,48.02,48.87,0
5812,40.16,45.74,53.07,0
5813,37.06,47.12,53.07,0
5814,32.36,47.14,53.25,0
5815,41.81,46.92,54.31,0
5816,37.39,45.73,52.11,0
5817,40.45,44.93,57.52,0
5818,36.26,47.26,53.94,0
5819,39.3,43.97,56.65,0
5820,40.28,46.15,50.78,0
5821,41.07,42.75,52.54,0
5822,37.0,44.6,55.65,0
5823,44.02,45.31,53.89,0
5824,38.72,48.3,52.26,0
5825,35.57,47.71,50.8,0
5826,40.35,45.87,56.01,0
5827,40.87,47.82,55.91,0
5828,41.33,48.09,55.16,0
5829,45.02,46.54,53.75,0
5830,40.3,44.73,52.59,0
5831,40.74,46.52,54.77,0
5832,37.87,46.71,52.31,0
5833,43.72,45.03,53.51,0
5834,41.9,47.45,57.6,0
5835,40.17,47.35,51.44,0
5836,35.8,47.62,56.56,0
5837,45.93,47.4,58.26,0
5838,37.99,48.1,56.97,0
5839,39.98,46.76,56.2,0
5840,42.92,47.35,54.55,0
5841,38.33,46.48,54.25,0
5842,37.52,46.22,51.11,0
5843,35.71,49.13,55.74,0
5844,44.33,44.08,54.93,0
5845,40.61,48.49,54.4,0
5846,51.11,46.27,55.82,0
5847,39.43,46.1,56.05,0
5848,39.73,47.64,54.72,0
5849,40.88,45.04,59.28,0
5850,43.38,46.07,57.58,0
5851,41.32,46.05,57.98,0
5852,44.65,47.01,56.05,0
5853,39.96,46.16,57.34,0
5854,38.83,49.79,54.59,0
5855,37.66,50.11,57.78,0
5856,36.46,44.41,56.1,0
5857,41.66,48.28,54.53,0
5858,42.39,48.78,56.59,0
5859,41.48,48.33,56.11,0
5860,47.18,46.55,61.41,0
5861,47.22,47.19,57.7,0
5862,42.61,46.46,60.05,0
5863,38.31,46.98,59.21,0
5864,42.07,45.82,57.09,0
5865,42.05,47.48,56.19,0
5866,41.95,45.42,53.66,0
5867,41.91,47.4,55.46,0
5868,42.12,45.85,58.59,0
5869,43.0,48.06,56.72,0
5870,42.33,46.75,58.14,0
5871,44.94,48.23,53.39,0
5872,45.47,49.44,58.42,0
5873,41.73,50.22,59.77,0
5874,48.36,44.07,54.08,0
5875,41.68,46.63,58.44,0
5876,39.84,47.45,60.44,0
5877,45.91,48.62,61.18,0
5878,42.4,45.48,56.87,0
5879,45.89,46.5,59.5,0
5880,37.79,48.2,60.86,0
5881,49.25,48.15,58.86,0
5882,47.17,48.61,60.69,0
5883,40.72,48.73,58.11,0
5884,40.86,48.6,59.03,0
5885,50.39,48.4,57.06,0
5886,43.24,48.22,58.03,0
5887,43.02,49.15,59.29,0
5888,38.8,44.82,57.09,0
5889,44.62,50.52,58.09,0
5890,45.06,44.92,60.12,0
5891,47.97,46.63,62.76,0
5892,41.7,47.93,54.62,0
5893,41.41,49.3,62.73,0
5894,47.39,43.82,58.31,0
5895,49.13,48.29,60.82,0
5896,41.47,49.54,61.27,0
5897,49.5,49.87,62.13,0
5898,46.44,47.35,57.61,0
5899,49.68,47.97,58.67,0
5900,46.26,47.52,59.07,0
5901,38.98,47.87,58.52,0
5902,46.16,46.94,61.93,0
5903,49.87,47.17,59.19,0
5904,44.07,49.18,56.17,0
5905,45.66,48.75,58.19,0
5906,46.37,49.31,56.36,0
5907,38.27,48.91,59.12,0
5908,52.05,49.67,60.97,0
5909,44.4,49.95,58.38,0
5910,48.69,46.04,58.93,0
5911,46.98,47.39,59.25,0
5912,51.09,48.35,60.13,0
5913,48.6,48.68,60.94,0
5914,46.75,47.73,61.57,0
5915,44.84,50.12,64.53,0
5916,49.98,51.75,60.32,0
5917,42.03,49.08,61.59,0
5918,49.66,48.94,57.0,0
5919,44.49,50.11,59.47,0
5920,51.61,46.06,59.74,0
5921,48.41,48.92,58.3,0
5922,49.92,50.37,59.32,0
5923,48.3,47.95,60.23,0
5924,42.86,47.1,59.49,0
5925,45.6,48.68,65.75,0
5926,50.27,48.88,61.63,0
5927,48.82,47.63,64.66,0
5928,51.93,52.16,63.69,0
5929,49.66,48.32,59.48,0
5930,45.61,47.32,60.88,0
5931,46.19,48.93,59.99,0
5932,48.95,50.45,60.59,0
5933,41.76,49.14,59.01,0
5934,53.79,49.86,60.13,0
5935,50.16,47.84,61.78,0
5936,52.57,51.4,61.78,0
5937,44.21,50.03,61.67,0
5938,52.75,50.78,61.1,0
5939,55.77,49.77,62.99,0
5940,45.18,50.48,60.8,0
5941,51.52,47.95,64.15,0
5942,49.27,48.54,57.72,0
5943,44.69,51.32,62.77,0
5944,50.87,51.66,62.49,0
5945,51.95,47.61,60.21,0
5946,47.7,49.73,60.9,0
5947,53.07,48.72,62.58,0
5948,44.63,48.34,63.53,0
5949,45.2,49.83,58.25,0
5950,50.16,51.14,63.05,0
5951,49.88,50.12,60.93,0
5952,47.71,48.98,64.14,0
5953,52.35,50.25,58.26,0
5954,51.57,48.95,66.87,0
5955,52.61,50.13,60.26,0
5956,49.72,51.62,64.94,0
5957,51.96,46.43,61.98,0
5958,48.87,50.76,60.53,0
5959,56.43,47.27,62.74,0
5960,47.88,51.44,64.31,0
5961,56.69,48.66,59.2,0
5962,50.54,47.8,63.75,0
5963,46.36,50.69,62.37,0
5964,54.65,50.21,63.59,0
5965,50.98,48.18,62.5,0
5966,53.21,47.82,61.38,0
5967,54.38,49.43,60.34,0
5968,51.77,47.92,63.95,0
5969,49.04,48.15,63.99,0
5970,53.79,49.93,64.02,0
5971,50.92,48.33,63.59,0
5972,53.03,50.43,64.67,0
5973,44.56,52.04,65.63,0
5974,52.42,49.6,59.11,0
5975,49.21,50.03,58.22,0
5976,56.14,52.88,66.38,0
5977,53.1,48.09,60.3,0
5978,52.0,51.67,60.85,0
5979,52.79,51.51,62.49,0
5980,48.39,51.2,59.8,0
5981,56.3,51.87,62.38,0
5982,57.46,50.37,61.29,0
5983,52.71,49.09,62.76,0
5984,56.35,51.62,63.82,0
5985,49.92,51.69,62.62,0
5986,49.29,51.66,62.55,0
5987,51.85,50.08,63.9,0
5988,53.08,48.96,65.51,0
5989,50.64,50.33,66.66,0
5990,53.48,51.47,63.06,0
5991,52.83,51.61,67.18,0
5992,48.97,49.44,65.32,0
5993,53.56,50.58,61.14,0
5994,54.64,48.15,61.12,0
5995,52.61,51.61,62.52,0
5996,55.6,48.97,66.6,0
5997,48.54,51.33,62.75,0
5998,53.64,48.45,60.0,0
5999,48.77,51.73,63.36,0
6000,98.98,50.68,139.9,1
6001,100.0,49.04,141.78,1
6002,99.58,51.26,142.75,1
6003,100.0,49.35,144.26,1
6004,100.0,51.37,146.04,1
6005,100.0,49.85,145.42,1
6006,100.0,47.69,141.7,1
6007,97.86,48.81,143.35,1
6008,100.0,49.65,144.28,1
6009,100.0,52.36,143.64,1
6010,100.0,51.67,143.65,1
6011,100.0,52.77,140.78,1
6012,100.0,52.83,141.95,1
6013,100.0,49.56,143.48,1
6014,100.0,50.09,138.13,1
6015,100.0,49.76,145.63,1
6016,100.0,49.39,141.64,1
6017,100.0,47.64,145.78,1
6018,100.0,50.39,145.64,1
6019,100.0,48.5,143.38,1
6020,100.0,50.39,146.5,1
6021,100.0,53.62,146.02,1
6022,100.0,49.7,143.94,1
6023,100.0,50.76,143.74,1
6024,100.0,51.84,146.81,1
6025,100.0,50.91,145.11,1
6026,100.0,50.94,146.76,1
6027,98.86,49.97,139.92,1
6028,97.51,50.18,144.93,1
6029,100.0,49.09,141.6,1
6030,98.58,51.81,144.73,1
6031,100.0,47.94,146.24,1
6032,100.0,52.02,148.31,1
6033,100.0,48.47,142.98,1
6034,99.33,52.03,143.84,1
6035,100.0,50.06,144.72,1
6036,100.0,48.75,142.99,1
6037,98.62,51.48,146.92,1
6038,100.0,52.01,144.85,1
6039,100.0,49.97,145.25,1
6040,100.0,51.72,146.28,1
6041,100.0,47.22,144.92,1
6042,100.0,48.67,143.45,1
6043,100.0,52.6,144.98,1
6044,100.0,50.34,143.42,1
6045,100.0,47.89,145.37,1
6046,100.0,49.64,147.17,1
6047,100.0,49.31,142.85,1
6048,99.99,50.46,142.15,1
6049,100.0,50.16,145.34,1
6050,100.0,50.99,143.72,1
6051,100.0,50.63,145.34,1
6052,100.0,52.78,145.94,1
6053,100.0,51.38,141.03,1
6054,100.0,51.44,146.72,1
6055,100.0,52.51,143.02,1
6056,100.0,50.18,145.34,1
6057,100.0,48.88,144.08,1
6058,100.0,52.59,144.31,1
6059,100.0,50.99,148.82,1
6060,100.0,51.0,146.09,1
6061,100.0,49.85,147.28,1
6062,100.0,49.88,145.79,1
6063,100.0,52.09,146.75,1
6064,100.0,52.3,146.36,1
6065,100.0,52.0,146.05,1
6066,100.0,52.02,147.77,1
6067,100.0,51.69,145.89,1
6068,100.0,51.04,150.16,1
6069,100.0,50.59,147.53,1
6070,100.0,52.67,143.34,1
6071,100.0,50.3,145.28,1
6072,100.0,51.42,146.44,1
6073,100.0,49.67,145.75,1
6074,100.0,49.89,147.05,1
6075,100.0,50.53,147.29,1
6076,100.0,49.68,142.99,1
6077,100.0,52.09,148.28,1
6078,100.0,48.88,144.74,1
6079,100.0,51.05,144.55,1
6080,100.0,51.11,144.56,1
6081,100.0,48.2,147.39,1
6082,100.0,50.26,145.25,1
6083,100.0,51.31,144.46,1
6084,100.0,51.57,144.96,1
6085,100.0,50.62,142.22,1
6086,100.0,51.95,144.14,1
6087,100.0,50.77,143.36,1
6088,100.0,50.96,145.31,1
6089,100.0,51.32,147.18,1
6090,100.0,52.34,146.97,1
6091,100.0,49.94,148.39,1
6092,100.0,50.23,147.95,1
6093,100.0,49.96,144.83,1
6094,100.0,50.46,145.94,1
6095,100.0,53.1,145.84,1
6096,100.0,51.83,141.61,1
6097,100.0,49.27,143.48,1
6098,100.0,50.07,145.59,1
6099,100.0,51.53,145.59,1
6100,100.0,49.62,146.96,1
6101,100.0,49.89,146.87,1
6102,100.0,53.0,142.41,1
6103,100.0,50.06,146.99,1
6104,100.0,52.42,146.32,1
6105,100.0,52.87,147.21,1
6106,100.0,49.89,148.1,1
6107,100.0,49.66,145.69,1
6108,100.0,50.58,148.47,1
6109,100.0,49.36,144.2,1
6110,100.0,51.18,144.09,1
6111,100.0,50.69,146.85,1
6112,100.0,51.54,145.25,1
6113,100.0,53.09,146.52,1
6114,100.0,52.22,149.98,1
6115,100.0,51.73,146.78,1
6116,100.0,48.05,146.42,1
6117,100.0,51.66,144.26,1
6118,100.0,53.58,142.6,1
6119,100.0,46.48,145.85,1
6120,100.0,52.03,148.13,1
6121,100.0,50.76,145.35,1
6122,100.0,49.73,146.8,1
6123,100.0,52.2,148.85,1
6124,100.0,53.56,148.8,1
6125,100.0,52.16,146.85,1
6126,100.0,50.44,146.33,1
6127,100.0,49.58,142.96,1
6128,100.0,51.21,144.73,1
6129,100.0,52.31,145.43,1
6130,100.0,50.41,144.28,1
6131,100.0,50.56,146.48,1
6132,100.0,55.22,149.8,1
6133,100.0,52.61,149.01,1
6134,100.0,52.71,146.46,1
6135,100.0,48.8,147.52,1
6136,100.0,49.92,144.5,1
6137,100.0,51.1,148.88,1
6138,100.0,49.48,142.83,1
6139,100.0,53.38,147.77,1
6140,100.0,53.09,146.93,1
6141,100.0,50.17,144.42,1
6142,100.0,53.65,145.51,1
6143,100.0,50.96,143.65,1
6144,100.0,54.85,143.73,1
6145,100.0,51.18,142.72,1
6146,100.0,51.83,147.43,1
6147,100.0,53.06,148.3,1
6148,100.0,52.87,141.56,1
6149,100.0,51.72,149.55,1
6150,60.51,50.74,65.84,0
6151,52.17,51.72,66.43,0
6152,52.49,49.72,62.9,0
6153,52.18,51.17,68.48,0
6154,56.95,49.27,66.22,0
6155,56.11,48.26,68.09,0
6156,54.28,51.0,68.24,0
6157,51.99,52.82,68.46,0
6158,55.0,52.31,64.48,0
6159,50.02,50.79,65.35,0
6160,55.13,53.53,64.53,0
6161,57.3,50.05,67.53,0
6162,50.91,48.02,66.4,0
6163,50.05,47.62,67.86,0
6164,59.37,49.12,67.93,0
6165,52.78,52.11,62.24,0
6166,58.01,49.93,68.38,0
6167,54.12,51.57,67.57,0
6168,54.08,53.34,64.91,0
6169,55.86,49.21,66.34,0
6170,51.87,51.58,65.37,0
6171,54.9,51.66,66.84,0
6172,53.34,49.56,64.85,0
6173,50.51,52.87,66.53,0
6174,55.46,50.4,65.69,0
6175,53.64,50.25,64.68,0
6176,53.93,53.99,65.91,0
6177,50.75,51.6,70.92,0
6178,59.14,52.2,64.12,0
6179,56.97,52.83,64.97,0
6180,57.21,49.82,64.12,0
6181,53.38,52.66,64.31,0
6182,49.09,50.03,67.05,0
6183,60.11,49.96,66.83,0
6184,54.04,50.36,65.37,0
6185,51.95,49.83,67.41,0
6186,55.43,51.99,66.93,0
6187,57.65,51.15,65.0,0
6188,54.06,50.0,62.23,0
6189,57.94,51.74,66.94,0
6190,57.32,50.31,65.6,0
6191,50.82,50.22,65.28,0
6192,52.0,50.78,64.28,0
6193,56.87,51.39,66.68,0
6194,45.83,51.27,65.87,0
6195,53.49,50.14,64.68,0
6196,49.62,51.94,62.68,0
6197,52.45,50.33,67.24,0
6198,52.96,49.67,66.29,0
6199,52.75,48.45,65.57,0
6200,52.14,52.11,59.72,0
6201,50.47,50.65,64.94,0
6202,60.61,50.94,64.5,0
6203,59.31,52.18,63.73,0
6204,50.19,49.89,66.45,0
6205,58.39,48.53,66.34,0
6206,52.41,50.69,65.76,0
6207,53.96,51.03,66.94,0
6208,53.35,50.17,62.79,0
6209,51.53,52.76,63.9,0
6210,56.43,46.81,64.93,0
6211,53.82,52.21,63.51,0
6212,51.98,51.71,66.18,0
6213,49.46,51.2,63.66,0
6214,50.66,45.5,67.27,0
6215,48.38,52.42,62.78,0
6216,53.31,48.94,68.88,0
6217,49.65,49.71,68.65,0
6218,52.4,50.2,64.37,0
6219,57.27,51.06,66.82,0
6220,56.72,51.4,63.7,0
6221,52.99,51.77,66.5,0
6222,52.79,51.64,64.09,0
6223,58.65,50.78,61.84,0
6224,54.54,51.02,57.32,0
6225,51.95,48.75,63.81,0
6226,48.62,49.24,64.88,0
6227,54.04,51.7,66.95,0
6228,55.31,51.6,64.33,0
6229,50.89,51.42,66.23,0
6230,53.61,49.55,63.28,0
6231,51.61,51.68,63.49,0
6232,52.11,48.56,66.24,0
6233,45.15,51.9,59.16,0
6234,51.91,49.88,64.09,0
6235,55.44,52.79,63.23,0
6236,50.6,47.97,66.72,0
6237,52.61,52.88,62.9,0
6238,50.14,49.68,64.96,0
6239,53.45,49.64,65.73,0
6240,51.67,50.49,60.87,0
6241,49.46,49.14,63.54,0
6242,56.23,50.06,62.92,0
6243,54.97,49.05,65.64,0
6244,50.33,49.09,65.06,0
6245,53.59,50.86,63.21,0
6246,53.67,48.76,61.55,0
6247,53.93,48.95,65.68,0
6248,46.88,48.03,63.43,0
6249,54.93,49.32,60.29,0
6250,50.16,52.03,60.43,0
6251,50.75,48.78,64.33,0
6252,59.69,48.93,60.87,0
6253,52.63,50.31,67.1,0
6254,50.52,49.45,61.47,0
6255,45.01,53.33,63.3,0
6256,55.75,49.73,63.58,0
6257,47.5,50.46,61.77,0
6258,48.47,51.36,58.71,0
6259,50.44,51.32,63.53,0
6260,55.63,50.26,61.6,0
6261,53.65,49.66,63.3,0
6262,50.81,52.92,62.78,0
6263,52.16,49.72,63.51,0
6264,49.38,49.19,66.07,0
6265,51.55,48.87,61.81,0
6266,51.3,47.23,61.92,0
6267,53.93,51.04,59.49,0
6268,53.87,46.27,62.39,0
6269,52.4,49.77,63.56,0
6270,49.78,49.45,61.73,0
6271,53.04,53.1,63.48,0
6272,50.48,46.98,62.25,0
6273,47.46,48.36,59.96,0
6274,49.44,49.49,63.15,0
6275,50.85,49.38,62.07,0
6276,53.27,48.84,62.68,0
6277,49.94,49.52,61.26,0
6278,46.8,47.74,61.04,0
6279,50.55,50.15,62.62,0
6280,50.66,46.11,61.8,0
6281,50.82,49.54,65.66,0
6282,52.97,48.66,63.76,0
6283,53.21,51.07,63.21,0
6284,48.31,52.16,61.72,0
6285,48.19,49.01,57.98,0
6286,46.86,51.58,60.37,0
6287,52.02,49.0,60.64,0
6288,54.21,48.01,61.34,0
6289,48.86,52.06,61.78,0
6290,49.02,50.2,63.11,0
6291,54.09,49.41,62.3,0
6292,51.14,50.42,64.02,0
6293,50.88,49.78,61.03,0
6294,45.93,49.25,62.12,0
6295,51.48,47.34,62.25,0
6296,46.6,48.91,62.0,0
6297,45.92,50.23,64.02,0
6298,48.22,49.1,63.02,0
6299,47.45,50.61,58.72,0
6300,48.48,49.82,61.09,0
6301,44.76,47.91,61.24,0
6302,51.89,47.23,65.52,0
6303,52.34,48.95,60.51,0
6304,43.05,48.38,59.15,0
6305,51.77,49.65,61.94,0
6306,46.34,48.05,62.01,0
6307,51.27,48.19,60.82,0
6308,48.43,50.67,60.47,0
6309,48.66,49.3,62.76,0
6310,47.96,48.0,59.1,0
6311,52.08,49.06,60.08,0
6312,44.66,51.08,59.66,0
6313,50.14,49.44,62.84,0
6314,51.56,49.87,61.17,0
6315,50.34,47.83,58.42,0
6316,55.1,50.48,58.57,0
6317,46.47,52.39,64.19,0
6318,50.86,47.71,62.56,0
6319,47.6,47.1,62.02,0
6320,51.56,49.12,60.31,0
6321,47.77,50.15,63.25,0
6322,46.56,48.68,57.97,0
6323,51.57,47.22,61.63,0
6324,46.11,48.61,59.18,0
6325,43.28,49.65,59.52,0
6326,45.9,48.12,61.41,0
6327,49.24,49.63,59.62,0
6328,51.49,50.44,58.98,0
6329,47.58,49.03,58.81,0
6330,51.13,48.61,55.77,0
6331,43.03,49.88,61.21,0
6332,45.71,47.33,57.62,0
6333,46.1,47.16,63.29,0
6334,46.55,48.17,58.94,0
6335,47.08,47.81,62.08,0
6336,48.83,47.32,55.79,0
6337,45.35,51.25,60.81,0
6338,47.03,51.74,61.27,0
6339,46.41,47.93,61.84,0
6340,43.69,48.58,56.12,0
6341,46.06,48.14,57.71,0
6342,45.9,50.06,60.22,0
6343,45.76,50.34,59.3,0
6344,46.28,45.69,59.53,0
6345,46.34,49.05,58.17,0
6346,44.74,46.35,61.93,0
6347,49.78,50.93,63.99,0
6348,42.38,48.93,58.92,0
6349,43.66,47.01,59.56,0
6350,54.09,47.86,58.71,0
6351,42.56,47.77,61.11,0
6352,41.54,48.97,60.14,0
6353,47.73,49.72,56.29,0
6354,39.22,46.41,57.13,0
6355,44.67,50.87,56.28,0
6356,51.74,50.5,63.63,0
6357,40.59,46.75,59.45,0
6358,39.2,48.15,56.93,0
6359,40.58,50.59,56.71,0
6360,47.7,49.85,59.61,0
6361,48.3,47.47,59.75,0
6362,43.31,49.18,59.47,0
6363,46.82,52.43,56.97,0
6364,48.87,48.07,58.37,0
6365,49.98,46.94,57.92,0
6366,43.8,48.12,55.76,0
6367,37.56,48.21,55.72,0
6368,41.93,47.03,58.34,0
6369,43.03,48.46,57.84,0
6370,43.46,45.89,58.49,0
6371,43.59,46.75,58.91,0
6372,47.44,48.86,60.26,0
6373,47.83,45.07,55.65,0
6374,43.41,49.03,58.4,0
6375,47.14,44.64,58.58,0
6376,44.84,45.03,56.39,0
6377,43.88,46.86,57.19,0
6378,46.33,48.01,56.32,0
6379,43.75,49.55,61.04,0
6380,49.63,47.62,56.97,0
6381,39.06,47.14,57.6,0
6382,41.75,48.36,56.11,0
6383,42.83,46.16,55.61,0
6384,44.45,47.65,53.9,0
6385,46.86,45.62,58.64,0
6386,42.9,47.52,57.92,0
6387,38.63,47.17,55.71,0
6388,45.34,46.14,54.45,0
6389,45.0,47.57,56.55,0
6390,36.83,47.53,55.13,0
6391,42.56,49.04,55.61,0
6392,37.72,44.84,53.47,0
6393,40.42,47.11,56.36,0
6394,39.62,46.06,56.34,0
6395,44.68,48.48,57.99,0
6396,42.52,48.28,55.43,0
6397,38.23,47.89,55.0,0
6398,44.64,46.05,52.49,0
6399,37.62,48.4,57.74,0
6400,42.83,44.76,57.26,0
6401,39.32,44.42,55.46,0
6402,40.58,45.09,52.68,0
6403,43.11,46.93,52.85,0
6404,43.08,47.97,54.11,0
6405,45.44,42.46,57.07,0
6406,41.1,48.89,55.66,0
6407,42.18,47.08,52.02,0
6408,39.87,44.5,55.75,0
6409,41.64,46.98,53.2,0
6410,42.33,48.44,53.77,0
6411,40.64,47.68,56.69,0
6412,35.44,48.4,56.21,0
6413,41.76,44.68,56.8,0
6414,41.77,46.08,54.5,0
6415,38.56,45.29,56.24,0
6416,36.66,49.23,53.24,0
6417,44.86,47.59,53.83,0
6418,41.82,50.87,53.62,0
6419,39.57,45.88,54.26,0
6420,36.77,45.47,51.57,0
6421,37.63,46.31,53.62,0
6422,43.92,48.57,56.91,0
6423,40.34,45.93,51.75,0
6424,38.19,46.64,51.21,0
6425,41.28,46.57,51.31,0
6426,37.23,46.46,59.06,0
6427,44.09,45.4,54.6,0
6428,43.56,46.14,53.06,0
6429,38.01,46.05,53.67,0
6430,37.44,46.29,53.92,0
6431,31.39,47.69,52.11,0
6432,34.71,48.89,52.29,0
6433,35.05,44.96,52.94,0
6434,39.39,45.61,51.74,0
6435,37.92,44.93,52.33,0
6436,34.78,46.43,53.76,0
6437,37.89,45.31,50.99,0
6438,40.16,46.45,58.14,0
6439,40.14,47.72,54.35,0
6440,32.77,42.25,50.24,0
6441,38.0,46.75,47.75,0
6442,34.15,45.3,51.27,0
6443,40.92,46.66,53.94,0
6444,40.48,44.59,53.48,0
6445,35.35,47.71,52.21,0
6446,35.66,47.26,51.16,0
6447,36.49,46.71,50.49,0
6448,31.03,47.02,51.42,0
6449,38.7,44.69,50.13,0
6450,36.79,44.85,51.29,0
6451,40.43,46.89,54.68,0
6452,34.14,44.58,50.41,0
6453,35.49,47.87,53.1,0
6454,32.74,45.19,53.34,0
6455,34.16,46.41,49.58,0
6456,33.54,48.78,49.99,0
6457,39.99,44.54,53.74,0
6458,34.82,45.68,49.68,0
6459,37.2,47.13,51.35,0
6460,35.6,46.95,55.47,0
6461,32.85,45.01,53.28,0
6462,36.06,44.7,51.43,0
6463,38.28,45.09,52.87,0
6464,32.77,47.59,51.0,0
6465,38.74,44.97,53.08,0
6466,33.67,45.48,46.88,0
6467,34.68,44.7,50.63,0
6468,37.64,46.37,46.66,0
6469,33.97,45.52,51.09,0
6470,35.99,43.76,50.23,0
6471,34.84,43.78,53.35,0
6472,36.09,42.21,51.98,0
6473,28.47,43.94,49.44,0
6474,30.03,46.35,49.61,0
6475,37.28,47.12,51.11,0
6476,38.46,46.13,49.13,0
6477,32.53,45.91,50.14,0
6478,34.44,44.86,52.77,0
6479,35.97,46.19,48.41,0
6480,37.08,45.43,49.1,0
6481,28.83,47.68,49.32,0
6482,32.17,44.8,56.18,0
6483,33.74,46.94,51.01,0
6484,36.76,46.21,51.98,0
6485,42.06,45.97,51.19,0
6486,33.79,41.83,51.25,0
6487,30.17,46.21,50.46,0
6488,35.51,44.6,50.17,0
6489,38.18,44.1,46.47,0
6490,34.45,42.51,50.02,0
6491,31.32,44.7,49.02,0
6492,36.83,44.74,50.25,0
6493,35.86,42.71,48.95,0
6494,30.7,42.42,50.55,0
6495,34.84,45.34,50.83,0
6496,36.6,45.89,43.06,0
6497,37.06,44.84,47.95,0
6498,33.23,46.26,45.03,0
6499,32.27,44.37,49.15,0
6500,36.94,44.4,48.0,0
6501,29.54,43.08,51.25,0
6502,34.4,42.08,48.88,0
6503,28.89,47.18,47.43,0
6504,36.11,46.07,50.2,0
6505,32.05,42.26,47.62,0
6506,36.54,44.55,47.19,0
6507,34.12,44.14,48.91,0
6508,28.89,43.86,51.28,0
6509,36.75,43.63,49.69,0
6510,37.04,44.79,49.05,0
6511,34.95,45.42,53.34,0
6512,29.93,44.77,46.31,0
6513,31.21,43.96,46.19,0
6514,32.48,43.88,47.93,0
6515,29.85,45.49,50.6,0
6516,36.95,44.76,45.61,0
6517,32.22,44.14,50.94,0
6518,23.59,43.96,44.48,0
6519,32.63,44.5,47.05,0
6520,30.48,43.26,47.57,0
6521,31.22,45.16,45.39,0
6522,30.25,42.29,45.84,0
6523,33.69,43.26,48.61,0
6524,34.54,44.77,49.83,0
6525,31.95,42.13,42.65,0
6526,29.99,41.44,47.17,0
6527,30.8,43.87,46.52,0
6528,30.9,41.21,46.89,0
6529,28.35,41.78,45.97,0
6530,32.41,44.84,43.96,0
6531,31.97,43.37,49.55,0
6532,35.12,45.58,48.72,0
6533,34.18,41.82,46.12,0
6534,28.27,43.46,45.29,0
6535,32.71,44.17,44.98,0
6536,27.31,41.79,40.96,0
6537,32.16,45.07,46.77,0
6538,28.44,44.26,47.55,0
6539,26.84,41.06,46.2,0
6540,30.66,43.39,45.69,0
6541,21.72,44.0,46.06,0
6542,24.4,42.51,44.02,0
6543,29.04,41.15,44.66,0
6544,29.73,43.76,45.26,0
6545,28.3,46.64,46.92,0
6546,24.58,42.72,48.21,0
6547,26.78,45.62,44.93,0
6548,30.33,42.12,43.23,0
6549,30.81,43.54,45.33,0
6550,28.94,44.35,49.21,0
6551,32.37,43.16,43.21,0
6552,30.01,42.7,46.83,0
6553,26.49,44.21,47.66,0
6554,27.81,45.93,44.2,0
6555,24.36,43.52,43.46,0
6556,28.16,42.27,45.94,0
6557,31.74,42.74,45.43,0
6558,30.38,46.78,46.05,0
6559,32.45,43.17,48.74,0
6560,27.25,42.06,44.86,0
6561,32.12,41.21,42.08,0
6562,27.42,40.16,44.53,0
6563,32.33,43.42,44.81,0
6564,27.77,43.83,46.8,0
6565,29.87,42.23,43.81,0
6566,32.1,42.78,43.32,0
6567,27.01,41.02,41.33,0
6568,28.16,42.95,45.1,0
6569,31.29,43.45,50.64,0
6570,26.95,41.9,43.43,0
6571,23.3,45.22,44.72,0
6572,33.61,41.4,42.65,0
6573,25.7,43.06,41.12,0
6574,27.5,43.88,44.49,0
6575,30.41,42.47,43.61,0
6576,25.04,42.28,38.72,0
6577,23.76,40.39,46.65,0
6578,27.47,44.55,44.2,0
6579,21.25,42.23,43.45,0
6580,25.68,43.27,42.39,0
6581,27.2,43.45,43.99,0
6582,25.58,41.47,44.01,0
6583,21.68,42.1,43.85,0
6584,31.02,44.37,45.12,0
6585,26.46,40.67,45.51,0
6586,30.37,45.51,46.87,0
6587,25.22,41.18,41.12,0
6588,23.28,40.51,41.59,0
6589,26.65,42.45,43.4,0
6590,25.12,45.54,41.05,0
6591,22.15,39.34,41.31,0
6592,30.02,41.97,43.44,0
6593,23.67,42.87,44.23,0
6594,19.94,42.19,44.92,0
6595,29.36,42.69,41.92,0
6596,23.79,41.01,43.17,0
6597,23.4,41.17,42.67,0
6598,19.86,41.82,42.16,0
6599,30.3,40.33,40.43,0
6600,21.13,41.93,40.11,0
6601,25.1,41.39,43.27,0
6602,27.59,41.25,40.21,0
6603,26.04,42.41,38.27,0
6604,24.52,39.18,41.7,0
6605,19.52,41.54,44.61,0
6606,22.12,45.34,36.05,0
6607,25.04,40.21,41.0,0
6608,22.04,43.75,42.87,0
6609,24.94,41.88,37.82,0
6610,26.3,40.87,40.98,0
6611,27.07,39.77,39.07,0
6612,20.43,41.94,39.27,0
6613,30.62,43.89,40.42,0
6614,26.26,41.1,38.92,0
6615,23.88,41.55,38.7,0
6616,27.08,43.16,40.93,0
6617,30.84,42.13,45.45,0
6618,19.36,39.24,42.45,0
6619,22.92,41.73,42.9,0
6620,16.39,43.83,42.42,0
6621,24.04,41.48,39.37,0
6622,24.48,37.4,41.33,0
6623,23.2,42.08,42.85,0
6624,21.28,41.18,42.25,0
6625,17.03,38.71,40.93,0
6626,24.22,38.91,41.52,0
6627,27.4,42.87,45.35,0
6628,21.19,40.29,42.05,0
6629,24.21,40.01,39.68,0
6630,18.12,41.29,40.11,0
6631,24.13,40.36,38.1,0
6632,21.51,41.46,44.84,0
6633,20.33,40.98,43.3,0
6634,20.27,39.46,40.21,0
6635,21.3,40.48,44.35,0
6636,23.56,41.89,41.2,0
6637,18.41,41.27,39.02,0
6638,21.09,41.06,41.64,0
6639,22.09,44.07,40.57,0
6640,18.85,42.24,41.39,0
6641,27.47,42.4,36.92,0
6642,19.45,40.85,37.99,0
6643,19.94,41.41,42.53,0
6644,18.94,40.42,42.89,0
6645,27.21,42.21,42.28,0
6646,23.41,40.86,43.84,0
6647,18.87,41.34,40.5,0
6648,24.94,41.23,40.31,0
6649,22.15,40.94,37.42,0
6650,22.26,45.35,38.03,0
6651,20.39,39.93,35.16,0
6652,19.11,39.89,38.45,0
6653,22.31,41.93,34.92,0
6654,19.6,39.98,41.15,0
6655,26.62,40.41,39.71,0
6656,17.3,39.2,34.83,0
6657,25.65,41.55,38.46,0
6658,20.65,41.55,42.72,0
6659,21.82,40.3,38.48,0
6660,23.36,41.83,36.69,0
6661,18.91,37.95,35.07,0
6662,23.33,39.66,35.08,0
6663,12.55,40.45,39.61,0
6664,18.45,38.93,37.62,0
6665,17.78,38.04,37.74,0
6666,16.73,40.19,37.53,0
6667,19.79,41.67,38.07,0
6668,21.53,42.54,35.84,0
6669,22.42,39.77,38.88,0
6670,20.98,41.68,35.36,0
6671,18.2,41.51,36.64,0
6672,21.24,42.37,40.13,0
6673,20.45,40.0,38.82,0
6674,22.83,37.81,39.39,0
6675,22.29,40.59,42.27,0
6676,20.0,38.95,37.81,0
6677,17.16,39.37,37.92,0
6678,17.83,39.99,37.3,0
6679,18.09,39.91,36.9,0
6680,18.73,40.62,35.72,0
6681,20.43,41.44,37.87,0
6682,21.71,39.82,38.36,0
6683,19.36,40.95,38.43,0
6684,19.51,40.36,37.69,0
6685,19.83,41.72,39.37,0
6686,17.8,40.02,37.54,0
6687,16.52,40.17,36.62,0
6688,13.97,39.71,35.54,0
6689,17.1,40.01,34.25,0
6690,20.55,39.06,40.23,0
6691,16.97,38.9,35.87,0
6692,18.31,41.37,35.37,0
6693,20.37,38.57,36.34,0
6694,20.48,39.7,36.58,0
6695,15.63,41.68,40.37,0
6696,21.81,39.62,36.4,0
6697,22.15,41.37,42.28,0
6698,15.33,39.23,37.1,0
6699,16.2,38.52,41.05,0
6700,22.19,37.69,38.68,0
6701,18.13,42.04,37.58,0
6702,11.86,38.35,39.97,0
6703,14.27,41.16,39.02,0
6704,17.67,38.53,38.0,0
6705,14.88,41.99,41.33,0
6706,17.08,43.31,35.66,0
6707,18.37,37.45,34.63,0
6708,22.61,38.34,35.23,0
6709,17.31,41.11,40.05,0
6710,21.35,40.71,39.41,0
6711,22.37,41.09,35.42,0
6712,22.34,39.05,31.72,0
6713,18.85,42.88,35.98,0
6714,12.06,40.06,34.33,0
6715,19.28,38.05,35.33,0
6716,21.0,39.48,34.18,0
6717,17.57,38.04,33.03,0
6718,23.0,42.22,39.98,0
6719,20.3,38.83,34.81,0
6720,19.38,40.54,38.97,0
6721,20.9,39.08,35.67,0
6722,18.59,38.85,33.81,0
6723,10.07,36.9,37.06,0
6724,16.01,40.65,35.22,0
6725,21.06,41.69,35.56,0
6726,15.0,38.35,36.23,0
6727,16.71,37.4,34.28,0
6728,14.21,40.91,32.63,0
6729,22.65,37.22,35.74,0
6730,22.3,41.51,37.74,0
6731,14.57,38.31,33.97,0
6732,17.62,38.0,36.05,0
6733,15.1,40.01,38.72,0
6734,18.95,38.07,35.5,0
6735,18.59,38.56,35.82,0
6736,19.46,40.14,35.73,0
6737,17.98,35.95,34.22,0
6738,25.75,42.05,33.57,0
6739,13.83,39.64,33.55,0
6740,11.74,37.62,36.24,0
6741,15.66,38.03,36.99,0
6742,12.1,41.03,37.05,0
6743,12.29,40.43,34.65,0
6744,13.73,41.6,37.57,0
6745,13.93,38.48,35.97,0
6746,13.79,39.94,35.47,0
6747,18.18,40.13,28.62,0
6748,15.07,40.52,33.64,0
6749,16.02,41.16,32.2,0
6750,19.21,38.38,36.47,0
6751,14.19,39.28,35.38,0
6752,15.66,38.52,33.02,0
6753,17.52,39.35,35.75,0
6754,10.57,40.47,32.27,0
6755,9.21,36.93,33.0,0
6756,17.37,41.06,33.64,0
6757,17.77,37.68,36.12,0
6758,22.46,38.92,37.81,0
6759,16.71,41.24,33.82,0
6760,18.67,39.85,37.61,0
6761,15.59,39.86,35.04,0
6762,17.04,37.57,35.39,0
6763,21.12,37.77,34.77,0
6764,9.72,40.74,34.48,0
6765,17.3,38.43,35.73,0
6766,22.44,38.57,36.31,0
6767,16.85,40.75,33.04,0
6768,20.93,37.72,34.4,0
6769,14.06,39.69,38.1,0
6770,15.83,39.34,35.09,0
6771,16.0,39.27,35.29,0
6772,9.22,38.48,37.03,0
6773,12.34,38.38,33.68,0
6774,12.53,37.63,34.59,0
6775,18.27,39.96,36.27,0
6776,18.39,38.23,37.1,0
6777,16.72,40.68,29.87,0
6778,18.2,38.88,33.11,0
6779,15.21,37.62,32.57,0
6780,19.29,38.85,34.3,0
6781,15.69,38.58,32.68,0
6782,15.81,40.7,35.84,0
6783,14.82,38.63,34.84,0
6784,17.65,38.76,36.25,0
6785,14.31,41.29,36.36,0
6786,18.48,39.93,35.8,0
6787,12.14,41.65,33.75,0
6788,12.22,41.04,34.62,0
6789,17.56,37.82,33.47,0
6790,15.21,40.63,31.65,0
6791,14.09,41.42,36.27,0
6792,18.11,41.43,34.18,0
6793,13.6,40.61,31.33,0
6794,14.8,40.57,35.4,0
6795,19.58,38.66,33.86,0
6796,19.98,37.85,30.17,0
6797,20.07,38.58,31.53,0
6798,14.49,36.6,32.87,0
6799,19.01,41.11,34.68,0
6800,12.46,38.67,35.82,0
6801,12.57,41.02,35.74,0
6802,8.22,37.24,35.43,0
6803,20.28,40.7,34.14,0
6804,12.65,38.33,37.64,0
6805,14.85,37.14,35.59,0
6806,12.49,41.51,34.62,0
6807,17.29,40.72,35.3,0
6808,14.07,39.38,33.36,0
6809,11.27,39.11,34.03,0
6810,16.5,39.71,29.97,0
6811,10.86,39.34,33.35,0
6812,12.64,37.86,37.64,0
6813,8.82,38.42,34.41,0
6814,10.86,41.98,34.32,0
6815,15.65,43.04,36.09,0
6816,9.22,41.38,34.8,0
6817,10.66,39.75,32.51,0
6818,15.08,38.52,34.12,0
6819,13.45,37.83,31.8,0
6820,21.05,37.92,34.43,0
6821,20.57,38.19,32.38,0
6822,12.46,42.25,35.91,0
6823,16.73,41.73,33.02,0
6824,17.3,40.13,32.39,0
6825,13.25,37.57,33.81,0
6826,10.55,40.35,34.76,0
6827,15.0,38.65,31.61,0
6828,14.51,35.78,32.98,0
6829,13.72,39.44,34.23,0
6830,16.35,37.74,36.69,0
6831,12.76,37.79,28.95,0
6832,11.56,38.63,35.24,0
6833,15.34,38.26,33.24,0
6834,16.16,38.95,33.02,0
6835,11.47,38.88,32.64,0
6836,17.79,36.19,33.27,0
6837,9.69,41.28,35.24,0
6838,13.27,37.53,32.93,0
6839,14.23,37.57,37.32,0
6840,13.09,38.51,35.25,0
6841,13.31,38.84,34.4,0
6842,20.61,41.19,33.67,0
6843,12.45,39.4,36.38,0
6844,22.33,39.85,36.67,0
6845,16.32,39.41,31.68,0
6846,15.28,39.35,32.6,0
6847,16.44,39.47,35.28,0
6848,22.6,36.1,35.88,0
6849,12.03,38.63,33.41,0
6850,11.66,40.75,32.53,0
6851,12.76,44.92,34.18,0
6852,15.12,37.2,36.98,0
6853,9.85,39.64,34.11,0
6854,15.1,38.15,31.5,0
6855,20.12,42.08,34.25,0
6856,15.5,36.98,35.6,0
6857,14.18,39.95,33.84,0
6858,13.21,36.91,36.57,0
6859,17.76,38.54,35.79,0
6860,12.6,38.97,33.94,0
6861,20.62,40.63,34.15,0
6862,20.89,37.41,30.39,0
6863,15.87,40.03,36.5,0
6864,15.08,39.06,33.43,0
6865,18.21,39.44,33.3,0
6866,18.41,40.48,33.0,0
6867,12.72,37.12,35.02,0
6868,13.57,40.26,31.86,0
6869,11.19,38.19,32.16,0
6870,16.4,40.7,34.03,0
6871,17.18,39.56,32.89,0
6872,11.14,38.74,34.83,0
6873,13.84,38.18,32.99,0
6874,11.18,40.3,37.37,0
6875,12.54,40.96,35.57,0
6876,16.9,38.27,35.56,0
6877,13.06,37.38,33.0,0
6878,14.37,40.12,39.03,0
6879,10.41,36.91,33.35,0
6880,15.86,37.13,32.82,0
6881,15.19,37.5,35.67,0
6882,13.15,38.48,34.66,0
6883,14.78,37.1,32.64,0
6884,15.91,36.2,38.69,0
6885,12.94,37.41,36.26,0
6886,10.97,40.08,34.33,0
6887,20.84,37.22,39.14,0
6888,13.54,38.62,35.97,0
6889,15.17,42.06,34.34,0
6890,18.51,39.07,38.94,0
6891,26.08,39.66,35.71,0
6892,11.78,37.73,35.64,0
6893,16.88,42.4,33.65,0
6894,13.43,38.35,34.54,0
6895,13.96,38.83,33.64,0
6896,13.43,41.15,37.35,0
6897,12.24,38.91,31.27,0
6898,15.51,39.26,37.24,0
6899,11.24,38.78,32.77,0
6900,18.52,38.79,34.43,0
6901,15.87,39.77,33.97,0
6902,16.99,40.05,33.54,0
6903,14.35,38.26,35.98,0
6904,14.67,38.08,34.61,0
6905,16.66,38.33,33.3,0
6906,12.33,37.15,34.97,0
6907,14.77,36.87,33.29,0
6908,13.3,39.71,33.62,0
6909,13.23,40.68,31.73,0
6910,9.6,40.58,33.84,0
6911,19.97,35.71,35.75,0
6912,13.92,38.93,34.86,0
6913,19.5,37.65,38.43,0
6914,19.24,39.53,40.05,0
6915,12.2,38.69,33.92,0
6916,12.82,40.21,33.21,0
6917,23.8,39.31,37.15,0
6918,21.4,36.5,35.59,0
6919,16.08,37.9,37.21,0
6920,16.98,39.37,35.76,0
6921,14.34,39.51,34.6,0
6922,17.56,37.27,34.64,0
6923,14.15,37.08,35.9,0
6924,10.23,39.48,34.64,0
6925,12.4,37.3,37.53,0
6926,16.45,36.91,32.51,0
6927,13.03,38.76,37.57,0
6928,16.25,38.7,31.42,0
6929,13.27,38.13,35.48,0
6930,14.18,38.4,34.56,0
6931,19.12,39.49,32.21,0
6932,17.33,38.4,31.15,0
6933,16.6,39.59,33.1,0
6934,19.3,38.93,35.42,0
6935,18.14,39.76,34.15,0
6936,21.07,40.84,33.3,0
6937,15.39,40.79,38.12,0
6938,15.51,41.47,32.98,0
6939,12.93,40.81,36.83,0
6940,15.59,39.92,33.72,0
6941,19.81,38.92,33.28,0
6942,20.85,39.0,34.35,0
6943,19.87,38.28,36.83,0
6944,11.64,39.61,32.88,0
6945,20.31,40.66,36.22,0
6946,11.59,38.54,33.76,0
6947,19.83,39.59,34.15,0
6948,16.08,38.64,36.55,0
6949,19.33,39.98,40.12,0
6950,13.26,38.85,33.99,0
6951,20.81,38.58,37.28,0
6952,12.95,38.68,35.25,0
6953,15.38,40.47,34.96,0
6954,14.43,39.58,38.08,0
6955,12.2,39.1,34.29,0
6956,17.79,40.14,33.7,0
6957,22.97,39.14,36.96,0
6958,25.59,41.47,39.26,0
6959,17.93,38.33,37.61,0
6960,21.03,39.52,33.33,0
6961,18.42,37.71,34.95,0
6962,19.26,39.31,38.17,0
6963,16.79,37.32,39.41,0
6964,18.44,40.98,36.74,0
6965,19.51,41.02,35.16,0
6966,16.21,41.06,39.65,0
6967,17.76,39.94,36.25,0
6968,17.86,38.59,35.22,0
6969,20.56,38.73,34.92,0
6970,14.93,42.23,34.12,0
6971,18.02,42.11,42.21,0
6972,23.96,40.15,39.42,0
6973,21.77,39.21,35.31,0
6974,22.37,42.05,40.12,0
6975,18.44,38.97,37.76,0
6976,19.38,40.37,37.68,0
6977,21.47,42.07,35.34,0
6978,23.2,38.8,35.79,0
6979,12.71,41.31,36.77,0
6980,14.67,40.87,32.96,0
6981,22.6,40.04,35.96,0
6982,17.89,38.63,36.98,0
6983,16.75,39.04,39.63,0
6984,15.06,40.58,35.82,0
6985,17.21,38.03,38.72,0
6986,14.72,40.37,33.02,0
6987,25.25,41.0,39.51,0
6988,18.96,41.69,35.42,0
6989,18.91,38.13,37.52,0
6990,20.9,42.21,38.12,0
6991,22.07,42.8,37.77,0
6992,22.08,40.89,37.18,0
6993,22.51,38.73,34.95,0
6994,17.46,39.81,35.7,0
6995,18.51,40.25,39.51,0
6996,21.76,40.74,36.37,0
6997,17.93,40.39,37.4,0
6998,19.55,40.79,34.67,0
6999,20.82,40.25,39.42,0
7000,22.03,40.8,35.1,0
7001,14.4,39.73,39.62,0
7002,21.94,39.93,35.71,0
7003,19.15,39.59,39.91,0
7004,22.03,43.35,37.95,0
7005,22.29,42.68,36.85,0
7006,24.84,41.34,41.22,0
7007,24.14,42.51,37.93,0
7008,24.18,41.74,37.39,0
7009,24.53,40.83,39.97,0
7010,21.13,38.32,35.24,0
7011,20.41,40.2,33.2,0
7012,22.99,40.11,40.61,0
7013,22.63,38.93,36.67,0
7014,19.57,38.42,40.12,0
7015,21.77,41.4,38.53,0
7016,20.51,41.17,36.16,0
7017,18.11,38.95,39.75,0
7018,24.61,39.6,37.77,0
7019,20.96,42.48,36.48,0
7020,27.0,39.44,36.58,0
7021,16.04,41.03,35.27,0
7022,19.31,40.51,39.59,0
7023,21.14,41.57,36.96,0
7024,24.52,39.55,38.82,0
7025,22.37,40.99,38.57,0
7026,22.16,41.12,37.1,0
7027,17.91,41.23,35.99,0
7028,17.89,41.03,44.16,0
7029,22.39,41.44,39.04,0
7030,17.4,44.23,42.84,0
7031,19.96,44.81,41.57,0
7032,23.12,40.03,38.65,0
7033,18.74,37.53,39.71,0
7034,26.56,41.92,39.7,0
7035,25.48,41.32,43.14,0
7036,17.16,42.66,41.16,0
7037,19.15,41.51,37.94,0
7038,15.15,41.19,40.31,0
7039,19.73,42.82,41.27,0
7040,24.44,43.05,37.36,0
7041,20.97,39.08,40.76,0
7042,23.66,39.96,42.51,0
7043,17.78,41.05,38.16,0
7044,24.81,41.37,38.49,0
7045,20.82,40.91,42.31,0
7046,22.59,41.92,39.33,0
7047,22.34,42.78,38.13,0
7048,18.87,43.89,41.91,0
7049,19.3,42.2,41.36,0
7050,25.73,40.07,40.45,0
7051,24.09,41.15,42.56,0
7052,26.11,41.28,42.76,0
7053,24.01,42.18,40.26,0
7054,23.53,42.01,44.43,0
7055,18.0,44.53,43.71,0
7056,22.43,40.78,36.63,0
7057,23.23,42.07,38.59,0
7058,29.25,45.05,36.2,0
7059,25.52,40.66,40.12,0
7060,28.14,41.78,38.4,0
7061,25.39,40.16,39.25,0
7062,21.54,41.72,43.12,0
7063,24.1,40.45,37.49,0
7064,24.52,43.22,41.31,0
7065,21.07,41.89,41.36,0
7066,22.81,40.29,41.0,0
7067,23.42,42.97,41.49,0
7068,28.92,42.0,36.82,0
7069,17.94,43.18,39.73,0
7070,27.87,40.05,44.49,0
7071,21.52,42.35,39.07,0
7072,20.29,42.98,44.85,0
7073,28.02,41.21,38.77,0
7074,26.75,39.98,38.59,0
7075,28.39,41.82,39.8,0
7076,27.1,43.75,44.02,0
7077,30.95,43.62,40.73,0
7078,26.53,41.31,42.57,0
7079,24.46,40.05,42.09,0
7080,26.03,41.35,41.89,0
7081,28.81,41.32,44.61,0
7082,22.81,42.72,43.66,0
7083,23.27,41.91,39.9,0
7084,24.38,40.96,41.69,0
7085,19.07,43.77,45.79,0
7086,25.87,42.35,43.0,0
7087,19.88,42.81,39.41,0
7088,25.77,39.6,39.61,0
7089,28.28,38.57,44.33,0
7090,24.33,40.07,44.02,0
7091,30.87,41.53,40.83,0
7092,21.54,43.14,44.23,0
7093,29.57,38.79,46.0,0
7094,28.1,44.71,45.78,0
7095,21.01,42.6,46.13,0
7096,34.36,44.41,44.1,0
7097,26.12,41.06,42.69,0
7098,23.76,43.17,42.31,0
7099,22.25,42.57,43.14,0
7100,25.89,43.69,41.49,0
7101,26.24,42.14,42.58,0
7102,27.01,43.22,45.92,0
7103,25.89,44.19,40.21,0
7104,28.76,41.58,40.41,0
7105,25.78,42.95,45.22,0
7106,21.22,39.78,42.92,0
7107,26.66,43.69,39.83,0
7108,20.08,45.59,43.63,0
7109,28.33,40.81,43.4,0
7110,24.41,42.57,43.01,0
7111,27.92,44.05,45.31,0
7112,31.45,42.8,41.34,0
7113,24.74,43.02,44.1,0
7114,30.85,42.21,43.71,0
7115,26.45,42.18,44.28,0
7116,33.09,42.72,40.8,0
7117,26.82,42.94,43.29,0
7118,25.47,41.13,44.44,0
7119,30.14,42.82,45.54,0
7120,26.85,45.3,48.22,0
7121,25.72,42.34,46.21,0
7122,26.89,41.14,45.58,0
7123,28.27,42.79,47.27,0
7124,32.52,41.97,44.18,0
7125,22.77,41.06,47.96,0
7126,28.72,43.3,47.16,0
7127,30.61,42.06,44.1,0
7128,29.4,42.21,48.9,0
7129,32.83,43.4,46.02,0
7130,28.76,40.9,49.57,0
7131,28.52,40.61,45.86,0
7132,30.93,44.25,44.2,0
7133,29.53,40.37,43.85,0
7134,28.15,41.83,44.74,0
7135,30.95,40.62,44.38,0
7136,27.53,42.62,48.13,0
7137,27.74,44.01,45.6,0
7138,28.07,43.57,42.5,0
7139,33.8,47.01,46.22,0
7140,20.16,45.08,46.11,0
7141,31.09,42.08,44.99,0
7142,30.1,41.7,46.53,0
7143,25.03,47.58,45.97,0
7144,31.09,45.14,47.4,0
7145,31.67,44.46,47.35,0
7146,32.1,43.71,46.99,0
7147,22.46,44.04,43.74,0
7148,34.6,41.43,50.64,0
7149,28.37,43.91,43.36,0
7150,32.73,43.81,46.28,0
7151,32.98,42.37,44.42,0
7152,28.21,42.94,47.47,0
7153,32.91,46.05,47.02,0
7154,29.86,43.62,46.47,0
7155,24.88,46.94,49.91,0
7156,34.69,41.24,49.16,0
7157,28.94,43.1,46.36,0
7158,28.79,41.59,48.69,0
7159,30.23,42.12,50.28,0
7160,32.34,42.72,49.42,0
7161,31.44,44.46,47.02,0
7162,33.34,44.41,44.18,0
7163,27.77,43.02,48.08,0
7164,29.64,40.72,48.83,0
7165,31.61,46.3,46.03,0
7166,37.74,43.68,47.68,0
7167,31.79,42.46,47.54,0
7168,35.47,44.58,50.55,0
7169,32.42,44.5,51.55,0
7170,30.94,43.73,50.26,0
7171,31.74,44.47,47.81,0
7172,32.06,42.54,50.35,0
7173,34.46,45.43,49.42,0
7174,36.86,42.83,48.04,0
7175,33.9,43.44,52.44,0
7176,36.47,45.35,46.85,0
7177,30.1,46.2,49.6,0
7178,31.84,46.8,50.15,0
7179,31.0,46.03,47.96,0
7180,34.2,43.99,49.72,0
7181,32.27,42.19,50.57,0
7182,35.62,46.64,49.23,0
7183,30.72,46.61,49.76,0
7184,33.73,43.57,49.09,0
7185,35.75,45.99,50.55,0
7186,27.58,44.14,48.57,0
7187,40.23,46.91,48.47,0
7188,33.1,43.91,49.2,0
7189,27.97,47.68,51.6,0
7190,34.6,45.92,45.81,0
7191,34.32,47.46,47.55,0
7192,34.06,44.09,53.99,0
7193,37.36,45.42,50.06,0
7194,36.72,43.39,48.77,0
7195,35.46,46.14,51.24,0
7196,36.0,46.24,48.15,0
7197,34.43,48.52,45.58,0
7198,40.15,45.67,50.57,0
7199,30.48,46.06,48.47,0
7200,35.42,44.29,50.2,0
7201,35.28,45.84,50.73,0
7202,37.61,44.48,50.42,0
7203,32.73,45.25,46.79,0
7204,30.12,45.37,50.33,0
7205,35.91,44.6,51.24,0
7206,36.37,45.25,47.62,0
7207,40.08,44.62,47.45,0
7208,31.89,44.64,48.42,0
7209,39.25,46.85,52.12,0
7210,42.97,45.52,46.7,0
7211,34.83,45.81,52.43,0
7212,32.17,43.13,51.62,0
7213,34.91,45.98,50.39,0
7214,36.26,46.16,48.02,0
7215,38.0,44.79,49.45,0
7216,34.62,48.55,52.68,0
7217,41.15,42.01,53.7,0
7218,33.23,46.65,49.19,0
7219,31.44,46.57,53.61,0
7220,40.06,46.34,52.77,0
7221,30.01,45.81,51.45,0
7222,36.3,46.4,50.06,0
7223,46.36,46.9,50.44,0
7224,37.05,44.54,55.32,0
7225,33.82,46.1,52.1,0
7226,37.09,45.4,54.47,0
7227,37.2,44.06,52.36,0
7228,37.92,46.81,51.04,0
7229,39.51,44.91,53.19,0
7230,34.49,43.54,56.4,0
7231,42.76,45.0,50.87,0
7232,38.52,44.64,54.05,0
7233,40.05,47.4,52.68,0
7234,36.07,46.12,49.47,0
7235,41.9,47.99,49.49,0
7236,37.36,44.94,51.6,0
7237,39.05,47.28,53.27,0
7238,35.5,50.25,54.4,0
7239,35.4,46.55,49.57,0
7240,40.54,47.33,54.08,0
7241,37.23,47.11,52.61,0
7242,36.08,43.96,52.92,0
7243,36.8,47.0,54.16,0
7244,40.91,46.6,56.55,0
7245,37.01,45.78,53.73,0
7246,38.63,44.87,50.48,0
7247,39.12,47.26,52.88,0
7248,33.41,44.79,55.03,0
7249,34.83,49.47,55.16,0
7250,40.34,46.47,54.79,0
7251,37.2,44.49,52.51,0
7252,42.67,45.58,50.86,0
7253,42.48,45.96,54.85,0
7254,41.83,50.02,51.31,0
7255,45.21,45.1,55.19,0
7256,39.59,46.28,55.26,0
7257,41.87,45.67,53.0,0
7258,38.25,47.25,53.78,0
7259,47.45,45.74,54.47,0
7260,46.13,44.84,52.91,0
7261,40.3,46.29,51.45,0
7262,41.5,46.15,54.2,0
7263,44.51,45.74,54.47,0
7264,40.07,45.85,57.13,0
7265,38.63,48.46,52.91,0
7266,43.3,46.22,56.68,0
7267,41.0,45.03,52.32,0
7268,41.4,46.06,51.99,0
7269,38.43,46.86,54.14,0
7270,35.86,44.8,52.93,0
7271,41.81,49.27,52.16,0
7272,43.9,48.16,58.83,0
7273,40.59,49.02,54.11,0
7274,45.66,47.49,59.7,0
7275,39.32,43.79,53.15,0
7276,38.35,49.26,51.79,0
7277,41.39,45.68,57.86,0
7278,41.43,45.83,53.89,0
7279,44.07,47.26,55.68,0
7280,39.52,49.12,52.76,0
7281,46.03,48.66,55.46,0
7282,47.9,48.46,52.86,0
7283,41.97,46.66,55.52,0
7284,45.92,46.66,54.79,0
7285,39.08,47.69,56.26,0
7286,45.56,47.0,57.12,0
7287,45.55,48.56,56.41,0
7288,45.08,48.49,56.9,0
7289,42.53,48.16,55.84,0
7290,33.79,43.51,55.25,0
7291,40.81,47.51,57.13,0
7292,40.94,47.18,56.03,0
7293,39.96,47.62,56.17,0
7294,43.34,46.26,57.18,0
7295,41.8,45.43,54.38,0
7296,40.66,48.14,59.37,0
7297,40.04,46.93,56.07,0
7298,41.15,48.35,56.88,0
7299,46.74,46.51,56.61,0
7300,41.47,49.66,58.07,0
7301,41.99,49.06,57.5,0
7302,42.24,48.03,56.79,0
7303,44.71,47.29,59.85,0
7304,45.14,48.91,50.61,0
7305,34.71,48.24,59.56,0
7306,46.99,48.04,58.98,0
7307,48.31,49.26,53.53,0
7308,40.93,49.86,59.12,0
7309,41.24,45.87,59.44,0
7310,42.88,46.19,58.51,0
7311,42.04,46.62,54.33,0
7312,45.06,45.56,58.88,0
7313,38.63,47.75,59.59,0
7314,41.19,48.76,56.49,0
7315,49.24,47.85,58.58,0
7316,41.91,47.11,57.05,0
7317,48.5,49.62,59.59,0
7318,45.91,48.17,57.25,0
7319,39.5,48.49,56.78,0
7320,46.91,49.73,57.92,0
7321,44.72,47.84,55.38,0
7322,43.78,51.14,57.84,0
7323,45.96,47.4,58.9,0
7324,46.72,51.09,59.98,0
7325,47.5,46.65,58.8,0
7326,48.98,48.91,55.49,0
7327,46.75,47.19,61.12,0
7328,41.47,49.86,61.35,0
7329,44.25,47.48,58.76,0
7330,54.58,48.66,57.09,0
7331,47.99,47.27,57.59,0
7332,53.0,49.67,58.31,0
7333,50.15,47.31,59.33,0
7334,46.76,50.84,58.22,0
7335,47.02,46.84,57.17,0
7336,46.07,46.34,60.99,0
7337,41.04,49.8,59.52,0
7338,46.38,47.51,56.96,0
7339,50.03,48.41,59.7,0
7340,44.67,47.96,59.5,0
7341,47.78,46.49,57.8,0
7342,49.17,48.37,61.68,0
7343,43.96,50.4,59.62,0
7344,45.4,50.03,58.97,0
7345,43.77,48.9,59.29,0
7346,44.43,50.24,60.4,0
7347,43.1,47.0,59.43,0
7348,44.33,48.12,59.47,0
7349,51.36,49.23,61.82,0
7350,44.43,48.46,56.9,0
7351,47.62,48.3,57.29,0
7352,45.8,46.89,61.4,0
7353,50.92,45.59,64.74,0
7354,51.38,49.96,61.71,0
7355,50.11,49.12,63.74,0
7356,48.5,50.13,59.2,0
7357,46.96,48.14,58.85,0
7358,44.15,47.75,61.09,0
7359,53.62,48.85,62.14,0
7360,45.58,50.14,57.66,0
7361,49.91,48.53,59.91,0
7362,51.17,50.1,60.34,0
7363,46.39,47.41,59.09,0
7364,51.24,48.69,59.37,0
7365,50.48,48.85,62.24,0
7366,53.44,50.82,61.54,0
7367,46.91,49.31,62.25,0
7368,44.53,51.63,61.38,0
7369,46.93,47.01,59.01,0
7370,49.14,49.25,61.66,0
7371,48.75,49.34,58.96,0
7372,47.46,50.02,60.29,0
7373,42.98,47.89,58.89,0
7374,50.18,51.66,59.79,0
7375,54.75,49.17,61.25,0
7376,50.29,47.54,60.2,0
7377,50.78,49.16,59.4,0
7378,50.74,48.74,63.49,0
7379,50.27,53.4,61.03,0
7380,51.94,50.82,60.26,0
7381,50.39,49.34,59.2,0
7382,48.33,49.11,57.67,0
7383,46.94,50.72,61.02,0
7384,48.64,50.81,58.75,0
7385,50.39,44.97,62.98,0
7386,48.56,50.32,61.66,0
7387,50.51,49.41,64.77,0
7388,50.94,47.42,62.15,0
7389,52.19,50.73,60.3,0
7390,53.59,52.79,58.04,0
7391,50.04,50.28,63.46,0
7392,45.94,51.11,59.29,0
7393,48.89,52.18,61.12,0
7394,50.11,48.25,65.33,0
7395,44.53,46.72,63.25,0
7396,54.26,50.51,62.86,0
7397,50.58,49.17,64.01,0
7398,51.35,47.5,63.98,0
7399,54.36,49.46,65.37,0
7400,48.43,50.69,61.05,0
7401,52.1,49.39,61.55,0
7402,50.1,48.45,60.5,0
7403,49.94,49.31,62.32,0
7404,48.23,49.63,62.17,0
7405,55.59,46.79,58.97,0
7406,49.53,49.48,61.21,0
7407,52.8,47.7,65.44,0
7408,45.14,50.72,63.1,0
7409,54.35,47.4,64.08,0
7410,54.02,51.28,62.45,0
7411,51.21,49.16,58.96,0
7412,50.29,48.98,62.52,0
7413,52.23,50.25,64.9,0
7414,57.94,48.52,60.49,0
7415,45.84,50.26,64.4,0
7416,53.53,48.76,59.54,0
7417,48.5,49.03,63.03,0
7418,51.22,50.49,64.11,0
7419,50.59,48.19,62.44,0
7420,50.1,48.02,68.05,0
7421,51.4,50.3,62.16,0
7422,48.08,49.9,62.03,0
7423,54.62,50.21,63.63,0
7424,46.2,50.47,61.75,0
7425,53.25,50.07,60.42,0
7426,50.7,50.92,61.15,0
7427,48.21,50.16,64.9,0
7428,52.38,47.02,62.81,0
7429,47.15,47.42,66.86,0
7430,51.99,52.95,62.61,0
7431,47.65,50.07,64.95,0
7432,53.34,51.51,64.59,0
7433,49.23,49.58,62.69,0
7434,50.7,50.03,61.88,0
7435,52.98,49.45,60.21,0
7436,49.83,53.84,64.82,0
7437,52.01,50.54,66.15,0
7438,47.69,49.37,60.61,0
7439,54.17,47.71,63.08,0
7440,57.62,53.16,62.52,0
7441,60.74,49.96,64.99,0
7442,52.68,51.34,63.27,0
7443,54.81,51.52,66.61,0
7444,47.15,49.55,63.23,0
7445,57.04,51.27,61.55,0
7446,54.91,49.37,63.12,0
7447,51.17,48.8,63.38,0
7448,56.37,52.04,65.18,0
7449,51.94,50.07,63.41,0
7450,51.37,51.1,65.07,0
7451,54.21,50.95,62.64,0
7452,49.63,51.3,63.67,0
7453,55.92,48.02,62.72,0
7454,49.73,49.49,62.63,0
7455,49.79,49.89,66.9,0
7456,50.25,49.15,62.95,0
7457,55.29,51.05,63.72,0
7458,51.2,52.2,66.53,0
7459,49.05,52.44,65.97,0
7460,51.31,49.93,67.78,0
7461,53.07,50.89,65.5,0
7462,49.66,51.13,63.36,0
7463,49.78,51.4,68.7,0
7464,59.6,49.16,65.78,0
7465,50.72,53.22,64.34,0
7466,52.37,51.89,64.79,0
7467,52.27,51.94,65.06,0
7468,52.15,52.33,64.25,0
7469,55.31,51.33,62.0,0
7470,56.32,49.0,68.04,0
7471,52.59,50.34,64.76,0
7472,49.83,48.09,65.2,0
7473,57.4,51.2,69.02,0
7474,53.32,50.33,63.52,0
7475,58.83,50.53,66.22,0
7476,46.93,52.41,63.35,0
7477,54.29,49.93,65.6,0
7478,59.49,50.24,65.39,0
7479,52.7,50.66,66.59,0
7480,53.12,47.88,67.45,0
7481,54.71,50.25,63.9,0
7482,52.18,46.93,67.92,0
7483,52.95,49.79,68.08,0
7484,52.9,51.96,64.63,0
7485,52.06,51.35,65.14,0
7486,57.65,49.8,64.18,0
7487,55.38,50.76,64.58,0
7488,54.77,49.09,62.81,0
7489,56.47,50.71,66.79,0
7490,53.28,55.12,61.16,0
7491,51.78,53.5,63.89,0
7492,52.32,50.82,65.21,0
7493,54.16,50.99,67.92,0
7494,51.0,49.28,64.25,0
7495,52.7,49.56,66.22,0
7496,52.68,51.31,65.22,0
7497,60.62,49.99,67.29,0
7498,45.95,52.14,66.17,0
7499,53.76,53.14,67.1,0
7500,59.5,51.29,64.35,0
7501,54.71,50.95,63.44,0
7502,56.62,48.29,66.22,0
7503,54.68,51.94,64.53,0
7504,52.4,49.11,65.59,0
7505,47.7,50.2,66.18,0
7506,55.06,52.27,68.04,0
7507,52.14,52.38,67.15,0
7508,52.09,50.15,64.23,0
7509,53.01,50.24,63.32,0
7510,59.76,49.81,69.04,0
7511,61.76,49.07,62.47,0
7512,55.21,49.92,64.75,0
7513,53.19,48.45,66.96,0
7514,51.07,51.9,68.96,0
7515,56.02,51.48,65.31,0
7516,59.98,51.73,65.76,0
7517,53.91,49.46,63.97,0
7518,47.53,49.11,65.99,0
7519,56.69,50.98,63.44,0
7520,57.65,51.01,64.26,0
7521,49.95,50.69,67.3,0
7522,55.26,50.48,64.91,0
7523,56.09,53.49,67.63,0
7524,54.53,51.57,65.5,0
7525,52.39,53.89,63.08,0
7526,57.83,52.84,68.16,0
7527,53.58,53.49,63.2,0
7528,50.35,49.33,64.64,0
7529,48.67,51.83,65.45,0
7530,58.61,50.3,67.87,0
7531,56.69,48.46,64.82,0
7532,55.11,53.2,64.03,0
7533,53.54,50.52,66.21,0
7534,53.28,49.38,65.47,0
7535,51.65,50.34,64.97,0
7536,53.6,49.77,66.35,0
7537,48.54,49.93,63.51,0
7538,52.7,50.64,62.48,0
7539,53.98,53.57,70.21,0
7540,56.75,49.98,66.15,0
7541,54.81,53.47,66.29,0
7542,57.32,52.25,64.39,0
7543,58.99,51.58,67.75,0
7544,58.13,52.11,64.89,0
7545,56.37,51.01,60.39,0
7546,55.0,52.92,64.84,0
7547,52.03,51.84,65.41,0
7548,57.19,48.49,65.64,0
7549,60.02,51.44,65.58,0
7550,56.01,52.17,64.69,0
7551,60.74,50.56,64.5,0
7552,50.41,51.19,65.39,0
7553,51.53,50.08,62.7,0
7554,57.56,48.93,62.08,0
7555,55.79,48.67,66.19,0
7556,58.94,48.69,66.23,0
7557,54.95,52.0,67.76,0
7558,52.4,47.26,65.49,0
7559,54.36,50.0,63.61,0
7560,50.4,49.85,62.12,0
7561,51.61,50.58,64.22,0
7562,57.92,48.22,66.84,0
7563,57.62,51.61,68.88,0
7564,56.09,49.09,66.11,0
7565,49.83,52.7,63.57,0
7566,53.92,50.07,64.23,0
7567,51.32,50.85,64.3,0
7568,58.52,51.0,65.18,0
7569,53.23,51.36,68.23,0
7570,51.72,51.05,68.38,0
7571,55.07,50.35,65.64,0
7572,53.05,51.51,66.34,0
7573,59.42,51.69,64.38,0
7574,52.76,49.84,62.55,0
7575,50.76,51.63,69.54,0
7576,48.49,52.77,61.32,0
7577,54.85,52.04,62.28,0
7578,53.25,52.38,69.54,0
7579,50.64,51.24,65.98,0
7580,58.49,49.57,63.69,0
7581,56.92,49.76,67.3,0
7582,54.82,51.45,67.47,0
7583,58.99,52.38,63.25,0
7584,56.88,55.15,64.85,0
7585,52.41,52.44,67.66,0
7586,51.75,49.21,64.26,0
7587,57.32,49.81,66.45,0
7588,56.04,54.37,68.73,0
7589,55.35,50.63,61.09,0
7590,52.29,51.02,65.18,0
7591,56.64,49.5,66.38,0
7592,52.54,53.29,62.26,0
7593,54.49,51.69,64.78,0
7594,59.12,49.77,67.91,0
7595,52.78,49.44,64.41,0
7596,50.03,51.39,62.83,0
7597,51.58,50.99,68.05,0
7598,57.71,52.17,66.67,0
7599,55.48,51.73,65.63,0
7600,54.31,50.51,65.56,0
7601,53.15,50.09,67.8,0
7602,56.12,50.66,66.32,0
7603,52.1,50.07,67.01,0
7604,55.55,50.69,64.32,0
7605,52.42,50.91,61.86,0
7606,51.91,49.53,66.92,0
7607,52.67,51.82,67.87,0
7608,53.44,50.31,65.2,0
7609,54.4,49.6,67.41,0
7610,55.23,50.33,64.95,0
7611,43.44,51.22,65.42,0
7612,52.06,50.97,69.09,0
7613,53.29,51.47,64.99,0
7614,58.96,52.18,64.86,0
7615,51.19,52.79,61.8,0
7616,54.89,51.25,66.9,0
7617,58.87,49.21,64.09,0
7618,50.42,50.41,65.78,0
7619,55.52,49.3,64.84,0
7620,51.91,53.34,64.56,0
7621,52.78,53.77,65.2,0
7622,51.86,51.76,65.34,0
7623,52.05,52.06,67.75,0
7624,62.39,51.14,68.42,0
7625,56.73,51.31,66.66,0
7626,57.48,48.36,67.88,0
7627,55.63,50.63,67.03,0
7628,49.31,49.42,66.29,0
7629,55.29,51.15,68.19,0
7630,57.29,50.63,62.64,0
7631,51.49,53.63,63.87,0
7632,56.92,52.08,63.58,0
7633,56.11,51.12,64.59,0
7634,59.52,50.29,66.54,0
7635,52.69,53.2,62.92,0
7636,50.62,50.63,66.13,0
7637,52.8,51.16,63.93,0
7638,58.16,50.72,64.39,0
7639,48.34,50.04,65.46,0
7640,47.59,50.69,68.4,0
7641,54.03,47.69,63.59,0
7642,52.41,48.3,64.83,0
7643,53.73,51.14,62.81,0
7644,56.51,52.95,63.49,0
7645,51.98,51.11,62.74,0
7646,47.99,49.5,65.38,0
7647,59.71,48.41,65.71,0
7648,50.55,51.74,66.21,0
7649,50.33,49.7,63.3,0
7650,56.79,51.51,65.8,0
7651,52.29,51.12,64.98,0
7652,53.22,51.24,64.61,0
7653,54.82,50.56,62.22,0
7654,56.59,51.08,64.98,0
7655,52.31,50.31,65.01,0
7656,57.83,49.53,64.82,0
7657,46.83,49.03,65.39,0
7658,55.48,46.88,65.95,0
7659,50.64,50.18,62.33,0
7660,57.24,52.72,64.07,0
7661,53.52,51.52,65.5,0
7662,51.03,50.76,63.9,0
7663,55.0,49.3,66.33,0
7664,55.66,51.89,64.56,0
7665,54.86,50.2,60.44,0
7666,49.81,52.73,66.0,0
7667,51.41,48.89,64.05,0
7668,52.81,49.22,60.72,0
7669,52.66,49.06,63.72,0
7670,54.99,48.1,61.66,0
7671,46.66,48.9,65.67,0
7672,53.66,50.45,64.06,0
7673,51.75,49.22,62.25,0
7674,50.06,44.49,65.68,0
7675,50.31,51.87,64.94,0
7676,51.85,47.72,63.52,0
7677,41.65,51.12,61.47,0
7678,50.3,50.27,62.24,0
7679,49.74,53.39,62.18,0
7680,53.92,51.69,65.35,0
7681,49.86,49.43,60.46,0
7682,51.59,49.12,63.69,0
7683,56.81,52.41,63.25,0
7684,55.13,47.93,65.79,0
7685,54.81,50.42,64.14,0
7686,50.55,49.92,64.71,0
7687,53.64,49.59,62.55,0
7688,51.26,50.62,61.11,0
7689,51.33,50.36,62.88,0
7690,53.1,50.75,65.05,0
7691,50.03,50.25,65.01,0
7692,56.25,50.66,62.56,0
7693,51.25,50.16,61.66,0
7694,53.53,49.01,61.23,0
7695,56.0,49.99,63.03,0
7696,54.68,48.9,63.54,0
7697,47.31,48.79,66.17,0
7698,52.82,49.44,63.43,0
7699,53.99,49.75,64.37,0
7700,54.06,49.97,61.55,0
7701,47.99,51.27,63.15,0
7702,49.31,49.14,63.31,0
7703,54.22,50.16,62.7,0
7704,48.9,50.03,62.9,0
7705,50.23,48.93,63.16,0
7706,55.8,49.93,63.82,0
7707,50.88,51.31,65.16,0
7708,48.79,50.07,58.25,0
7709,48.29,50.12,64.96,0
7710,51.87,48.7,59.27,0
7711,46.81,52.7,63.27,0
7712,50.02,48.76,67.32,0
7713,51.71,47.21,62.48,0
7714,54.55,50.99,62.88,0
7715,52.6,49.51,61.86,0
7716,48.4,49.21,63.77,0
7717,54.02,48.83,63.11,0
7718,49.53,52.44,60.99,0
7719,46.67,50.14,62.07,0
7720,49.8,50.42,60.02,0
7721,54.58,49.82,61.97,0
7722,50.7,49.97,61.33,0
7723,50.19,51.64,62.39,0
7724,55.01,49.15,60.66,0
7725,45.74,47.33,61.6,0
7726,46.12,50.8,62.0,0
7727,45.07,50.22,62.09,0
7728,50.98,49.62,62.44,0
7729,50.3,50.15,61.5,0
7730,54.37,48.87,60.22,0
7731,50.42,49.44,61.91,0
7732,48.41,49.19,61.34,0
7733,49.57,48.48,63.7,0
7734,49.86,51.14,63.91,0
7735,44.43,47.22,58.81,0
7736,57.52,52.86,62.74,0
7737,50.89,50.61,63.1,0
7738,49.9,46.61,58.72,0
7739,51.05,48.92,62.52,0
7740,51.27,48.99,63.11,0
7741,48.66,49.81,59.36,0
7742,47.12,47.72,60.74,0
7743,50.75,49.23,61.54,0
7744,50.05,48.99,62.26,0
7745,46.4,48.04,59.09,0
7746,53.02,47.81,63.33,0
7747,49.58,50.49,56.9,0
7748,50.83,46.55,63.56,0
7749,52.75,49.79,61.96,0
7750,48.58,50.25,59.57,0
7751,49.4,48.71,62.49,0
7752,50.81,49.09,58.61,0
7753,46.14,50.74,60.88,0
7754,48.41,47.92,61.08,0
7755,48.56,48.05,61.02,0
7756,45.25,48.19,58.82,0
7757,55.01,50.66,59.45,0
7758,43.77,50.84,60.64,0
7759,44.03,46.78,58.88,0
7760,51.8,50.37,60.83,0
7761,49.93,50.06,59.0,0
7762,44.64,51.15,62.18,0
7763,49.48,49.37,63.25,0
7764,51.99,48.71,59.47,0
7765,47.43,50.47,61.86,0
7766,55.25,49.78,59.54,0
7767,42.21,52.08,58.03,0
7768,49.39,50.13,59.0,0
7769,50.74,48.9,59.97,0
7770,49.85,46.89,56.17,0
7771,46.49,47.76,60.94,0
7772,46.16,46.46,59.8,0
7773,48.3,48.27,61.57,0
7774,49.34,49.96,60.73,0
7775,48.63,48.54,59.7,0
7776,49.88,50.06,58.69,0
7777,43.63,49.01,62.39,0
7778,45.93,47.88,63.63,0
7779,43.72,48.59,58.56,0
7780,45.31,49.15,61.26,0
7781,49.45,48.63,57.71,0
7782,46.65,48.62,57.89,0
7783,54.08,47.22,58.23,0
7784,46.76,47.71,60.32,0
7785,46.29,51.72,56.74,0
7786,46.36,50.15,61.93,0
7787,44.05,46.08,60.65,0
7788,45.72,44.72,60.04,0
7789,49.2,48.36,58.07,0
7790,46.09,49.56,60.26,0
7791,43.29,47.42,52.7,0
7792,42.82,49.71,59.36,0
7793,44.17,48.25,58.74,0
7794,45.67,47.89,54.59,0
7795,48.96,49.25,59.11,0
7796,41.28,47.29,59.42,0
7797,44.27,47.64,54.47,0
7798,45.58,49.05,55.75,0
7799,39.57,47.98,62.19,0
7800,42.5,50.86,57.63,0
7801,42.88,49.02,59.89,0
7802,42.46,48.9,60.13,0
7803,45.35,47.86,58.61,0
7804,44.21,49.22,59.79,0
7805,42.95,47.4,53.47,0
7806,45.83,48.29,57.17,0
7807,49.64,46.47,51.41,0
7808,49.31,49.38,54.02,0
7809,38.54,48.23,56.36,0
7810,45.97,50.74,56.06,0
7811,43.62,51.34,57.41,0
7812,44.55,48.87,57.22,0
7813,42.81,47.8,57.47,0
7814,44.28,46.26,57.49,0
7815,44.3,49.01,57.74,0
7816,42.03,47.95,55.1,0
7817,41.0,48.41,55.5,0
7818,42.26,50.18,56.81,0
7819,44.23,46.32,56.78,0
7820,45.25,46.15,54.6,0
7821,45.93,47.16,58.86,0
7822,41.81,48.72,58.08,0
7823,44.07,48.3,54.85,0
7824,46.02,46.1,56.09,0
7825,46.55,48.55,60.46,0
7826,42.8,45.59,56.7,0
7827,42.23,46.11,57.11,0
7828,43.39,47.17,55.03,0
7829,39.29,46.49,55.56,0
7830,42.07,48.63,59.15,0
7831,44.81,47.7,56.28,0
7832,44.42,49.9,55.85,0
7833,41.6,46.85,55.94,0
7834,42.98,47.02,60.95,0
7835,39.77,48.99,55.88,0
7836,44.28,47.01,54.07,0
7837,41.85,49.37,54.36,0
7838,41.18,47.91,57.16,0
7839,40.84,43.55,52.68,0
7840,41.65,48.82,56.37,0
7841,40.41,48.4,53.96,0
7842,43.65,48.43,51.62,0
7843,40.41,44.11,53.31,0
7844,46.29,45.96,55.26,0
7845,45.82,46.05,57.93,0
7846,38.67,45.64,56.9,0
7847,41.47,49.49,54.42,0
7848,39.23,46.84,56.89,0
7849,40.12,46.77,54.16,0
7850,47.02,47.63,51.88,0
7851,40.01,47.63,54.79,0
7852,41.93,41.75,51.67,0
7853,42.39,45.76,56.19,0
7854,37.68,44.58,56.16,0
7855,38.03,47.28,52.72,0
7856,36.89,46.22,54.7,0
7857,37.77,46.65,54.62,0
7858,31.79,43.49,56.02,0
7859,41.89,46.11,51.72,0
7860,46.34,48.23,55.34,0
7861,40.54,48.64,51.44,0
7862,35.76,47.58,55.56,0
7863,37.99,44.47,56.06,0
7864,38.46,48.34,52.53,0
7865,36.7,47.51,56.24,0
7866,42.25,46.22,50.59,0
7867,42.01,43.34,55.87,0
7868,36.03,47.78,56.48,0
7869,41.59,45.44,54.22,0
7870,43.91,46.82,53.07,0
7871,44.95,46.38,54.02,0
7872,47.75,48.56,52.12,0
7873,36.37,46.03,58.51,0
7874,47.46,46.17,52.02,0
7875,37.84,48.54,55.76,0
7876,37.04,45.16,51.57,0
7877,39.71,47.34,56.18,0
7878,36.9,45.8,56.94,0
7879,39.76,44.56,53.62,0
7880,34.51,46.04,53.35,0
7881,37.67,47.05,50.8,0
7882,42.16,48.02,50.49,0
7883,38.04,48.18,53.17,0
7884,38.55,45.5,55.42,0
7885,39.47,44.43,51.34,0
7886,41.47,45.41,56.78,0
7887,32.9,44.09,51.08,0
7888,39.54,45.51,52.69,0
7889,36.89,45.3,52.62,0
7890,38.11,46.87,51.89,0
7891,40.7,42.45,47.93,0
7892,33.85,44.63,50.71,0
7893,34.31,44.62,52.28,0
7894,31.46,47.46,51.62,0
7895,35.53,43.98,53.01,0
7896,41.08,45.97,53.19,0
7897,36.64,45.41,51.12,0
7898,32.9,47.14,49.61,0
7899,35.37,46.44,54.56,0
7900,32.28,45.7,48.68,0
7901,33.28,44.66,50.13,0
7902,37.74,42.69,49.56,0
7903,32.96,45.82,52.68,0
7904,39.73,46.21,53.75,0
7905,36.09,43.03,50.7,0
7906,36.48,43.52,51.44,0
7907,35.3,45.72,51.76,0
7908,38.37,45.82,54.45,0
7909,38.31,43.8,47.22,0
7910,36.88,44.4,52.19,0
7911,37.48,42.48,51.38,0
7912,35.06,47.28,49.82,0
7913,37.24,43.23,51.14,0
7914,34.51,45.97,51.9,0
7915,35.44,45.08,51.52,0
7916,34.53,47.04,54.6,0
7917,33.89,43.89,50.46,0
7918,33.11,45.14,50.19,0
7919,36.49,42.48,49.71,0
7920,38.93,42.09,51.11,0
7921,38.43,45.87,49.87,0
7922,31.06,42.27,49.89,0
7923,38.61,44.58,49.83,0
7924,33.7,46.41,49.45,0
7925,36.37,45.99,48.43,0
7926,31.76,43.85,50.42,0
7927,34.82,42.43,48.94,0
7928,35.24,45.55,50.67,0
7929,29.76,46.78,49.59,0
7930,35.95,43.74,48.53,0
7931,38.08,43.51,52.36,0
7932,33.43,43.9,48.96,0
7933,37.95,45.52,50.34,0
7934,33.21,46.48,47.62,0
7935,36.24,42.75,44.9,0
7936,26.95,42.33,47.75,0
7937,40.77,48.07,44.54,0
7938,37.92,44.26,48.27,0
7939,32.49,44.88,51.61,0
7940,27.34,43.44,46.79,0
7941,34.03,45.19,44.32,0
7942,28.75,45.87,51.47,0
7943,34.33,44.85,47.45,0
7944,34.14,46.98,48.3,0
7945,30.0,43.86,49.83,0
7946,36.1,43.93,49.24,0
7947,35.07,44.64,49.62,0
7948,35.49,44.97,49.85,0
7949,32.5,44.58,44.49,0
7950,28.14,42.29,45.08,0
7951,35.24,44.66,50.18,0
7952,31.41,43.6,46.21,0
7953,27.96,43.27,46.36,0
7954,36.1,44.16,45.11,0
7955,38.26,42.64,46.76,0
7956,31.75,42.36,46.8,0
7957,38.26,40.11,45.55,0
7958,31.97,46.63,45.25,0
7959,30.47,44.82,47.93,0
7960,29.64,43.78,45.61,0
7961,36.35,42.93,45.94,0
7962,29.01,39.59,42.71,0
7963,33.48,42.79,50.89,0
7964,29.51,44.93,48.83,0
7965,29.72,45.24,45.89,0
7966,34.1,44.77,45.01,0
7967,29.79,44.02,46.76,0
7968,29.63,45.71,46.64,0
7969,34.15,43.23,44.05,0
7970,35.46,45.33,41.44,0
7971,32.52,43.1,45.42,0
7972,28.54,42.33,43.27,0
7973,28.88,42.12,46.68,0
7974,30.57,42.0,46.62,0
7975,31.21,44.56,44.25,0
7976,27.2,42.43,45.06,0
7977,32.25,41.97,49.59,0
7978,30.25,44.57,47.54,0
7979,24.76,43.96,45.02,0
7980,27.04,44.89,50.44,0
7981,28.23,44.19,43.4,0
7982,29.44,42.27,44.1,0
7983,35.24,43.49,45.44,0
7984,30.2,43.53,42.53,0
7985,26.88,41.94,49.1,0
7986,29.98,41.64,45.82,0
7987,28.18,42.25,43.81,0
7988,30.13,46.3,46.22,0
7989,30.81,42.6,45.55,0
7990,32.61,45.05,44.58,0
7991,28.83,42.47,42.71,0
7992,33.74,44.48,42.18,0
7993,31.46,44.47,49.36,0
7994,26.53,44.53,42.22,0
7995,35.2,43.65,48.25,0
7996,29.47,45.11,43.1,0
7997,25.9,43.59,46.31,0
7998,33.28,45.57,45.59,0
7999,34.47,40.54,45.92,0
8000,28.06,43.47,45.99,0
8001,26.57,43.35,41.24,0
8002,27.48,41.49,43.04,0
8003,30.06,43.74,41.6,0
8004,31.67,40.61,44.64,0
8005,29.46,41.84,41.55,0
8006,27.98,39.8,40.17,0
8007,32.08,45.11,43.6,0
8008,26.57,42.41,39.59,0
8009,30.52,45.98,44.46,0
8010,26.48,43.91,41.36,0
8011,28.56,43.35,42.13,0
8012,26.84,41.78,39.19,0
8013,26.94,41.06,46.98,0
8014,25.89,43.39,40.69,0
8015,30.98,42.48,42.83,0
8016,24.67,40.55,39.91,0
8017,24.56,40.26,41.76,0
8018,33.07,41.07,46.87,0
8019,29.56,45.22,43.9,0
8020,19.39,45.78,41.79,0
8021,24.77,42.75,43.11,0
8022,20.95,42.64,41.99,0
8023,23.46,41.89,42.86,0
8024,16.82,40.97,44.47,0
8025,25.74,44.41,42.26,0
8026,22.65,45.13,43.3,0
8027,26.18,40.96,43.27,0
8028,21.04,42.15,42.08,0
8029,26.09,41.58,41.2,0
8030,24.52,41.6,41.56,0
8031,30.19,43.99,43.95,0
8032,29.84,40.22,44.05,0
8033,27.89,42.86,40.15,0
8034,24.48,43.23,41.84,0
8035,31.34,41.9,40.8,0
8036,20.64,43.43,43.84,0
8037,21.02,42.29,41.24,0
8038,24.9,43.87,46.52,0
8039,31.84,39.74,42.5,0
8040,24.39,41.48,44.36,0
8041,24.37,41.87,39.91,0
8042,20.52,37.95,41.9,0
8043,27.61,40.3,43.05,0
8044,27.56,40.69,39.69,0
8045,26.99,43.31,41.74,0
8046,22.66,40.8,43.74,0
8047,22.36,40.62,40.93,0
8048,20.52,43.05,39.82,0
8049,24.58,39.37,45.07,0
8050,21.01,38.67,39.06,0
8051,20.65,41.21,41.66,0
8052,22.84,39.56,39.87,0
8053,22.57,39.6,39.35,0
8054,22.35,42.55,42.65,0
8055,25.29,42.98,40.7,0
8056,24.05,42.83,41.86,0
8057,22.88,43.29,36.48,0
8058,24.22,43.46,41.94,0
8059,20.63,38.39,39.44,0
8060,23.84,42.23,37.07,0
8061,23.91,40.74,44.54,0
8062,18.88,40.39,41.91,0
8063,26.3,42.34,41.11,0
8064,20.6,38.88,43.09,0
8065,23.44,38.83,41.03,0
8066,26.6,42.38,38.89,0
8067,25.81,42.14,40.08,0
8068,23.07,41.59,39.01,0
8069,21.81,40.05,39.31,0
8070,25.67,42.46,37.74,0
8071,24.78,42.35,38.26,0
8072,20.83,41.43,41.94,0
8073,20.23,39.52,40.76,0
8074,16.33,40.63,39.03,0
8075,22.94,42.5,37.93,0
8076,22.17,43.21,39.12,0
8077,25.75,40.71,36.51,0
8078,23.36,40.81,40.08,0
8079,26.21,40.92,41.66,0
8080,20.05,41.56,44.45,0
8081,25.49,40.25,37.46,0
8082,20.42,36.76,41.42,0
8083,24.28,42.87,38.14,0
8084,17.5,43.76,37.25,0
8085,22.52,40.13,37.19,0
8086,15.79,39.42,39.68,0
8087,20.88,40.8,37.48,0
8088,22.94,40.7,38.08,0
8089,19.99,42.46,38.36,0
8090,18.34,41.03,37.71,0
8091,23.96,39.74,37.51,0
8092,21.05,38.93,34.23,0
8093,19.83,42.19,39.21,0
8094,21.36,41.77,39.12,0
8095,29.08,42.44,37.34,0
8096,24.57,39.38,39.61,0
8097,24.53,43.57,41.63,0
8098,22.29,38.18,38.83,0
8099,21.42,41.84,41.4,0
8100,13.67,37.89,43.16,0
8101,18.76,39.55,43.7,0
8102,19.29,43.06,36.21,0
8103,15.05,41.95,36.17,0
8104,17.14,39.86,37.6,0
8105,14.61,39.89,38.7,0
8106,20.38,40.8,41.57,0
8107,22.89,41.4,39.6,0
8108,23.69,42.49,35.89,0
8109,21.56,39.91,37.03,0
8110,17.36,38.16,38.12,0
8111,14.4,40.79,35.18,0
8112,14.87,39.85,38.14,0
8113,16.27,38.57,35.69,0
8114,17.35,40.95,34.72,0
8115,19.48,40.17,36.08,0
8116,16.86,40.93,38.75,0
8117,20.87,39.11,38.69,0
8118,19.1,41.17,38.03,0
8119,19.77,38.44,39.77,0
8120,23.1,39.16,39.51,0
8121,16.08,40.02,38.11,0
8122,20.82,42.98,37.79,0
8123,19.47,41.53,37.87,0
8124,18.46,41.95,37.27,0
8125,22.06,42.45,33.17,0
8126,21.98,45.71,39.75,0
8127,16.45,40.35,38.23,0
8128,18.69,42.4,34.96,0
8129,20.03,41.77,40.2,0
8130,18.31,41.73,36.13,0
8131,20.84,42.89,37.05,0
8132,19.87,39.58,39.27,0
8133,24.47,39.44,37.62,0
8134,14.33,40.66,39.81,0
8135,18.5,39.89,36.39,0
8136,16.09,40.62,40.44,0
8137,20.58,42.47,35.46,0
8138,13.87,39.4,39.61,0
8139,19.71,39.64,32.4,0
8140,16.73,40.35,34.69,0
8141,16.36,39.73,37.45,0
8142,14.18,37.18,36.01,0
8143,17.07,39.17,36.63,0
8144,21.67,41.06,36.82,0
8145,18.3,42.17,34.31,0
8146,20.21,38.26,34.43,0
8147,23.27,38.24,37.08,0
8148,19.02,40.01,35.25,0
8149,16.5,36.84,39.23,0
8150,19.53,39.27,36.12,0
8151,16.45,37.32,37.91,0
8152,16.53,41.97,37.32,0
8153,13.43,38.74,35.19,0
8154,20.73,42.36,32.4,0
8155,16.74,41.54,38.69,0
8156,18.4,38.89,34.33,0
8157,14.7,38.24,35.44,0
8158,19.08,39.54,35.91,0
8159,15.44,39.66,36.08,0
8160,17.25,40.32,38.07,0
8161,20.27,38.63,36.12,0
8162,19.97,40.9,35.82,0
8163,17.48,40.16,38.08,0
8164,12.2,39.24,37.21,0
8165,26.44,38.67,34.5,0
8166,22.66,39.45,33.64,0
8167,19.55,38.49,34.26,0
8168,15.08,39.79,35.77,0
8169,16.96,39.82,33.35,0
8170,15.63,40.07,35.99,0
8171,21.01,42.32,35.52,0
8172,17.97,39.46,30.66,0
8173,14.79,41.15,32.9,0
8174,15.69,39.97,29.91,0
8175,20.43,39.26,34.96,0
8176,21.82,39.43,37.77,0
8177,21.57,39.51,31.81,0
8178,19.22,40.0,32.91,0
8179,16.15,38.13,35.2,0
8180,7.15,37.36,33.37,0
8181,17.73,40.53,33.33,0
8182,16.8,40.89,36.52,0
8183,17.18,40.65,34.42,0
8184,16.89,39.75,32.41,0
8185,12.71,40.66,31.18,0
8186,18.33,40.57,39.74,0
8187,18.52,40.67,37.56,0
8188,18.64,38.19,34.37,0
8189,19.4,37.82,35.42,0
8190,18.33,38.87,34.24,0
8191,15.26,39.42,36.21,0
8192,16.24,39.07,33.46,0
8193,16.7,36.61,34.05,0
8194,16.71,42.0,36.02,0
8195,19.35,39.0,38.0,0
8196,18.26,39.66,36.55,0
8197,22.53,41.26,37.51,0
8198,22.89,35.86,34.39,0
8199,16.48,38.6,33.74,0
8200,98.28,38.78,2.12,1
8201,97.92,38.85,1.77,1
8202,98.2,39.08,1.73,1
8203,98.18,41.51,1.83,1
8204,97.75,40.34,2.23,1
8205,97.82,40.76,2.42,1
8206,98.3,39.38,1.28,1
8207,98.91,37.2,1.03,1
8208,98.6,36.17,1.52,1
8209,97.44,36.99,1.8,1
8210,97.44,39.82,2.6,1
8211,97.73,39.32,1.86,1
8212,98.05,38.95,2.13,1
8213,98.02,38.7,2.21,1
8214,98.62,42.26,1.49,1
8215,98.65,38.01,2.73,1
8216,98.0,40.62,1.67,1
8217,97.89,39.23,2.78,1
8218,98.26,39.13,1.94,1
8219,98.53,40.98,1.83,1
8220,98.28,41.4,1.44,1
8221,97.78,38.84,2.1,1
8222,97.69,40.39,3.13,1
8223,97.44,39.73,2.21,1
8224,98.1,39.19,2.14,1
8225,98.31,39.48,1.67,1
8226,98.37,38.13,2.3,1
8227,98.58,38.7,2.08,1
8228,98.74,38.28,1.97,1
8229,97.31,40.5,2.25,1
8230,98.2,39.0,1.09,1
8231,98.22,37.19,1.95,1
8232,97.96,38.05,1.4,1
8233,97.59,34.33,2.01,1
8234,98.72,38.38,1.64,1
8235,97.71,39.17,1.67,1
8236,96.9,38.91,1.33,1
8237,98.01,42.08,2.56,1
8238,97.88,39.96,1.66,1
8239,98.93,39.89,1.69,1
8240,98.24,36.63,2.77,1
8241,97.85,38.54,2.28,1
8242,97.9,38.35,0.98,1
8243,97.9,37.9,2.69,1
8244,99.11,37.87,2.82,1
8245,98.34,36.36,2.78,1
8246,97.3,37.15,2.33,1
8247,97.88,40.37,1.45,1
8248,97.99,38.84,1.98,1
8249,97.45,38.3,1.28,1
8250,97.11,39.04,1.57,1
8251,98.3,40.8,1.44,1
8252,97.6,39.05,1.69,1
8253,98.62,39.85,2.08,1
8254,98.0,37.77,1.78,1
8255,97.76,38.11,1.76,1
8256,96.79,39.56,1.85,1
8257,98.61,41.87,2.75,1
8258,98.15,41.17,3.08,1
8259,97.78,39.9,1.77,1
8260,97.55,39.25,2.17,1
8261,98.8,41.12,1.58,1
8262,97.47,40.21,2.38,1
8263,97.82,35.58,1.76,1
8264,98.28,37.43,1.64,1
8265,98.73,39.52,3.0,1
8266,97.89,36.33,1.32,1
8267,97.63,37.66,0.77,1
8268,97.95,37.96,2.37,1
8269,98.45,38.62,1.82,1
8270,98.56,38.57,1.68,1
8271,97.31,38.57,3.37,1
8272,98.06,40.24,2.37,1
8273,97.28,38.6,1.97,1
8274,98.44,38.43,1.65,1
8275,98.21,36.98,2.22,1
8276,97.54,40.54,1.13,1
8277,98.77,37.99,1.74,1
8278,98.17,37.37,1.98,1
8279,98.11,39.32,2.11,1
8280,97.91,37.85,1.93,1
8281,98.0,38.21,1.65,1
8282,97.81,39.39,2.46,1
8283,97.63,38.51,1.17,1
8284,98.61,42.47,1.86,1
8285,97.75,38.89,1.74,1
8286,97.74,39.93,2.51,1
8287,97.94,36.09,1.77,1
8288,98.71,37.71,2.22,1
8289,98.57,37.37,2.17,1
8290,97.8,37.57,1.08,1
8291,98.61,39.63,1.97,1
8292,98.05,40.56,1.13,1
8293,97.58,39.53,2.18,1
8294,97.76,38.67,1.63,1
8295,98.69,38.07,2.59,1
8296,99.04,40.69,1.91,1
8297,98.16,42.12,1.61,1
8298,97.72,39.22,2.6,1
8299,97.94,40.43,1.56,1
8300,97.62,39.54,2.45,1
8301,97.69,40.16,2.23,1
8302,97.64,37.28,1.82,1
8303,97.96,38.3,1.33,1
8304,98.06,39.63,2.62,1
8305,97.93,40.85,2.25,1
8306,97.89,37.81,1.61,1
8307,98.38,35.99,2.12,1
8308,97.89,38.3,2.5,1
8309,97.92,40.56,2.06,1
8310,97.91,36.68,2.12,1
8311,98.77,37.29,2.52,1
8312,97.75,39.29,2.77,1
8313,98.3,38.89,1.94,1
8314,97.63,39.96,1.33,1
8315,98.17,37.23,1.35,1
8316,98.27,38.59,1.65,1
8317,98.54,40.87,1.53,1
8318,97.81,37.29,1.16,1
8319,97.44,41.3,2.92,1
8320,97.61,37.49,2.26,1
8321,98.48,40.37,1.74,1
8322,99.04,38.54,1.98,1
8323,98.42,37.39,1.11,1
8324,97.37,38.36,2.58,1
8325,98.4,39.93,1.03,1
8326,97.53,39.11,2.26,1
8327,97.83,40.8,1.08,1
8328,98.09,41.28,1.79,1
8329,98.18,37.36,2.62,1
8330,98.03,37.26,1.18,1
8331,97.7,37.19,1.93,1
8332,98.53,37.8,2.31,1
8333,97.74,40.82,2.23,1
8334,98.63,40.01,2.04,1
8335,97.32,38.35,2.25,1
8336,98.11,39.16,1.69,1
8337,97.39,41.29,2.97,1
8338,97.58,42.05,1.19,1
8339,97.74,39.59,2.58,1
8340,98.76,35.22,2.09,1
8341,98.65,39.66,2.31,1
8342,98.44,40.62,2.4,1
8343,98.02,39.56,2.28,1
8344,98.09,40.32,1.59,1
8345,98.63,39.78,1.86,1
8346,98.35,37.4,1.27,1
8347,98.01,37.93,1.85,1
8348,98.74,38.78,2.16,1
8349,98.41,40.87,2.3,1
8350,11.4,38.13,40.54,0
8351,14.28,39.97,35.65,0
8352,17.27,39.75,31.06,0
8353,18.32,41.68,37.16,0
8354,22.61,39.25,34.05,0
8355,18.93,36.69,34.45,0
8356,15.92,40.3,33.53,0
8357,13.45,42.54,35.29,0
8358,14.45,40.41,35.28,0
8359,14.4,38.17,33.65,0
8360,18.17,37.74,33.95,0
8361,17.01,37.94,35.19,0
8362,12.3,42.38,30.33,0
8363,14.99,38.9,32.15,0
8364,18.96,38.4,38.4,0
8365,17.41,39.17,35.74,0
8366,18.1,38.94,34.06,0
8367,17.57,41.78,31.75,0
8368,21.34,37.92,35.05,0
8369,17.2,41.22,37.16,0
8370,15.36,39.64,40.5,0
8371,13.81,41.28,39.03,0
8372,17.34,41.85,33.5,0
8373,9.3,39.61,34.31,0
8374,16.11,39.03,32.38,0
8375,16.08,39.61,33.67,0
8376,12.64,39.38,34.96,0
8377,13.98,37.04,34.68,0
8378,19.23,41.87,39.55,0
8379,17.53,39.92,32.84,0
8380,17.18,37.82,35.41,0
8381,17.83,36.47,31.4,0
8382,17.23,36.09,36.22,0
8383,20.71,40.75,32.91,0
8384,17.39,38.68,37.82,0
8385,12.69,38.94,35.07,0
8386,21.99,40.36,32.88,0
8387,18.25,38.87,31.51,0
8388,15.41,40.47,33.79,0
8389,13.46,39.81,36.25,0
8390,18.45,39.55,36.65,0
8391,16.95,37.33,34.84,0
8392,22.06,38.47,37.72,0
8393,16.34,40.62,33.63,0
8394,14.91,38.7,30.08,0
8395,20.15,41.55,36.54,0
8396,20.28,43.27,38.59,0
8397,18.06,40.75,38.64,0
8398,19.62,42.02,33.47,0
8399,17.52,40.87,35.02,0
8400,18.38,39.0,37.59,0
8401,21.22,40.12,34.92,0
8402,19.64,42.85,36.42,0
8403,17.3,39.06,34.82,0
8404,21.91,38.3,34.11,0
8405,10.81,38.17,34.53,0
8406,24.1,39.56,38.27,0
8407,12.88,38.39,36.42,0
8408,16.16,42.42,38.97,0
8409,17.96,40.25,37.51,0
8410,17.69,41.4,39.72,0
8411,21.2,39.51,38.18,0
8412,15.05,38.26,38.1,0
8413,19.06,38.02,36.38,0
8414,16.59,38.63,42.68,0
8415,19.26,40.53,36.92,0
8416,18.22,40.81,32.79,0
8417,18.75,40.95,37.31,0
8418,16.87,37.82,34.85,0
8419,17.04,40.07,38.89,0
8420,19.48,38.55,38.35,0
8421,21.5,40.7,36.55,0
8422,16.92,40.83,35.2,0
8423,16.16,38.37,37.31,0
8424,20.66,41.6,35.77,0
8425,18.77,43.67,38.67,0
8426,21.41,41.43,38.25,0
8427,16.26,39.95,43.05,0
8428,13.69,39.73,36.33,0
8429,17.48,39.91,36.66,0
8430,16.83,39.1,37.0,0
8431,18.95,40.63,37.13,0
8432,17.33,38.56,39.45,0
8433,21.52,37.45,36.88,0
8434,18.48,40.63,41.42,0
8435,19.85,40.35,38.69,0
8436,19.93,39.48,36.59,0
8437,20.1,38.43,36.13,0
8438,19.5,40.8,39.74,0
8439,21.15,38.9,37.76,0
8440,17.29,40.2,37.76,0
8441,23.93,43.07,36.59,0
8442,19.08,41.41,37.71,0
8443,15.91,38.4,36.6,0
8444,20.47,38.56,40.65,0
8445,17.41,40.72,39.4,0
8446,22.02,38.44,37.67,0
8447,26.71,37.52,37.68,0
8448,17.78,41.34,38.29,0
8449,21.19,41.04,38.15,0
8450,14.99,41.25,36.29,0
8451,21.68,40.99,34.45,0
8452,17.72,40.51,36.7,0
8453,18.56,39.64,38.09,0
8454,17.19,41.42,36.92,0
8455,22.75,42.96,40.08,0
8456,23.64,39.93,38.03,0
8457,20.74,39.17,42.29,0
8458,18.14,39.02,37.47,0
8459,25.56,39.44,38.92,0
8460,18.61,41.06,38.11,0
8461,14.43,37.57,39.62,0
8462,22.36,41.45,40.92,0
8463,17.73,41.78,40.05,0
8464,24.07,38.13,34.82,0
8465,20.03,39.38,39.94,0
8466,23.04,40.99,36.96,0
8467,25.5,40.67,38.42,0
8468,17.73,41.69,40.47,0
8469,19.73,40.72,36.9,0
8470,21.26,42.84,41.5,0
8471,26.17,40.48,38.54,0
8472,19.64,39.51,43.64,0
8473,19.9,39.41,39.48,0
8474,23.18,42.13,42.81,0
8475,20.08,41.09,41.85,0
8476,22.34,42.01,38.28,0
8477,17.29,42.0,36.95,0
8478,28.65,38.07,39.84,0
8479,18.03,39.41,38.5,0
8480,21.18,39.61,42.87,0
8481,22.11,39.94,39.28,0
8482,28.02,40.55,39.22,0
8483,18.37,42.7,37.08,0
8484,28.36,43.02,40.77,0
8485,24.75,40.81,37.64,0
8486,23.8,40.89,40.92,0
8487,19.66,40.23,41.25,0
8488,24.4,41.44,38.65,0
8489,20.59,41.63,42.12,0
8490,26.62,42.56,39.71,0
8491,19.98,42.57,37.37,0
8492,22.62,37.94,43.46,0
8493,21.37,41.18,38.58,0
8494,20.14,43.51,41.5,0
8495,25.4,40.79,41.39,0
8496,24.85,43.18,41.37,0
8497,26.94,41.03,41.4,0
8498,18.05,41.78,38.77,0
8499,26.65,39.83,44.15,0
8500,31.04,39.91,42.74,0
8501,22.25,42.67,41.83,0
8502,29.36,42.92,38.27,0
8503,22.95,41.66,39.04,0
8504,19.7,39.8,42.37,0
8505,22.97,41.73,37.1,0
8506,27.11,43.57,41.85,0
8507,21.52,44.32,38.56,0
8508,22.31,41.26,39.55,0
8509,25.96,39.26,38.52,0
8510,24.26,43.04,41.9,0
8511,26.08,41.38,43.69,0
8512,25.12,43.24,42.22,0
8513,25.91,42.26,42.5,0
8514,23.25,40.54,41.98,0
8515,25.32,41.97,43.07,0
8516,21.92,43.87,42.69,0
8517,28.64,41.71,36.39,0
8518,22.95,40.4,43.69,0
8519,28.31,39.59,43.54,0
8520,24.3,40.84,41.28,0
8521,25.68,41.41,38.11,0
8522,23.67,43.28,42.61,0
8523,22.18,40.39,42.84,0
8524,20.07,44.42,41.36,0
8525,22.21,40.11,42.68,0
8526,24.49,45.63,44.51,0
8527,26.17,44.75,47.22,0
8528,28.64,42.39,42.78,0
8529,24.35,39.73,43.22,0
8530,23.12,42.15,40.96,0
8531,21.51,41.67,41.67,0
8532,27.36,40.36,42.46,0
8533,30.15,42.74,45.15,0
8534,29.88,41.09,44.5,0
8535,28.28,41.27,46.78,0
8536,28.15,42.06,40.01,0
8537,31.4,41.53,40.4,0
8538,27.39,45.53,45.32,0
8539,28.41,41.64,46.07,0
8540,25.59,43.13,43.3,0
8541,22.54,42.71,34.37,0
8542,24.65,43.04,41.88,0
8543,26.76,43.18,44.1,0
8544,27.05,43.88,41.69,0
8545,32.72,42.98,43.93,0
8546,27.27,42.94,47.42,0
8547,30.64,42.72,46.54,0
8548,25.88,42.45,45.37,0
8549,26.33,41.31,43.68,0
8550,23.36,42.61,42.89,0
8551,25.2,43.09,45.46,0
8552,29.09,43.36,44.06,0
8553,27.61,43.05,44.19,0
8554,30.5,42.45,41.03,0
8555,28.3,42.74,42.77,0
8556,26.78,42.02,45.77,0
8557,34.36,43.34,42.13,0
8558,27.71,42.57,44.93,0
8559,31.57,43.19,45.29,0
8560,26.96,44.45,45.47,0
8561,30.37,41.91,45.71,0
8562,31.11,43.89,45.91,0
8563,29.03,43.07,43.48,0
8564,21.43,46.08,41.86,0
8565,28.63,42.75,43.11,0
8566,32.35,44.14,46.38,0
8567,30.32,43.14,42.59,0
8568,30.16,41.06,42.97,0
8569,23.74,42.39,43.03,0
8570,26.82,44.52,41.5,0
8571,30.3,42.57,42.96,0
8572,30.38,39.92,47.32,0
8573,32.88,43.22,43.96,0
8574,28.89,41.66,41.96,0
8575,30.62,43.52,44.5,0
8576,29.54,45.67,46.61,0
8577,26.61,44.53,42.0,0
8578,22.89,45.7,47.63,0
8579,31.03,42.58,42.91,0
8580,30.35,43.23,45.07,0
8581,28.05,41.91,45.11,0
8582,25.13,42.47,44.87,0
8583,31.97,42.13,45.93,0
8584,29.36,41.59,47.69,0
8585,31.92,45.62,46.12,0
8586,35.92,40.46,45.05,0
8587,23.99,45.68,47.25,0
8588,28.4,45.52,46.82,0
8589,29.96,44.43,45.13,0
8590,35.04,42.03,46.62,0
8591,25.85,41.35,45.1,0
8592,36.65,42.93,44.94,0
8593,31.33,44.72,48.35,0
8594,30.72,43.81,47.7,0
8595,30.5,42.26,48.42,0
8596,29.88,45.58,48.22,0
8597,34.41,46.41,45.24,0
8598,28.15,43.57,49.09,0
8599,32.48,44.1,46.56,0
8600,30.37,41.69,49.08,0
8601,29.33,43.36,47.04,0
8602,39.46,44.78,47.99,0
8603,33.04,44.57,48.11,0
8604,33.71,43.3,49.12,0
8605,35.37,43.68,44.3,0
8606,27.78,43.44,44.48,0
8607,37.39,43.72,49.05,0
8608,24.69,44.8,48.49,0
8609,30.0,41.24,46.29,0
8610,31.01,44.11,48.64,0
8611,34.22,44.77,45.16,0
8612,33.22,43.41,54.58,0
8613,32.15,43.58,50.74,0
8614,32.7,43.65,49.43,0
8615,29.89,43.63,48.41,0
8616,28.42,44.38,47.09,0
8617,35.18,44.59,45.78,0
8618,35.16,41.27,48.24,0
8619,37.92,45.43,46.82,0
8620,30.89,44.04,47.0,0
8621,35.42,47.4,45.84,0
8622,32.58,42.74,49.24,0
8623,37.09,43.25,48.06,0
8624,36.67,44.28,49.95,0
8625,34.33,45.23,49.87,0
8626,32.76,41.71,49.48,0
8627,36.75,43.42,54.41,0
8628,35.89,45.57,50.81,0
8629,31.99,43.29,46.71,0
8630,30.14,46.79,50.22,0
8631,33.35,44.08,49.26,0
8632,38.85,43.44,46.76,0
8633,37.83,45.73,46.67,0
8634,31.14,47.25,50.49,0
8635,31.06,45.49,51.05,0
8636,38.48,46.79,47.63,0
8637,31.33,47.44,51.73,0
8638,36.35,43.56,50.43,0
8639,33.06,46.38,52.32,0
8640,39.85,42.71,52.18,0
8641,32.78,45.66,49.75,0
8642,38.6,44.95,53.41,0
8643,35.82,46.94,47.96,0
8644,36.11,46.86,55.06,0
8645,29.53,45.99,48.59,0
8646,28.91,45.6,50.32,0
8647,34.95,45.95,49.35,0
8648,36.44,45.3,49.8,0
8649,32.41,45.14,56.48,0
8650,32.61,47.43,49.77,0
8651,37.64,47.63,52.47,0
8652,37.74,45.1,50.37,0
8653,35.72,45.7,52.78,0
8654,38.56,45.49,49.89,0
8655,32.79,42.97,51.56,0
8656,35.33,44.91,52.37,0
8657,41.43,47.84,49.74,0
8658,36.77,44.35,56.77,0
8659,37.04,48.67,52.69,0
8660,43.66,47.28,50.94,0
8661,32.63,46.15,50.07,0
8662,39.31,46.42,51.72,0
8663,42.0,44.23,49.17,0
8664,36.12,45.23,55.24,0
8665,39.76,47.82,52.6,0
8666,34.32,44.76,51.64,0
8667,35.29,47.3,53.97,0
8668,38.59,43.67,50.51,0
8669,39.92,43.96,49.71,0
8670,40.97,48.64,51.83,0
8671,42.41,45.79,52.41,0
8672,37.58,45.03,53.29,0
8673,41.45,47.91,49.34,0
8674,36.93,47.76,51.45,0
8675,40.75,47.29,46.27,0
8676,38.75,45.08,50.14,0
8677,39.55,45.53,54.0,0
8678,39.57,46.46,54.56,0
8679,33.57,47.06,50.43,0
8680,35.1,45.28,52.13,0
8681,38.87,46.32,52.9,0
8682,33.58,46.49,55.07,0
8683,41.22,48.05,56.04,0
8684,41.43,47.28,53.36,0
8685,39.88,43.91,52.6,0
8686,35.62,45.88,50.3,0
8687,43.21,44.83,53.47,0
8688,45.27,47.1,57.48,0
8689,39.68,47.66,55.98,0
8690,40.86,46.45,53.81,0
8691,40.02,45.92,54.14,0
8692,41.09,46.45,52.22,0
8693,39.23,46.69,52.95,0
8694,39.57,45.44,54.03,0
8695,42.47,44.6,54.1,0
8696,46.88,43.38,55.89,0
8697,35.72,48.38,55.86,0
8698,39.7,47.25,55.05,0
8699,36.55,47.07,52.08,0
8700,44.95,48.45,52.22,0
8701,38.5,44.69,52.43,0
8702,36.02,44.0,54.75,0
8703,42.34,47.2,50.29,0
8704,45.75,47.09,54.4,0
8705,42.59,44.08,57.29,0
8706,41.29,47.24,55.88,0
8707,41.99,46.13,53.91,0
8708,45.09,45.54,53.28,0
8709,38.31,46.28,56.36,0
8710,40.68,43.14,55.42,0
8711,39.74,45.94,54.38,0
8712,37.68,45.8,53.77,0
8713,40.28,47.71,55.16,0
8714,44.67,46.67,54.47,0
8715,43.13,47.89,56.71,0
8716,43.44,43.13,57.69,0
8717,42.03,45.72,52.54,0
8718,43.25,47.84,52.89,0
8719,39.36,46.56,58.1,0
8720,40.91,48.32,55.8,0
8721,42.5,44.37,53.27,0
8722,42.84,48.2,57.57,0
8723,43.05,46.17,56.35,0
8724,41.75,46.05,60.14,0
8725,41.12,48.66,55.33,0
8726,51.8,48.94,58.08,0
8727,45.13,48.78,53.03,0
8728,43.73,50.31,58.79,0
8729,41.87,49.17,57.95,0
8730,41.3,46.1,59.33,0
8731,42.34,47.53,58.41,0
8732,43.69,46.8,56.05,0
8733,37.25,50.41,53.97,0
8734,38.27,49.05,55.18,0
8735,41.14,47.13,52.92,0
8736,43.76,48.76,54.67,0
8737,42.5,45.62,57.42,0
8738,47.73,47.86,56.54,0
8739,38.93,46.11,56.25,0
8740,41.2,45.0,55.18,0
8741,48.09,48.74,53.28,0
8742,44.0,48.95,57.25,0
8743,46.34,48.29,57.71,0
8744,49.92,47.36,55.03,0
8745,41.76,45.75,56.01,0
8746,43.63,45.94,60.22,0
8747,43.18,46.25,59.52,0
8748,38.22,47.37,54.29,0
8749,43.23,49.36,57.16,0
8750,46.88,49.36,60.3,0
8751,45.93,45.32,57.02,0
8752,46.25,46.78,56.97,0
8753,43.34,46.76,59.76,0
8754,42.57,44.07,59.61,0
8755,48.43,48.74,59.57,0
8756,43.2,47.54,57.23,0
8757,45.65,47.76,59.14,0
8758,45.34,49.97,60.87,0
8759,49.31,48.11,57.84,0
8760,47.91,47.35,57.19,0
8761,41.19,48.88,60.52,0
8762,41.59,49.63,62.21,0
8763,46.96,48.51,62.41,0
8764,45.11,49.12,57.49,0
8765,44.01,47.89,57.75,0
8766,48.5,48.01,56.3,0
8767,46.09,48.33,58.66,0
8768,45.76,47.05,56.33,0
8769,48.01,47.35,57.48,0
8770,44.62,50.29,60.0,0
8771,50.53,51.26,59.44,0
8772,43.53,50.66,55.09,0
8773,47.94,46.3,61.91,0
8774,50.34,46.18,56.66,0
8775,41.98,46.55,56.97,0
8776,45.15,48.56,56.47,0
8777,49.68,44.16,57.68,0
8778,49.8,47.52,57.27,0
8779,45.89,50.53,57.38,0
8780,44.27,49.92,54.25,0
8781,49.41,47.7,59.49,0
8782,50.16,47.83,59.76,0
8783,43.19,49.36,63.84,0
8784,43.14,49.93,60.38,0
8785,47.5,47.75,58.47,0
8786,48.78,48.22,57.12,0
8787,46.07,47.74,59.38,0
8788,49.07,46.61,60.53,0
8789,44.98,48.3,58.68,0
8790,40.83,48.21,59.86,0
8791,45.97,46.78,63.59,0
8792,47.5,49.66,59.08,0
8793,46.55,49.44,56.13,0
8794,43.97,49.78,61.71,0
8795,42.07,47.6,60.64,0
8796,46.04,45.8,56.65,0
8797,50.35,49.5,60.98,0
8798,51.49,47.82,58.18,0
8799,51.35,47.5,61.11,0
8800,45.41,46.97,64.1,0
8801,44.46,48.46,59.98,0
8802,49.48,51.26,62.56,0
8803,49.96,48.16,57.99,0
8804,49.32,47.3,57.46,0
8805,42.14,49.93,64.58,0
8806,45.65,49.23,61.22,0
8807,48.23,45.82,61.93,0
8808,49.84,50.01,63.01,0
8809,50.75,52.23,59.7,0
8810,48.94,45.15,62.46,0
8811,49.57,47.22,62.21,0
8812,48.89,44.82,58.32,0
8813,50.76,49.0,63.99,0
8814,49.71,50.62,63.63,0
8815,49.03,49.31,58.5,0
8816,48.09,51.26,61.52,0
8817,49.2,50.43,60.7,0
8818,50.47,51.76,64.05,0
8819,49.88,50.96,58.44,0
8820,50.28,48.64,68.52,0
8821,53.23,49.36,61.01,0
8822,50.06,47.98,62.89,0
8823,47.38,48.95,64.24,0
8824,52.04,49.41,61.12,0
8825,45.35,49.21,61.33,0
8826,46.26,51.37,60.6,0
8827,50.57,48.87,59.88,0
8828,51.18,47.99,62.25,0
8829,45.95,48.1,61.48,0
8830,48.6,50.41,60.78,0
8831,47.99,47.34,60.94,0
8832,48.4,49.16,63.04,0
8833,52.75,51.47,60.34,0
8834,52.1,49.93,61.49,0
8835,49.98,49.4,63.83,0
8836,48.46,49.47,62.57,0
8837,46.1,48.0,60.02,0
8838,54.47,48.28,62.12,0
8839,52.04,49.29,63.09,0
8840,48.2,50.0,64.24,0
8841,52.54,51.04,60.79,0
8842,50.22,49.77,61.23,0
8843,49.63,51.68,61.0,0
8844,51.85,52.07,61.14,0
8845,48.37,50.87,63.29,0
8846,49.62,51.53,63.71,0
8847,51.07,48.23,64.67,0
8848,49.26,48.0,62.43,0
8849,52.82,50.52,59.84,0
8850,56.47,47.75,64.03,0
8851,48.66,49.34,63.05,0
8852,45.98,50.95,62.9,0
8853,45.02,51.93,60.25,0
8854,50.63,49.44,62.47,0
8855,49.14,48.86,60.52,0
8856,51.8,50.33,63.91,0
8857,51.63,48.26,62.13,0
8858,46.47,49.62,61.99,0
8859,45.89,49.89,59.99,0
8860,52.27,49.87,65.16,0
8861,51.84,50.06,62.63,0
8862,50.21,48.69,63.36,0
8863,46.56,48.87,61.75,0
8864,52.99,48.85,59.96,0
8865,55.45,47.56,62.24,0
8866,52.51,50.52,62.6,0
8867,49.18,51.36,63.97,0
8868,51.91,51.23,62.71,0
8869,47.72,49.65,62.02,0
8870,55.04,48.84,60.49,0
8871,52.16,51.19,63.63,0
8872,46.66,51.05,61.98,0
8873,51.11,50.43,66.25,0
8874,53.44,52.73,63.94,0
8875,51.1,50.09,64.8,0
8876,51.32,49.76,63.22,0
8877,48.51,49.56,64.15,0
8878,53.93,47.83,62.0,0
8879,50.33,51.18,61.46,0
8880,45.85,50.04,63.89,0
8881,51.25,50.97,65.03,0
8882,55.35,52.98,60.03,0
8883,51.29,49.65,62.96,0
8884,57.71,46.74,67.68,0
8885,53.82,50.98,64.99,0
8886,53.59,50.52,67.14,0
8887,52.23,49.19,62.83,0
8888,52.45,50.89,63.21,0
8889,51.91,51.49,66.09,0
8890,51.83,48.9,65.44,0
8891,54.37,49.88,64.04,0
8892,50.01,52.56,61.73,0
8893,49.63,49.28,66.6,0
8894,49.53,50.47,69.34,0
8895,59.07,46.44,61.21,0
8896,54.57,48.17,67.19,0
8897,53.93,50.64,63.47,0
8898,49.88,52.26,63.77,0
8899,54.96,48.38,65.01,0
8900,52.78,50.55,62.09,0
8901,53.81,49.89,64.46,0
8902,50.27,51.89,61.34,0
8903,53.72,48.64,65.54,0
8904,52.0,51.13,69.08,0
8905,51.01,49.51,63.37,0
8906,55.54,50.84,64.34,0
8907,48.76,50.62,64.46,0
8908,55.1,50.15,66.7,0
8909,55.5,51.25,65.57,0
8910,50.84,50.61,66.62,0
8911,51.05,50.35,63.8,0
8912,52.87,50.03,65.7,0
8913,54.42,50.69,58.13,0
8914,53.15,50.92,66.22,0
8915,54.94,49.11,62.48,0
8916,58.96,50.08,64.28,0
8917,52.18,49.03,66.45,0
8918,48.59,50.56,61.91,0
8919,56.24,49.74,67.19,0
8920,58.84,51.79,64.79,0
8921,55.0,51.66,67.97,0
8922,50.59,49.27,63.28,0
8923,53.51,50.66,61.48,0
8924,50.55,51.63,65.07,0
8925,55.87,50.42,66.33,0
8926,49.91,49.6,66.52,0
8927,53.09,49.06,62.92,0
8928,51.01,51.99,61.97,0
8929,54.43,52.07,64.61,0
8930,52.98,50.41,66.29,0
8931,54.63,51.88,66.21,0
8932,54.19,46.29,68.45,0
8933,51.19,52.74,64.57,0
8934,56.06,50.52,61.65,0
8935,54.05,50.97,67.75,0
8936,51.26,50.29,65.77,0
8937,60.97,52.87,65.96,0
8938,55.7,49.19,66.95,0
8939,53.84,53.0,67.96,0
8940,58.56,51.39,65.41,0
8941,59.87,51.74,67.83,0
8942,53.93,50.32,66.59,0
8943,55.43,48.85,64.2,0
8944,51.44,52.22,65.06,0
8945,53.99,51.3,66.77,0
8946,53.85,52.88,64.14,0
8947,55.02,50.55,67.35,0
8948,55.49,50.22,65.91,0
8949,56.19,52.93,66.37,0
8950,55.24,53.73,68.5,0
8951,50.91,50.88,66.35,0
8952,51.75,49.74,65.79,0
8953,52.94,52.09,65.5,0
8954,53.75,50.5,65.41,0
8955,57.77,51.78,66.32,0
8956,51.14,50.5,68.43,0
8957,53.58,53.24,64.5,0
8958,57.52,49.85,64.36,0
8959,53.78,51.63,68.31,0
8960,56.08,50.18,64.62,0
8961,54.29,50.49,66.2,0
8962,55.5,50.3,64.6,0
8963,54.05,52.03,62.43,0
8964,56.75,52.3,66.2,0
8965,50.13,51.77,68.04,0
8966,53.69,50.77,65.7,0
8967,55.68,51.15,62.87,0
8968,56.41,52.29,66.06,0
8969,59.3,52.34,64.34,0
8970,53.66,46.91,60.62,0
8971,59.28,50.54,65.71,0
8972,52.87,50.62,66.92,0
8973,58.85,51.96,68.24,0
8974,57.32,50.86,69.41,0
8975,52.14,52.04,67.21,0
8976,55.81,49.35,67.78,0
8977,54.75,51.36,63.35,0
8978,56.78,52.32,69.17,0
8979,54.25,48.76,68.47,0
8980,54.0,54.75,65.2,0
8981,59.04,52.77,67.31,0
8982,54.64,50.98,67.11,0
8983,57.42,49.74,68.9,0
8984,54.28,50.72,65.66,0
8985,59.96,51.11,64.47,0
8986,52.93,51.65,64.99,0
8987,53.13,53.24,67.77,0
8988,59.55,50.28,62.14,0
8989,53.64,51.84,59.99,0
8990,59.78,49.06,67.77,0
8991,57.66,50.37,66.54,0
8992,54.52,51.56,66.03,0
8993,49.55,52.03,63.38,0
8994,54.94,49.87,62.57,0
8995,55.3,50.34,64.73,0
8996,58.5,53.19,66.72,0
8997,59.76,52.74,64.83,0
8998,52.94,51.31,67.8,0
8999,57.4,47.64,64.09,0
9000,57.3,54.77,64.96,0
9001,58.22,50.97,67.41,0
9002,56.5,50.53,65.25,0
9003,49.17,50.22,65.34,0
9004,54.53,51.56,64.71,0
9005,51.53,51.58,64.34,0
9006,54.39,52.42,66.7,0
9007,57.93,49.61,66.96,0
9008,55.9,50.53,66.44,0
9009,58.43,54.04,64.76,0
9010,56.01,51.33,65.58,0
9011,51.08,50.73,69.17,0
9012,47.41,49.58,63.14,0
9013,55.41,51.75,69.75,0
9014,54.32,52.54,66.17,0
9015,52.03,52.3,65.61,0
9016,49.85,50.6,67.87,0
9017,52.74,51.53,61.82,0
9018,54.35,53.49,68.71,0
9019,56.93,52.59,69.66,0
9020,55.49,49.8,68.12,0
9021,59.74,47.16,61.73,0
9022,51.8,51.42,67.45,0
9023,57.54,52.17,69.21,0
9024,55.03,49.33,69.0,0
9025,56.97,50.95,63.09,0
9026,53.56,50.57,67.93,0
9027,58.08,51.11,69.48,0
9028,55.74,50.14,65.94,0
9029,52.8,52.89,62.97,0
9030,54.79,51.17,67.52,0
9031,54.1,49.63,67.96,0
9032,56.27,52.32,65.57,0
9033,51.25,49.04,63.45,0
9034,54.69,52.86,67.79,0
9035,55.95,52.42,64.28,0
9036,54.85,53.01,66.6,0
9037,58.78,50.68,68.91,0
9038,57.05,50.17,62.46,0
9039,54.69,51.04,67.58,0
9040,55.35,50.78,65.34,0
9041,55.57,49.93,65.38,0
9042,55.87,50.07,66.76,0
9043,49.17,50.35,64.18,0
9044,53.73,49.13,63.36,0
9045,50.16,51.9,62.12,0
9046,58.43,50.8,68.14,0
9047,54.4,50.41,64.92,0
9048,53.98,49.2,66.79,0
9049,57.24,49.12,64.67,0
9050,55.79,53.76,63.3,0
9051,51.12,49.91,66.91,0
9052,54.27,51.76,66.25,0
9053,53.46,51.08,65.1,0
9054,49.21,46.67,66.16,0
9055,52.36,53.52,63.62,0
9056,53.86,51.85,67.65,0
9057,54.04,49.66,68.09,0
9058,49.92,50.77,67.01,0
9059,57.8,49.08,64.73,0
9060,54.01,53.53,65.57,0
9061,54.41,49.43,68.57,0
9062,55.47,50.0,67.98,0
9063,51.88,49.68,69.39,0
9064,55.59,50.89,63.82,0
9065,53.1,52.82,63.62,0
9066,51.49,53.44,65.61,0
9067,55.87,50.15,66.13,0
9068,58.6,51.31,65.02,0
9069,56.27,50.85,64.5,0
9070,56.84,49.25,67.79,0
9071,52.49,54.35,65.06,0
9072,49.23,52.75,62.79,0
9073,58.46,50.98,63.0,0
9074,60.13,53.06,65.67,0
9075,58.57,52.5,71.16,0
9076,52.9,50.8,63.18,0
9077,50.42,51.15,64.48,0
9078,50.66,52.92,69.89,0
9079,48.77,49.23,64.09,0
9080,53.47,53.15,65.95,0
9081,58.58,50.29,68.76,0
9082,53.31,52.91,63.08,0
9083,54.61,50.6,64.34,0
9084,57.8,51.11,63.97,0
9085,52.43,50.54,61.88,0
9086,59.71,49.78,68.03,0
9087,59.55,50.17,63.69,0
9088,53.15,52.63,63.08,0
9089,51.78,47.08,63.92,0
9090,55.57,48.68,66.64,0
9091,52.4,49.44,64.98,0
9092,49.94,48.91,63.14,0
9093,57.22,52.78,65.52,0
9094,56.99,52.39,66.3,0
9095,53.77,51.38,64.6,0
9096,49.48,49.52,64.15,0
9097,49.55,52.47,66.62,0
9098,53.52,48.08,64.2,0
9099,51.66,53.66,67.75,0
9100,52.1,49.41,62.99,0
9101,56.15,50.03,62.91,0
9102,55.25,49.77,62.63,0
9103,57.15,48.79,63.93,0
9104,50.0,53.28,64.39,0
9105,51.91,51.56,61.7,0
9106,55.18,52.19,64.51,0
9107,54.2,48.52,65.42,0
9108,57.42,50.62,61.33,0
9109,54.04,51.12,63.18,0
9110,58.28,50.73,65.33,0
9111,54.32,48.57,61.98,0
9112,55.85,51.91,63.5,0
9113,51.65,50.47,66.27,0
9114,52.62,48.84,67.65,0
9115,55.27,47.48,64.91,0
9116,57.33,51.16,63.66,0
9117,54.64,53.91,62.96,0
9118,52.16,48.7,65.75,0
9119,56.5,50.46,66.16,0
9120,45.74,51.86,61.54,0
9121,48.01,48.28,65.64,0
9122,54.28,49.45,62.57,0
9123,52.23,48.87,62.03,0
9124,53.96,51.62,63.41,0
9125,52.29,52.12,65.66,0
9126,53.77,50.35,64.26,0
9127,49.56,48.84,64.17,0
9128,53.67,49.42,64.27,0
9129,54.9,49.13,64.47,0
9130,55.53,48.59,63.27,0
9131,57.86,49.89,64.72,0
9132,52.51,50.89,62.1,0
9133,52.55,50.75,64.68,0
9134,47.11,49.99,65.06,0
9135,50.04,50.07,64.7,0
9136,51.0,49.85,64.77,0
9137,54.68,48.01,64.16,0
9138,49.65,50.18,65.53,0
9139,53.82,49.05,58.6,0
9140,51.38,47.89,64.81,0
9141,50.8,50.46,67.02,0
9142,52.03,48.97,61.78,0
9143,50.06,50.21,61.52,0
9144,49.89,51.13,65.52,0
9145,46.01,48.41,61.05,0
9146,50.33,49.96,61.53,0
9147,49.59,47.09,63.16,0
9148,49.42,52.09,61.18,0
9149,52.17,47.74,64.49,0
9150,52.84,48.99,61.11,0
9151,51.51,51.75,63.37,0
9152,53.75,49.38,63.18,0
9153,52.43,47.92,65.89,0
9154,49.77,50.77,64.85,0
9155,49.21,50.72,61.42,0
9156,51.48,48.71,59.91,0
9157,52.21,48.86,64.07,0
9158,54.63,48.98,61.04,0
9159,53.95,49.3,61.63,0
9160,48.7,46.76,60.14,0
9161,49.96,49.31,63.57,0
9162,52.22,52.24,60.87,0
9163,53.36,48.2,62.05,0
9164,52.91,48.65,62.04,0
9165,49.85,47.74,62.4,0
9166,46.22,50.41,63.31,0
9167,46.92,51.28,61.45,0
9168,50.68,51.23,60.41,0
9169,50.83,47.57,58.12,0
9170,46.45,50.17,62.0,0
9171,49.82,51.56,61.44,0
9172,51.52,50.15,60.28,0
9173,46.11,50.09,61.78,0
9174,52.82,48.64,63.32,0
9175,48.31,49.66,63.78,0
9176,53.16,51.17,58.44,0
9177,47.73,49.79,60.74,0
9178,46.19,47.41,63.33,0
9179,47.83,48.58,64.56,0
9180,48.86,51.06,59.68,0
9181,47.91,49.71,64.02,0
9182,48.37,49.38,58.51,0
9183,49.96,48.36,63.46,0
9184,48.38,50.95,60.55,0
9185,48.63,51.64,64.19,0
9186,43.64,51.02,60.09,0
9187,49.88,51.27,60.34,0
9188,48.37,48.55,60.65,0
9189,53.41,48.32,57.79,0
9190,45.69,48.82,57.28,0
9191,43.02,49.09,61.78,0
9192,50.24,51.16,62.68,0
9193,49.36,50.74,61.87,0
9194,45.23,49.78,58.09,0
9195,43.6,46.81,61.51,0
9196,52.73,46.4,58.52,0
9197,52.3,49.28,61.26,0
9198,40.53,50.22,62.65,0
9199,46.55,48.76,61.07,0
9200,52.85,51.73,63.22,0
9201,46.36,47.21,59.93,0
9202,46.25,47.0,59.74,0
9203,46.81,47.8,60.26,0
9204,44.22,47.72,57.38,0
9205,42.4,49.54,59.21,0
9206,50.61,48.1,59.33,0
9207,41.85,46.39,59.34,0
9208,48.06,50.03,60.39,0
9209,49.9,46.03,56.83,0
9210,42.82,47.05,57.45,0
9211,44.33,46.2,61.95,0
9212,50.68,48.92,55.61,0
9213,48.57,48.87,60.81,0
9214,45.04,51.44,58.77,0
9215,50.43,49.92,59.78,0
9216,50.38,50.69,62.52,0
9217,47.49,48.94,59.09,0
9218,43.91,47.02,60.54,0
9219,45.3,48.66,59.35,0
9220,47.33,49.33,58.96,0
9221,45.83,49.48,58.65,0
9222,49.14,47.69,60.46,0
9223,41.67,49.11,57.54,0
9224,41.7,46.96,56.68,0
9225,46.65,46.77,59.04,0
9226,44.56,46.64,59.22,0
9227,44.08,48.33,55.12,0
9228,40.59,46.5,58.69,0
9229,45.88,47.61,56.2,0
9230,45.59,49.58,59.85,0
9231,47.63,46.66,54.93,0
9232,45.81,47.42,62.33,0
9233,45.13,48.26,57.74,0
9234,48.98,48.51,56.63,0
9235,41.44,47.36,57.73,0
9236,46.91,49.27,59.35,0
9237,40.21,48.95,59.96,0
9238,42.64,49.76,57.57,0
9239,41.44,47.9,55.18,0
9240,47.35,47.23,55.58,0
9241,44.73,46.95,58.51,0
9242,44.81,48.42,59.85,0
9243,41.45,47.37,60.05,0
9244,43.8,47.06,58.09,0
9245,42.33,47.21,59.63,0
9246,45.69,46.84,61.46,0
9247,41.49,48.14,59.95,0
9248,48.38,45.7,59.36,0
9249,39.29,48.25,55.84,0
9250,41.82,48.79,59.31,0
9251,49.19,46.88,58.25,0
9252,42.77,50.61,58.57,0
9253,40.06,47.73,59.72,0
9254,44.58,45.34,57.86,0
9255,42.42,47.23,56.87,0
9256,41.26,47.72,54.87,0
9257,40.4,48.28,56.36,0
9258,51.92,47.2,57.31,0
9259,42.78,46.04,57.38,0
9260,37.68,45.89,57.25,0
9261,47.85,46.53,58.62,0
9262,45.13,46.65,58.37,0
9263,40.91,45.76,56.45,0
9264,40.34,46.34,54.81,0
9265,45.08,48.41,57.21,0
9266,42.23,49.87,60.87,0
9267,37.12,48.5,56.96,0
9268,48.18,49.3,55.66,0
9269,41.43,48.78,57.26,0
9270,47.14,48.55,57.31,0
9271,46.41,46.77,57.23,0
9272,39.49,47.46,58.74,0
9273,45.51,46.59,56.7,0
9274,40.38,46.87,58.51,0
9275,36.65,47.28,56.26,0
9276,40.89,48.22,58.76,0
9277,43.28,47.76,58.08,0
9278,40.62,46.86,57.45,0
9279,41.0,47.16,57.12,0
9280,45.27,47.7,60.08,0
9281,42.08,48.03,57.56,0
9282,39.15,44.72,53.64,0
9283,43.7,45.36,55.77,0
9284,42.1,48.61,54.68,0
9285,33.86,46.84,59.27,0
9286,42.63,46.27,57.58,0
9287,42.44,46.48,59.07,0
9288,41.24,46.46,53.42,0
9289,43.77,47.67,57.08,0
9290,39.0,45.14,52.08,0
9291,41.94,46.82,51.56,0
9292,36.15,47.12,53.88,0
9293,41.99,47.32,57.64,0
9294,46.54,47.04,52.56,0
9295,37.61,47.45,54.44,0
9296,38.23,45.79,56.79,0
9297,38.3,45.22,56.04,0
9298,40.73,50.29,58.71,0
9299,37.07,46.13,54.22,0
9300,41.44,46.28,53.26,0
9301,42.63,47.54,51.88,0
9302,41.61,48.9,53.27,0
9303,34.62,45.66,51.73,0
9304,42.82,44.95,50.28,0
9305,42.57,44.56,57.73,0
9306,42.16,48.79,53.83,0
9307,40.7,44.82,58.85,0
9308,40.16,46.31,51.92,0
9309,42.51,44.86,52.67,0
9310,45.1,44.13,51.91,0
9311,36.38,45.83,52.11,0
9312,42.39,44.84,55.07,0
9313,38.81,45.18,54.39,0
9314,38.6,49.21,54.94,0
9315,34.29,46.81,55.81,0
9316,37.96,47.54,55.27,0
9317,35.74,47.36,50.97,0
9318,37.25,45.94,51.87,0
9319,35.26,45.41,53.09,0
9320,37.13,46.42,60.23,0
9321,37.17,46.27,54.25,0
9322,38.59,45.14,52.85,0
9323,33.37,46.16,53.92,0
9324,33.79,44.88,51.3,0
9325,39.13,45.66,52.96,0
9326,35.56,45.38,54.27,0
9327,41.09,43.96,52.24,0
9328,38.46,42.31,50.71,0
9329,39.52,44.4,52.0,0
9330,41.84,48.49,51.45,0
9331,36.59,45.29,49.3,0
9332,35.71,46.9,50.81,0
9333,39.97,42.52,49.09,0
9334,38.79,44.17,49.34,0
9335,36.62,43.62,49.46,0
9336,41.26,45.32,53.58,0
9337,36.37,49.23,54.58,0
9338,37.02,46.27,48.46,0
9339,36.89,48.09,54.62,0
9340,33.94,45.14,49.14,0
9341,36.89,47.54,52.82,0
9342,40.76,48.58,51.77,0
9343,37.82,45.28,52.46,0
9344,36.49,44.61,48.78,0
9345,35.82,43.42,47.42,0
9346,37.21,44.9,49.37,0
9347,38.38,45.46,51.76,0
9348,37.87,48.36,54.75,0
9349,34.96,43.35,48.71,0
9350,36.85,45.35,50.5,0
9351,37.23,42.51,49.13,0
9352,32.68,44.57,50.52,0
9353,36.12,45.65,46.63,0
9354,29.04,45.93,53.41,0
9355,36.88,46.01,50.4,0
9356,37.33,45.7,52.11,0
9357,37.5,45.95,49.75,0
9358,33.99,45.12,50.52,0
9359,36.01,43.45,52.33,0
9360,39.27,42.22,50.26,0
9361,39.15,44.15,50.27,0
9362,34.74,44.75,48.27,0
9363,35.16,46.8,48.72,0
9364,37.98,44.74,47.7,0
9365,30.06,44.57,48.17,0
9366,33.51,45.42,52.08,0
9367,38.4,44.41,53.13,0
9368,37.23,46.01,46.95,0
9369,35.32,47.73,50.16,0
9370,29.61,48.02,48.67,0
9371,33.89,44.86,52.03,0
9372,32.18,45.19,49.43,0
9373,34.86,47.03,49.08,0
9374,31.35,44.41,47.53,0
9375,30.61,45.63,45.89,0
9376,27.41,42.88,50.41,0
9377,37.18,44.09,49.52,0
9378,32.23,46.26,49.5,0
9379,33.82,43.43,47.48,0
9380,33.25,44.28,48.31,0
9381,29.97,42.09,50.12,0
9382,29.31,47.43,50.43,0
9383,29.98,46.29,46.04,0
9384,30.74,44.65,47.06,0
9385,33.92,45.11,45.48,0
9386,30.35,44.91,48.59,0
9387,37.89,46.37,49.89,0
9388,35.64,43.49,47.49,0
9389,34.9,45.34,46.66,0
9390,32.03,45.83,47.24,0
9391,36.85,46.01,52.46,0
9392,31.56,40.78,50.16,0
9393,32.04,43.24,49.17,0
9394,32.55,42.58,48.28,0
9395,34.06,44.31,47.54,0
9396,33.78,41.04,45.68,0
9397,30.36,40.97,45.3,0
9398,30.1,47.26,46.22,0
9399,33.53,44.91,45.38,0
9400,33.67,44.14,46.01,0
9401,30.26,44.48,46.95,0
9402,26.59,44.13,47.03,0
9403,30.65,45.38,45.77,0
9404,33.05,42.91,47.94,0
9405,36.51,44.11,46.5,0
9406,27.42,44.14,47.24,0
9407,29.65,42.21,45.25,0
9408,29.67,45.67,48.06,0
9409,34.82,43.06,45.54,0
9410,30.57,45.23,49.75,0
9411,27.86,43.85,46.02,0
9412,32.18,46.1,46.21,0
9413,29.2,42.06,47.52,0
9414,26.66,41.97,47.89,0
9415,27.57,42.22,48.04,0
9416,35.36,43.75,49.68,0
9417,31.23,45.84,47.39,0
9418,30.32,45.89,45.86,0
9419,29.16,40.01,44.87,0
9420,30.7,43.82,45.59,0
9421,30.58,38.6,48.76,0
9422,30.53,44.59,42.95,0
9423,29.92,45.05,44.02,0
9424,32.09,43.29,45.15,0
9425,29.47,43.45,43.86,0
9426,26.39,43.41,44.64,0
9427,27.4,42.09,49.0,0
9428,23.22,43.89,44.73,0
9429,35.15,42.87,46.08,0
9430,31.57,44.59,41.87,0
9431,26.41,43.0,42.92,0
9432,27.97,41.85,46.92,0
9433,26.83,40.82,48.33,0
9434,33.28,40.3,45.37,0
9435,24.31,45.04,44.24,0
9436,28.83,42.36,45.78,0
9437,28.08,43.53,39.53,0
9438,30.8,45.67,45.12,0
9439,27.93,42.13,42.5,0
9440,22.88,42.01,46.12,0
9441,27.32,42.73,40.08,0
9442,25.08,42.94,43.14,0
9443,28.15,45.71,44.25,0
9444,32.14,45.2,42.74,0
9445,22.53,43.76,43.45,0
9446,25.27,44.98,45.94,0
9447,25.93,42.51,44.02,0
9448,26.36,43.2,42.15,0
9449,29.65,42.28,45.82,0
9450,26.83,40.77,44.38,0
9451,28.51,44.49,44.4,0
9452,25.31,43.45,41.96,0
9453,27.79,42.66,38.59,0
9454,29.36,42.6,41.81,0
9455,24.75,40.32,41.54,0
9456,29.21,41.09,42.27,0
9457,26.94,43.04,41.74,0
9458,29.84,41.72,43.59,0
9459,26.02,42.16,45.06,0
9460,27.69,42.31,45.39,0
9461,26.35,41.42,44.85,0
9462,26.1,40.97,41.32,0
9463,27.09,39.97,43.17,0
9464,27.84,42.15,46.12,0
9465,22.41,43.27,39.75,0
9466,30.38,39.86,45.56,0
9467,20.42,42.26,40.81,0
9468,23.87,42.7,43.32,0
9469,25.56,40.77,43.5,0
9470,27.0,44.36,42.99,0
9471,30.42,41.63,47.01,0
9472,20.04,42.03,41.89,0
9473,24.01,41.92,39.15,0
9474,19.08,39.48,43.08,0
9475,25.48,43.63,41.96,0
9476,26.12,40.66,43.35,0
9477,30.0,41.71,43.95,0
9478,25.51,42.94,42.05,0
9479,28.21,44.21,42.93,0
9480,26.75,40.38,42.29,0
9481,23.62,41.31,45.52,0
9482,20.62,44.03,41.14,0
9483,25.6,42.63,40.45,0
9484,20.22,42.92,43.52,0
9485,28.51,40.31,39.84,0
9486,24.06,41.3,42.42,0
9487,28.06,41.59,41.24,0
9488,22.96,40.53,41.32,0
9489,25.13,39.29,46.34,0
9490,24.88,41.01,43.87,0
9491,24.05,43.79,43.39,0
9492,22.81,41.82,42.35,0
9493,25.21,43.77,39.84,0
9494,21.18,41.96,41.69,0
9495,20.26,40.52,42.28,0
9496,27.54,43.56,41.45,0
9497,25.93,41.94,41.18,0
9498,23.87,43.04,40.14,0
9499,28.6,39.98,41.43,0
9500,22.73,43.12,39.77,0
9501,27.43,43.14,42.17,0
9502,23.91,41.95,36.68,0
9503,20.24,40.28,43.37,0
9504,28.79,41.4,37.97,0
9505,26.15,42.37,38.4,0
9506,22.74,41.78,41.3,0
9507,25.22,42.31,41.51,0
9508,21.75,42.91,44.53,0
9509,25.38,40.4,40.91,0
9510,15.65,39.61,40.18,0
9511,19.7,41.27,40.59,0
9512,25.62,40.81,43.33,0
9513,21.87,42.46,44.94,0
9514,23.17,39.65,39.67,0
9515,18.44,42.78,41.07,0
9516,27.96,43.25,39.78,0
9517,25.92,41.2,39.69,0
9518,21.68,41.27,43.58,0
9519,21.0,40.01,37.92,0
9520,25.23,40.33,35.05,0
9521,28.02,40.51,40.3,0
9522,24.87,43.27,42.01,0
9523,28.46,40.98,40.0,0
9524,19.11,39.08,40.51,0
9525,19.35,41.43,40.96,0
9526,18.18,42.26,39.62,0
9527,23.01,40.97,40.46,0
9528,22.14,43.19,40.37,0
9529,21.1,42.13,35.32,0
9530,23.92,39.37,39.42,0
9531,25.12,40.1,35.99,0
9532,16.78,41.25,39.01,0
9533,19.51,38.39,38.05,0
9534,23.69,41.37,41.05,0
9535,19.77,38.21,39.42,0
9536,18.71,42.37,39.83,0
9537,24.1,42.17,38.45,0
9538,17.11,41.55,40.89,0
9539,20.01,39.76,35.54,0
9540,21.84,41.01,36.9,0
9541,19.07,39.97,41.21,0
9542,23.08,39.17,37.72,0
9543,18.97,40.19,34.25,0
9544,24.84,41.73,41.4,0
9545,20.18,40.73,40.6,0
9546,22.51,42.82,39.82,0
9547,22.67,41.78,38.53,0
9548,18.49,41.6,41.62,0
9549,14.15,38.18,40.77,0
9550,21.34,40.15,41.3,0
9551,20.41,38.96,39.55,0
9552,21.8,40.27,38.36,0
9553,19.4,39.48,37.26,0
9554,18.73,39.94,35.48,0
9555,25.99,42.08,38.97,0
9556,15.49,41.18,39.1,0
9557,22.05,41.97,37.18,0
9558,18.07,38.04,39.06,0
9559,18.73,40.51,37.12,0
9560,18.73,41.85,39.48,0
9561,17.21,42.65,35.93,0
9562,21.28,38.05,35.54,0
9563,23.68,39.83,37.13,0
9564,20.87,41.89,39.22,0
9565,19.71,40.03,35.2,0
9566,16.39,38.94,39.58,0
9567,20.84,37.96,34.15,0
9568,25.71,38.85,36.9,0
9569,18.04,37.72,34.52,0
9570,18.0,40.33,32.09,0
9571,17.4,41.57,38.0,0
9572,17.56,38.32,36.87,0
9573,10.74,40.58,34.39,0
9574,20.14,41.44,36.11,0
9575,16.33,40.16,37.98,0
9576,13.99,37.73,36.32,0
9577,21.03,40.71,36.62,0
9578,15.47,40.03,36.18,0
9579,17.65,39.87,35.77,0
9580,23.02,39.26,35.7,0
9581,14.34,40.2,35.6,0
9582,13.92,40.82,35.31,0
9583,19.28,43.63,34.74,0
9584,21.87,40.19,35.98,0
9585,13.65,42.28,35.42,0
9586,19.55,40.53,34.51,0
9587,20.02,39.83,38.15,0
9588,12.05,40.19,39.05,0
9589,20.57,38.12,36.54,0
9590,20.76,40.4,36.64,0
9591,17.15,36.94,35.08,0
9592,21.8,38.62,38.57,0
9593,21.4,40.06,39.87,0
9594,18.26,41.68,36.03,0
9595,16.55,42.02,35.28,0
9596,14.94,39.5,36.97,0
9597,17.7,40.08,36.51,0
9598,19.48,41.31,35.21,0
9599,16.75,37.82,37.12,0
9600,11.09,40.41,38.02,0
9601,21.44,38.55,34.54,0
9602,18.16,39.52,41.16,0
9603,16.41,39.08,32.97,0
9604,20.08,40.41,34.3,0
9605,22.04,40.57,36.44,0
9606,9.02,41.06,40.43,0
9607,18.68,40.24,34.78,0
9608,13.06,39.96,33.74,0
9609,18.8,42.47,36.94,0
9610,17.64,37.39,35.31,0
9611,19.13,42.21,37.11,0
9612,15.68,39.22,35.6,0
9613,11.52,40.5,34.0,0
9614,15.75,39.14,40.38,0
9615,18.28,38.56,29.74,0
9616,20.07,40.33,39.26,0
9617,13.47,41.16,37.46,0
9618,20.03,40.29,34.07,0
9619,14.97,38.76,39.27,0
9620,17.96,44.98,32.76,0
9621,15.31,41.35,37.49,0
9622,17.35,40.94,31.28,0
9623,19.44,39.0,33.12,0
9624,13.05,38.58,33.09,0
9625,14.65,39.09,33.85,0
9626,17.21,41.12,35.35,0
9627,23.83,38.0,33.65,0
9628,14.0,37.87,31.2,0
9629,22.68,40.28,36.17,0
9630,22.54,39.94,35.32,0
9631,16.2,38.29,36.01,0
9632,15.56,37.8,35.51,0
9633,14.35,41.58,37.05,0
9634,16.19,39.95,34.96,0
9635,12.14,37.36,37.11,0
9636,16.1,37.46,33.51,0
9637,20.79,38.85,33.6,0
9638,14.43,40.48,37.77,0
9639,15.51,40.26,37.7,0
9640,11.1,41.06,36.11,0
9641,17.3,37.12,33.16,0
9642,16.94,39.68,32.98,0
9643,16.31,41.47,37.55,0
9644,15.44,41.33,37.42,0
9645,15.18,39.86,34.72,0
9646,17.54,42.83,39.51,0
9647,15.92,40.22,35.72,0
9648,16.92,40.86,32.57,0
9649,16.6,39.35,34.21,0
9650,19.3,38.11,34.75,0
9651,17.93,37.96,34.89,0
9652,16.45,39.53,37.2,0
9653,20.4,38.94,32.77,0
9654,17.08,36.59,32.0,0
9655,19.71,37.7,35.84,0
9656,17.6,38.75,33.61,0
9657,10.23,40.32,39.45,0
9658,19.64,39.19,36.47,0
9659,16.11,39.1,33.51,0
9660,15.53,37.72,36.97,0
9661,16.5,39.23,35.99,0
9662,14.6,41.17,35.78,0
9663,16.3,39.42,34.25,0
9664,13.82,36.92,35.32,0
9665,19.4,37.29,30.25,0
9666,15.21,40.05,37.08,0
9667,14.38,38.82,27.55,0
9668,12.74,39.04,33.53,0
9669,16.3,38.23,31.2,0
9670,16.04,39.9,33.38,0
9671,16.62,38.69,34.22,0
9672,12.36,38.85,31.96,0
9673,10.62,37.85,28.79,0
9674,17.28,40.5,34.74,0
9675,19.84,38.78,38.48,0
9676,12.29,40.02,33.59,0
9677,20.12,37.31,36.2,0
9678,16.19,41.7,37.28,0
9679,15.3,41.01,30.46,0
9680,14.11,36.23,33.33,0
9681,11.14,37.88,31.68,0
9682,18.24,39.8,32.61,0
9683,12.93,37.1,37.61,0
9684,12.91,38.88,34.64,0
9685,18.21,39.71,35.76,0
9686,9.57,38.79,34.09,0
9687,10.64,39.87,31.74,0
9688,15.14,38.02,35.51,0
9689,16.06,35.69,36.65,0
9690,16.63,40.52,34.77,0
9691,14.25,40.51,35.11,0
9692,22.74,42.8,31.65,0
9693,14.45,35.73,35.52,0
9694,14.44,40.16,36.79,0
9695,12.73,36.08,34.9,0
9696,15.48,41.67,30.49,0
9697,16.95,39.76,37.35,0
9698,18.7,37.6,32.18,0
9699,10.62,40.2,34.84,0
9700,14.34,38.19,35.97,0
9701,16.41,39.47,36.21,0
9702,16.82,39.33,30.45,0
9703,15.07,41.63,34.28,0
9704,16.68,41.74,34.14,0
9705,12.62,38.12,36.91,0
9706,19.71,40.6,34.95,0
9707,18.01,39.54,36.92,0
9708,10.99,36.89,35.1,0
9709,11.8,37.96,33.87,0
9710,11.88,42.51,34.4,0
9711,17.05,39.54,37.06,0
9712,11.16,40.5,31.42,0
9713,14.02,38.68,35.82,0
9714,16.37,38.19,32.75,0
9715,14.81,39.04,32.32,0
9716,15.78,38.6,36.05,0
9717,11.8,36.76,32.24,0
9718,16.79,37.5,34.75,0
9719,13.16,40.06,33.02,0
9720,14.03,38.43,29.29,0
9721,15.71,39.04,34.96,0
9722,15.31,39.35,34.25,0
9723,15.07,39.47,30.18,0
9724,12.75,40.72,32.61,0
9725,14.11,37.35,30.39,0
9726,15.01,39.86,35.47,0
9727,10.88,40.14,36.78,0
9728,13.62,40.48,35.71,0
9729,16.18,36.89,35.99,0
9730,11.19,39.39,32.98,0
9731,18.49,41.58,35.11,0
9732,18.84,38.86,34.0,0
9733,11.3,39.73,34.4,0
9734,19.11,40.18,35.94,0
9735,14.61,37.47,36.39,0
9736,16.3,41.77,33.26,0
9737,13.57,39.77,31.23,0
9738,17.83,39.8,33.67,0
9739,16.29,36.53,33.62,0
9740,12.63,40.21,34.63,0
9741,11.59,39.78,35.73,0
9742,10.71,41.46,30.24,0
9743,15.66,38.56,32.74,0
9744,16.83,37.55,32.16,0
9745,17.07,38.01,36.6,0
9746,14.77,38.28,33.69,0
9747,11.67,37.36,33.09,0
9748,13.1,40.98,35.2,0
9749,18.62,41.04,32.94,0
9750,13.72,38.76,34.11,0
9751,15.61,38.47,37.77,0
9752,11.97,36.34,37.73,0
9753,16.22,40.11,33.35,0
9754,13.85,41.55,33.81,0
9755,18.37,38.11,32.95,0
9756,17.57,38.9,30.35,0
9757,13.77,39.73,36.28,0
9758,14.89,41.67,39.06,0
9759,13.64,39.39,33.34,0
9760,11.05,39.38,32.61,0
9761,12.75,39.36,33.71,0
9762,15.93,36.96,34.44,0
9763,16.33,36.94,32.01,0
9764,15.81,37.9,33.38,0
9765,14.48,40.63,36.34,0
9766,18.2,38.62,34.58,0
9767,15.61,38.33,36.88,0
9768,17.55,38.31,35.08,0
9769,10.13,38.93,32.19,0
9770,3.71,41.7,33.23,0
9771,16.34,38.92,34.89,0
9772,11.24,37.97,32.16,0
9773,14.9,39.2,31.92,0
9774,14.65,41.8,32.06,0
9775,20.34,38.42,35.49,0
9776,16.79,37.41,33.74,0
9777,16.11,38.43,36.86,0
9778,18.15,39.38,32.72,0
9779,16.76,40.23,29.61,0
9780,14.31,40.71,34.28,0
9781,18.92,37.64,37.86,0
9782,12.4,37.79,34.65,0
9783,16.72,38.74,31.86,0
9784,11.13,40.26,31.37,0
9785,16.41,37.35,37.04,0
9786,16.4,38.34,33.04,0
9787,20.88,38.37,37.76,0
9788,11.18,40.67,36.01,0
9789,14.1,40.06,33.18,0
9790,18.39,40.63,37.07,0
9791,16.96,41.29,32.91,0
9792,16.52,38.84,31.89,0
9793,13.14,37.52,33.07,0
9794,14.26,37.54,36.36,0
9795,19.8,36.56,37.13,0
9796,15.94,38.64,34.08,0
9797,17.24,38.76,31.16,0
9798,15.8,40.53,31.8,0
9799,12.63,39.38,32.81,0
9800,19.01,38.63,32.38,0
9801,17.75,39.2,35.52,0
9802,23.18,37.82,38.89,0
9803,13.25,40.93,36.63,0
9804,18.8,38.22,32.81,0
9805,12.43,37.7,33.7,0
9806,16.86,40.64,34.11,0
9807,19.35,40.29,35.92,0
9808,10.24,36.85,38.31,0
9809,15.87,40.73,34.26,0
9810,14.83,38.34,38.3,0
9811,14.45,38.91,39.45,0
9812,17.75,39.76,34.57,0
9813,19.99,40.37,34.55,0
9814,16.26,40.17,34.61,0
9815,17.31,39.43,35.48,0
9816,17.07,38.88,34.67,0
9817,16.77,40.15,37.18,0
9818,13.53,39.36,32.34,0
9819,20.16,42.26,34.4,0
9820,17.76,40.44,36.16,0
9821,18.1,38.19,37.27,0
9822,14.53,38.87,39.95,0
9823,15.61,39.67,33.01,0
9824,16.5,41.56,34.32,0
9825,12.46,41.74,31.12,0
9826,12.04,39.04,33.46,0
9827,15.34,38.24,32.17,0
9828,18.75,38.06,34.7,0
9829,15.26,40.04,35.32,0
9830,14.2,43.13,36.75,0
9831,14.86,40.5,35.24,0
9832,15.98,37.31,36.81,0
9833,16.32,38.63,36.13,0
9834,23.92,38.79,33.87,0
9835,20.63,38.51,32.6,0
9836,20.58,39.17,37.17,0
9837,21.06,40.32,39.33,0
9838,14.6,40.8,41.15,0
9839,13.97,41.43,37.98,0
9840,14.36,40.59,39.06,0
9841,21.73,36.89,37.1,0
9842,16.13,38.24,36.82,0
9843,14.06,39.61,36.47,0
9844,16.56,40.08,36.07,0
9845,17.19,41.16,37.54,0
9846,18.75,39.95,35.32,0
9847,18.75,39.97,36.1,0
9848,15.55,40.27,34.08,0
9849,20.14,39.54,37.42,0
9850,16.21,40.07,34.59,0
9851,17.71,41.64,36.61,0
9852,20.29,39.84,37.58,0
9853,16.35,39.94,37.79,0
9854,16.61,39.95,38.2,0
9855,20.15,41.96,36.27,0
9856,15.85,38.36,37.71,0
9857,17.31,42.7,35.8,0
9858,20.18,38.29,32.87,0
9859,24.73,39.09,37.91,0
9860,20.43,41.2,37.49,0
9861,20.09,41.65,38.96,0
9862,20.31,38.01,36.92,0
9863,15.55,38.49,33.81,0
9864,19.17,40.56,36.87,0
9865,18.78,43.68,38.87,0
9866,19.89,42.05,38.09,0
9867,19.32,39.82,36.89,0
9868,20.17,36.58,33.89,0
9869,18.15,40.35,35.21,0
9870,19.31,40.78,38.26,0
9871,15.5,39.68,34.02,0
9872,18.28,39.0,36.76,0
9873,23.47,40.53,37.51,0
9874,20.3,38.89,39.78,0
9875,19.34,43.13,38.75,0
9876,25.15,42.61,39.49,0
9877,15.43,41.34,38.21,0
9878,16.24,40.5,35.96,0
9879,24.76,39.4,36.47,0
9880,19.82,40.37,35.88,0
9881,19.01,42.88,38.97,0
9882,16.19,41.74,36.45,0
9883,21.19,40.76,37.09,0
9884,21.54,41.86,37.97,0
9885,16.68,41.31,41.25,0
9886,19.6,41.1,39.33,0
9887,19.07,41.99,36.52,0
9888,20.91,41.32,38.41,0
9889,16.84,41.85,41.46,0
9890,24.01,40.82,39.43,0
9891,23.06,40.21,35.05,0
9892,19.28,39.79,36.47,0
9893,19.78,39.63,36.36,0
9894,20.08,38.24,41.28,0
9895,18.22,39.3,40.95,0
9896,19.28,39.27,37.24,0
9897,19.86,39.94,37.25,0
9898,25.57,43.06,38.68,0
9899,23.64,40.5,38.79,0
9900,23.66,41.12,36.76,0
9901,22.03,41.19,38.24,0
9902,17.63,43.18,35.88,0
9903,20.92,39.95,41.38,0
9904,24.02,40.5,35.36,0
9905,17.39,40.69,35.39,0
9906,23.14,42.57,39.86,0
9907,28.26,42.91,36.56,0
9908,24.55,41.62,38.09,0
9909,25.67,42.78,39.27,0
9910,22.14,41.21,40.54,0
9911,24.46,40.71,38.8,0
9912,19.46,42.75,42.85,0
9913,24.07,41.74,39.35,0
9914,23.71,39.92,41.78,0
9915,22.68,42.54,40.01,0
9916,25.83,40.75,43.77,0
9917,20.33,40.59,41.67,0
9918,21.45,42.44,39.7,0
9919,22.36,40.99,40.92,0
9920,19.06,41.73,39.19,0
9921,22.89,42.16,39.23,0
9922,17.12,40.01,37.22,0
9923,25.49,41.78,38.26,0
9924,22.55,43.25,44.05,0
9925,20.92,39.81,37.58,0
9926,20.05,41.94,38.73,0
9927,21.91,40.04,39.91,0
9928,24.75,42.84,40.03,0
9929,24.4,42.84,40.97,0
9930,20.71,40.82,39.32,0
9931,20.36,44.68,41.21,0
9932,24.93,43.05,42.66,0
9933,20.87,42.47,42.96,0
9934,23.28,42.41,39.95,0
9935,23.55,42.93,41.76,0
9936,24.18,39.98,38.3,0
9937,25.89,41.79,39.21,0
9938,19.6,42.09,38.36,0
9939,17.72,40.94,40.67,0
9940,21.83,42.26,39.1,0
9941,29.0,43.43,37.84,0
9942,29.74,40.97,40.17,0
9943,29.24,41.54,37.54,0
9944,23.24,40.41,43.71,0
9945,18.54,38.99,40.0,0
9946,16.93,42.86,43.14,0
9947,22.19,41.67,40.24,0
9948,23.51,41.8,38.9,0
9949,28.08,40.27,43.7,0
9950,26.86,41.5,41.58,0
9951,25.01,43.44,45.24,0
9952,21.73,41.82,40.59,0
9953,21.59,41.89,40.69,0
9954,25.31,42.18,43.65,0
9955,26.72,40.03,43.72,0
9956,25.87,42.85,42.07,0
9957,21.67,40.05,48.49,0
9958,26.8,40.55,41.32,0
9959,26.2,40.4,39.4,0
9960,21.79,41.74,39.99,0
9961,22.72,41.49,41.51,0
9962,27.22,42.04,45.16,0
9963,24.52,40.71,41.81,0
9964,30.07,43.6,45.38,0
9965,26.88,43.37,43.17,0
9966,24.0,41.88,44.53,0
9967,25.5,41.44,43.2,0
9968,25.8,41.31,43.25,0
9969,23.5,41.74,44.06,0
9970,23.03,40.13,41.48,0
9971,27.95,40.81,41.56,0
9972,28.46,43.57,43.44,0
9973,27.81,42.75,46.68,0
9974,30.62,44.77,39.78,0
9975,24.53,41.9,38.87,0
9976,31.26,41.83,42.46,0
9977,23.61,41.78,45.11,0
9978,23.35,41.94,43.21,0
9979,21.19,41.45,40.84,0
9980,25.21,42.87,43.4,0
9981,25.12,42.53,39.84,0
9982,28.28,41.75,44.62,0
9983,27.52,44.41,42.81,0
9984,23.29,45.4,43.33,0
9985,25.77,44.33,44.41,0
9986,25.91,43.44,44.03,0
9987,21.78,43.77,42.6,0
9988,24.24,45.44,45.82,0
9989,24.95,43.82,45.41,0
9990,31.65,41.83,40.33,0
9991,28.0,43.32,43.48,0
9992,29.49,43.69,41.85,0
9993,23.09,41.28,41.53,0
9994,31.25,42.37,45.21,0
9995,31.65,44.48,43.36,0
9996,21.84,40.11,43.98,0
9997,25.8,41.0,42.99,0
9998,29.48,42.63,45.14,0
9999,30.01,43.45,45.82,0
10000,26.12,40.91,48.87,0
10001,27.33,42.78,44.23,0
10002,26.53,44.73,41.76,0
10003,28.74,43.12,43.72,0
10004,32.08,44.46,46.49,0
10005,26.26,42.18,43.31,0
10006,31.66,41.88,41.96,0
10007,26.39,44.39,43.49,0
10008,26.28,43.7,43.99,0
10009,31.36,41.39,42.96,0
10010,31.75,41.99,45.62,0
10011,31.62,45.57,45.1,0
10012,25.21,41.86,46.9,0
10013,27.84,44.67,44.5,0
10014,31.79,42.58,46.57,0
10015,29.53,43.32,44.54,0
10016,26.27,43.79,43.33,0
10017,30.95,40.22,44.57,0
10018,27.51,41.2,42.49,0
10019,35.12,43.55,49.37,0
10020,34.46,42.36,46.14,0
10021,31.72,44.97,44.34,0
10022,34.08,41.09,45.24,0
10023,30.27,44.37,41.16,0
10024,32.46,41.48,49.0,0
10025,34.68,43.05,48.87,0
10026,31.07,42.0,46.48,0
10027,29.65,46.48,46.97,0
10028,25.39,41.64,43.87,0
10029,30.34,43.49,44.08,0
10030,33.14,41.11,43.14,0
10031,33.59,46.13,46.28,0
10032,32.35,44.35,48.8,0
10033,29.3,43.98,45.98,0
10034,25.08,46.02,47.51,0
10035,29.61,44.05,48.84,0
10036,30.27,44.18,43.7,0
10037,30.33,44.08,50.71,0
10038,33.21,44.75,49.4,0
10039,37.4,43.19,48.18,0
10040,31.9,43.64,49.07,0
10041,30.96,45.2,49.23,0
10042,30.92,44.43,47.94,0
10043,32.16,43.86,50.28,0
10044,29.39,41.96,46.59,0
10045,32.32,46.33,48.49,0
10046,33.4,43.12,50.28,0
10047,32.76,45.62,42.32,0
10048,33.59,44.43,48.65,0
10049,33.6,42.25,49.29,0
10050,27.07,46.1,44.49,0
10051,34.39,44.62,48.54,0
10052,30.55,46.27,46.46,0
10053,29.36,44.02,48.91,0
10054,29.42,45.38,48.0,0
10055,34.12,41.7,46.37,0
10056,32.24,43.62,50.55,0
10057,27.95,42.49,47.56,0
10058,34.52,43.86,49.01,0
10059,28.85,45.16,51.16,0
10060,33.68,43.57,46.77,0
10061,34.06,45.8,48.69,0
10062,36.09,43.24,47.75,0
10063,38.86,45.88,48.27,0
10064,29.51,46.55,53.2,0
10065,33.53,46.13,49.87,0
10066,32.95,44.12,49.65,0
10067,35.17,41.47,50.14,0
10068,34.6,45.56,50.02,0
10069,32.98,44.52,45.58,0
10070,32.8,43.27,53.9,0
10071,30.87,43.93,46.44,0
10072,37.27,46.94,52.91,0
10073,35.77,43.11,50.75,0
10074,37.23,45.55,49.94,0
10075,33.63,45.2,49.04,0
10076,32.68,44.36,54.93,0
10077,31.5,45.89,51.0,0
10078,35.9,47.4,49.9,0
10079,31.79,44.53,48.86,0
10080,40.55,44.64,48.69,0
10081,31.16,45.96,50.17,0
10082,36.0,46.43,48.28,0
10083,39.96,44.89,51.57,0
10084,37.15,44.65,48.99,0
10085,35.96,41.8,52.36,0
10086,32.62,43.99,52.38,0
10087,31.47,43.47,50.38,0
10088,38.01,46.24,51.72,0
10089,40.3,44.87,51.89,0
10090,34.56,44.84,47.77,0
10091,32.54,45.27,54.23,0
10092,28.67,44.01,50.33,0
10093,33.19,47.67,52.3,0
10094,35.88,47.31,52.42,0
10095,41.11,47.82,46.07,0
10096,38.41,46.44,49.8,0
10097,37.4,45.4,52.87,0
10098,35.37,47.89,51.38,0
10099,34.91,44.48,52.7,0
10100,40.96,44.22,51.58,0
10101,37.43,44.65,53.92,0
10102,30.61,46.36,51.76,0
10103,34.98,44.46,54.45,0
10104,34.52,45.39,49.71,0
10105,35.54,43.25,51.49,0
10106,38.95,46.4,50.62,0
10107,37.03,43.43,52.66,0
10108,37.21,44.33,51.39,0
10109,41.46,47.58,51.56,0
10110,35.52,47.55,50.68,0
10111,43.29,46.37,51.24,0
10112,35.77,46.25,52.21,0
10113,38.14,45.06,48.25,0
10114,37.11,44.73,47.76,0
10115,38.41,45.37,52.55,0
10116,39.46,43.67,46.96,0
10117,39.52,46.34,52.19,0
10118,36.04,46.06,51.89,0
10119,35.02,44.62,53.79,0
10120,45.98,48.39,51.43,0
10121,37.11,46.98,55.99,0
10122,40.74,47.13,54.61,0
10123,33.91,45.39,49.96,0
10124,37.98,46.14,52.48,0
10125,38.52,47.11,56.18,0
10126,40.41,46.43,51.79,0
10127,30.91,48.62,53.15,0
10128,39.66,45.94,56.13,0
10129,35.79,45.52,52.31,0
10130,40.3,47.25,55.71,0
10131,36.3,44.43,51.71,0
10132,36.93,47.74,47.82,0
10133,38.76,44.42,56.12,0
10134,36.51,47.36,54.61,0
10135,38.33,45.45,54.81,0
10136,36.26,47.17,51.68,0
10137,34.42,47.84,51.91,0
10138,43.06,46.73,56.31,0
10139,36.2,44.73,54.56,0
10140,39.64,45.21,53.91,0
10141,42.52,45.49,54.65,0
10142,38.5,43.76,57.29,0
10143,37.95,48.32,55.79,0
10144,41.19,46.82,53.46,0
10145,43.95,44.98,51.67,0
10146,37.17,48.89,55.72,0
10147,40.31,45.68,52.76,0
10148,35.65,47.13,52.31,0
10149,39.75,45.54,57.38,0
10150,41.12,43.78,56.56,0
10151,38.53,44.78,55.65,0
10152,39.81,46.18,52.47,0
10153,37.04,48.23,58.59,0
10154,41.58,47.42,57.13,0
10155,44.6,47.14,54.54,0
10156,38.22,43.94,54.18,0
10157,39.73,48.88,55.43,0
10158,43.18,47.34,54.38,0
10159,45.39,46.85,59.83,0
10160,37.36,48.75,54.7,0
10161,41.42,48.95,53.4,0
10162,42.85,48.83,58.78,0
10163,41.78,46.76,54.53,0
10164,34.74,45.64,57.31,0
10165,43.75,48.66,57.15,0
10166,46.89,45.15,55.75,0
10167,42.76,50.14,53.98,0
10168,39.4,47.29,55.9,0
10169,41.03,45.68,53.72,0
10170,47.96,45.45,56.08,0
10171,45.46,45.4,57.73,0
10172,44.73,47.55,59.69,0
10173,43.96,47.36,54.14,0
10174,40.99,45.54,55.88,0
10175,42.45,46.88,55.39,0
10176,42.9,45.39,57.06,0
10177,44.86,48.35,53.53,0
10178,47.82,47.41,54.78,0
10179,46.73,46.94,53.31,0
10180,39.19,45.6,53.89,0
10181,44.2,47.11,55.5,0
10182,45.82,46.96,60.23,0
10183,45.55,48.08,57.65,0
10184,41.88,47.88,57.14,0
10185,52.59,48.84,59.77,0
10186,40.09,46.95,57.91,0
10187,40.75,44.91,58.16,0
10188,44.78,49.21,56.32,0
10189,50.51,46.34,56.05,0
10190,41.73,46.11,54.77,0
10191,43.51,47.73,56.25,0
10192,47.62,48.27,56.95,0
10193,44.41,47.04,58.26,0
10194,43.54,47.05,57.56,0
10195,46.32,47.3,56.97,0
10196,45.51,50.03,55.93,0
10197,47.86,47.93,58.62,0
10198,48.72,46.5,56.88,0
10199,45.85,46.54,58.65,0
10200,45.88,47.62,54.17,0
10201,45.72,48.38,58.73,0
10202,46.62,48.77,59.61,0
10203,45.39,48.25,59.42,0
10204,45.3,46.83,57.85,0
10205,48.97,47.48,60.13,0
10206,50.0,49.24,55.81,0
10207,41.0,46.44,58.24,0
10208,45.63,47.48,58.09,0
10209,43.61,49.1,60.61,0
10210,44.81,49.54,54.56,0
10211,47.03,47.96,56.54,0
10212,47.9,47.65,62.21,0
10213,45.63,46.31,53.91,0
10214,40.3,49.1,60.46,0
10215,43.22,50.31,57.49,0
10216,48.87,52.2,59.46,0
10217,38.03,48.96,61.83,0
10218,49.89,48.32,59.65,0
10219,47.96,47.04,61.99,0
10220,50.42,45.62,58.19,0
10221,45.95,48.73,58.51,0
10222,40.43,52.01,60.86,0
10223,47.98,50.41,58.47,0
10224,50.58,50.2,60.6,0
10225,49.6,48.92,61.83,0
10226,44.91,49.11,61.25,0
10227,47.23,44.95,56.42,0
10228,45.44,49.75,58.95,0
10229,44.65,47.76,60.25,0
10230,50.04,47.6,59.25,0
10231,43.65,48.19,59.95,0
10232,44.63,48.16,60.44,0
10233,44.07,47.64,58.85,0
10234,42.98,48.76,59.57,0
10235,47.96,47.92,57.65,0
10236,51.07,48.93,59.11,0
10237,47.1,46.57,57.07,0
10238,43.2,48.5,60.41,0
10239,50.31,47.19,59.84,0
10240,52.91,47.89,58.45,0
10241,45.98,49.09,63.91,0
10242,46.55,46.49,59.9,0
10243,49.6,47.68,61.02,0
10244,52.99,49.79,59.22,0
10245,46.63,46.84,59.72,0
10246,44.26,51.64,61.25,0
10247,50.21,50.8,59.99,0
10248,50.78,48.27,60.71,0
10249,48.47,47.85,62.37,0
10250,46.84,49.36,59.77,0
10251,51.56,46.9,58.2,0
10252,50.22,46.09,57.86,0
10253,46.4,48.42,63.84,0
10254,48.91,48.93,62.88,0
10255,44.78,49.29,62.38,0
10256,50.95,48.25,60.24,0
10257,48.17,51.1,58.5,0
10258,47.71,46.96,60.65,0
10259,48.98,47.52,61.08,0
10260,49.26,49.97,59.05,0
10261,51.89,47.52,58.42,0
10262,51.04,47.48,57.95,0
10263,48.86,49.48,62.78,0
10264,51.68,47.74,59.1,0
10265,50.65,49.13,62.18,0
10266,48.23,48.3,60.81,0
10267,49.19,48.08,62.83,0
10268,49.18,46.23,62.37,0
10269,51.2,49.62,61.29,0
10270,48.64,47.55,62.06,0
10271,48.63,49.19,61.62,0
10272,55.77,48.69,60.66,0
10273,52.74,49.17,63.9,0
10274,47.7,49.27,61.14,0
10275,51.75,49.8,61.86,0
10276,50.45,48.44,59.25,0
10277,51.33,51.41,62.67,0
10278,50.62,46.79,60.95,0
10279,53.83,49.24,61.26,0
10280,51.36,50.85,60.58,0
10281,50.19,50.33,62.05,0
10282,53.56,48.17,58.33,0
10283,51.19,48.43,63.75,0
10284,50.91,48.15,62.36,0
10285,51.54,50.58,61.54,0
10286,50.37,48.59,59.43,0
10287,50.73,50.09,63.43,0
10288,49.0,50.12,61.34,0
10289,48.56,53.3,65.26,0
10290,47.87,50.23,63.67,0
10291,46.74,48.56,65.81,0
10292,48.33,47.6,63.05,0
10293,50.5,49.39,64.98,0
10294,51.39,49.64,63.79,0
10295,50.32,46.52,62.0,0
10296,44.11,48.78,63.32,0
10297,55.96,50.32,61.32,0
10298,54.54,49.09,67.16,0
10299,52.67,51.35,62.86,0
10300,57.11,47.58,63.16,0
10301,48.5,50.95,63.93,0
10302,57.15,51.32,61.01,0
10303,48.64,51.39,65.87,0
10304,52.3,47.63,61.21,0
10305,47.81,50.46,60.8,0
10306,51.72,49.0,63.01,0
10307,52.88,47.91,60.82,0
10308,51.31,49.41,66.54,0
10309,53.96,48.69,63.0,0
10310,52.16,51.44,57.05,0
10311,50.35,50.84,63.93,0
10312,50.26,48.36,64.68,0
10313,54.44,49.02,62.76,0
10314,50.09,49.54,60.93,0
10315,54.84,50.02,63.47,0
10316,55.81,51.65,62.75,0
10317,47.18,51.19,61.8,0
10318,55.63,50.25,61.66,0
10319,58.46,49.79,64.13,0
10320,53.08,47.54,65.66,0
10321,54.16,52.15,64.81,0
10322,55.52,49.55,60.47,0
10323,51.62,52.57,65.19,0
10324,53.04,50.54,65.54,0
10325,48.59,53.3,66.82,0
10326,52.99,51.18,62.16,0
10327,54.11,48.14,63.98,0
10328,54.21,49.38,65.26,0
10329,55.9,50.06,63.1,0
10330,50.42,49.01,65.3,0
10331,51.18,49.77,64.18,0
10332,58.51,48.3,62.56,0
10333,52.41,50.37,62.77,0
10334,53.5,50.73,66.82,0
10335,52.74,48.88,62.36,0
10336,50.51,53.3,62.04,0
10337,57.88,50.5,65.1,0
10338,51.47,49.19,64.38,0
10339,49.71,47.98,61.85,0
10340,51.77,50.53,63.46,0
10341,47.16,50.06,62.9,0
10342,51.25,51.63,63.28,0
10343,50.33,50.26,69.64,0
10344,55.12,48.69,64.01,0
10345,51.29,53.0,62.88,0
10346,56.0,51.16,68.72,0
10347,57.57,50.13,66.48,0
10348,55.75,50.77,66.18,0
10349,52.8,51.24,63.09,0
10350,53.9,48.4,67.17,0
10351,48.94,50.79,66.44,0
10352,53.14,49.89,65.13,0
10353,50.99,51.33,61.43,0
10354,55.69,49.47,64.85,0
10355,61.36,49.68,68.37,0
10356,55.17,53.1,65.38,0
10357,47.73,52.46,64.21,0
10358,52.65,45.68,64.53,0
10359,54.13,52.36,64.69,0
10360,54.06,50.53,63.44,0
10361,51.63,49.58,64.98,0
10362,54.59,49.15,67.97,0
10363,50.15,49.24,67.76,0
10364,51.08,49.65,63.62,0
10365,55.88,48.99,67.7,0
10366,50.92,48.66,66.7,0
10367,55.61,49.14,66.46,0
10368,49.91,51.19,66.08,0
10369,59.34,50.79,63.38,0
10370,51.75,51.56,64.45,0
10371,53.43,50.63,66.95,0
10372,55.12,48.78,62.89,0
10373,52.46,51.49,63.24,0
10374,54.61,49.25,65.95,0
10375,55.93,51.73,63.78,0
10376,57.11,49.02,67.03,0
10377,56.62,49.74,63.89,0
10378,53.76,50.24,65.91,0
10379,53.86,51.8,66.09,0
10380,61.37,51.06,64.49,0
10381,57.19,50.83,64.99,0
10382,51.6,53.64,64.13,0
10383,54.68,48.06,65.47,0
10384,53.4,49.26,63.6,0
10385,54.02,49.21,65.09,0
10386,50.76,48.18,67.05,0
10387,53.23,49.76,63.3,0
10388,59.92,51.88,64.62,0
10389,56.24,49.96,66.64,0
10390,47.05,50.36,61.47,0
10391,58.19,48.28,69.35,0
10392,57.83,49.67,67.74,0
10393,53.5,50.18,62.59,0
10394,56.75,51.84,61.47,0
10395,52.04,48.37,65.75,0
10396,53.22,50.21,63.47,0
10397,59.14,52.52,67.64,0
10398,53.85,50.23,66.52,0
10399,49.07,47.73,65.99,0
10400,54.51,52.83,64.62,0
10401,54.48,52.02,68.97,0
10402,58.32,52.22,67.29,0
10403,54.78,48.31,67.0,0
10404,53.49,53.19,68.2,0
10405,57.9,49.77,63.78,0
10406,55.14,50.17,68.39,0
10407,52.54,49.88,65.31,0
10408,58.27,52.36,66.51,0
10409,55.4,50.68,65.54,0
10410,54.84,51.67,62.11,0
10411,55.37,51.07,67.79,0
10412,51.64,50.81,62.23,0
10413,53.28,49.54,63.96,0
10414,54.88,53.68,64.99,0
10415,54.3,48.77,62.0,0
10416,58.71,51.59,63.71,0
10417,55.55,51.53,66.41,0
10418,57.47,52.7,65.23,0
10419,54.94,53.06,65.4,0
10420,58.09,50.77,64.11,0
10421,56.12,51.77,66.04,0
10422,54.98,53.63,65.3,0
10423,54.91,50.89,62.67,0
10424,52.09,49.39,65.56,0
10425,56.48,50.41,63.48,0
10426,54.84,49.03,67.77,0
10427,53.46,51.55,65.19,0
10428,58.29,52.59,71.02,0
10429,51.23,50.81,67.92,0
10430,53.71,48.56,65.72,0
10431,58.07,52.53,67.15,0
10432,55.93,48.33,61.81,0
10433,54.85,48.68,67.92,0
10434,55.75,50.73,64.35,0
10435,55.53,51.38,66.18,0
10436,50.45,51.63,64.54,0
10437,53.95,50.9,64.76,0
10438,59.85,53.64,65.64,0
10439,53.02,51.1,66.15,0
10440,54.05,52.55,65.95,0
10441,53.37,52.18,66.0,0
10442,54.74,49.06,62.75,0
10443,53.25,50.74,70.66,0
10444,56.46,54.18,66.46,0
10445,55.59,50.24,66.87,0
10446,57.31,49.99,65.31,0
10447,51.84,51.25,64.24,0
10448,53.97,50.29,66.29,0
10449,54.31,49.8,66.57,0
10450,56.35,50.27,68.59,0
10451,52.6,53.14,70.14,0
10452,57.72,50.79,68.93,0
10453,58.53,49.0,62.44,0
10454,52.0,48.72,65.05,0
10455,53.48,54.3,66.64,0
10456,53.36,50.65,65.16,0
10457,62.84,51.64,65.87,0
10458,53.65,49.82,61.66,0
10459,59.96,51.46,67.77,0
10460,51.12,53.17,62.19,0
10461,51.95,50.0,62.79,0
10462,52.85,51.66,63.9,0
10463,52.36,48.86,65.72,0
10464,54.09,54.0,62.67,0
10465,52.75,51.37,63.78,0
10466,52.41,50.34,68.2,0
10467,58.34,50.51,65.66,0
10468,58.52,50.19,66.75,0
10469,57.69,50.26,63.4,0
10470,56.4,47.28,65.76,0
10471,55.1,50.8,65.58,0
10472,53.31,50.73,64.25,0
10473,51.93,51.67,65.73,0
10474,55.87,50.15,62.04,0
10475,51.25,49.77,66.69,0
10476,51.77,50.91,65.0,0
10477,58.2,48.5,65.28,0
10478,60.43,51.13,67.48,0
10479,55.89,48.12,66.63,0
10480,58.02,52.59,65.12,0
10481,53.94,51.93,63.51,0
10482,50.65,49.51,68.39,0
10483,56.49,51.89,63.04,0
10484,56.34,51.06,66.96,0
10485,54.83,49.37,62.5,0
10486,53.87,47.85,67.51,0
10487,57.47,51.35,67.69,0
10488,51.61,49.68,61.83,0
10489,52.22,52.51,66.53,0
10490,51.5,50.88,66.35,0
10491,54.76,49.8,67.01,0
10492,51.22,53.54,66.32,0
10493,52.41,51.7,63.65,0
10494,52.33,45.35,65.12,0
10495,53.65,50.1,68.87,0
10496,49.94,48.75,63.31,0
10497,54.65,49.62,66.15,0
10498,58.1,50.59,67.79,0
10499,54.75,51.33,63.49,0
10500,58.94,51.19,62.62,0
10501,58.3,52.41,62.9,0
10502,56.61,51.74,66.21,0
10503,54.47,51.64,62.85,0
10504,54.29,51.07,65.11,0
10505,56.49,52.69,68.1,0
10506,53.0,50.28,65.24,0
10507,48.5,50.31,63.77,0
10508,55.6,47.88,65.55,0
10509,50.71,52.31,65.14,0
10510,51.19,50.61,66.16,0
10511,54.05,55.11,68.48,0
10512,53.74,50.1,66.01,0
10513,49.76,50.83,69.26,0
10514,54.46,51.51,66.08,0
10515,56.84,49.03,63.62,0
10516,50.53,51.21,69.7,0
10517,57.7,50.72,64.86,0
10518,49.17,50.2,62.97,0
10519,60.18,52.41,69.71,0
10520,52.56,49.28,63.57,0
10521,54.2,51.04,63.47,0
10522,48.06,52.8,63.88,0
10523,53.52,49.55,65.29,0
10524,54.36,50.16,66.8,0
10525,53.38,54.11,59.61,0
10526,51.92,51.29,66.74,0
10527,50.74,49.81,63.75,0
10528,56.94,51.77,64.01,0
10529,53.6,49.7,68.24,0
10530,58.1,48.2,65.21,0
10531,51.86,52.59,65.65,0
10532,52.11,48.87,64.63,0
10533,55.82,54.19,66.23,0
10534,48.47,49.77,67.91,0
10535,49.67,53.69,59.69,0
10536,56.56,48.43,66.79,0
10537,49.72,52.01,67.68,0
10538,47.74,51.21,65.56,0
10539,58.77,51.71,63.18,0
10540,48.94,51.89,62.2,0
10541,53.64,49.68,69.19,0
10542,53.26,48.45,62.63,0
10543,44.58,50.33,67.45,0
10544,52.17,50.73,65.16,0
10545,54.28,49.67,68.44,0
10546,53.96,50.79,63.68,0
10547,55.57,50.85,61.07,0
10548,51.66,48.98,64.26,0
10549,54.92,50.93,61.25,0
10550,50.67,49.92,69.55,0
10551,48.47,49.26,65.42,0
10552,48.77,51.48,65.68,0
10553,48.23,49.12,65.65,0
10554,55.61,49.59,62.67,0
10555,47.99,50.37,63.76,0
10556,53.31,52.31,64.21,0
10557,51.65,50.52,67.85,0
10558,52.1,51.01,61.61,0
10559,56.45,49.76,62.43,0
10560,51.01,50.08,63.13,0
10561,54.11,50.11,62.47,0
10562,52.35,50.61,60.87,0
10563,51.73,49.71,58.34,0
10564,59.04,52.15,60.06,0
10565,47.77,49.57,65.88,0
10566,55.92,47.55,63.63,0
10567,53.98,54.22,65.28,0
10568,50.52,49.6,62.4,0
10569,56.8,52.04,63.33,0
10570,46.32,52.17,66.72,0
10571,50.26,51.46,66.56,0
10572,48.15,49.73,65.3,0
10573,52.96,50.45,63.79,0
10574,48.34,48.09,64.38,0
10575,52.93,52.97,64.04,0
10576,51.02,48.7,62.93,0
10577,50.09,49.58,62.42,0
10578,52.65,50.09,65.43,0
10579,50.63,49.77,60.56,0
10580,48.12,48.93,66.08,0
10581,59.74,51.99,62.52,0
10582,49.82,51.31,60.4,0
10583,44.58,50.35,61.89,0
10584,48.65,49.25,61.2,0
10585,47.33,51.44,61.75,0
10586,53.56,49.13,61.67,0
10587,51.99,52.16,61.55,0
10588,52.17,49.96,62.16,0
10589,49.81,51.62,62.61,0
10590,50.03,49.59,64.22,0
10591,49.7,49.85,62.16,0
10592,50.52,51.57,63.26,0
10593,53.21,53.0,62.58,0
10594,51.66,52.04,63.6,0
10595,52.1,51.0,62.57,0
10596,52.04,50.55,61.14,0
10597,53.14,48.89,60.55,0
10598,51.3,50.07,62.77,0
10599,51.45,48.24,64.85,0
10600,53.89,50.16,61.8,0
10601,48.27,50.24,60.81,0
10602,47.64,46.62,61.65,0
10603,46.59,49.6,61.0,0
10604,50.64,50.15,60.74,0
10605,44.48,49.39,59.14,0
10606,51.37,50.03,61.49,0
10607,49.59,47.46,62.41,0
10608,53.27,48.3,59.73,0
10609,47.79,50.99,60.09,0
10610,49.14,49.42,59.9,0
10611,53.05,49.92,58.98,0
10612,53.78,48.57,59.79,0
10613,47.53,49.4,61.26,0
10614,50.05,45.9,58.92,0
10615,50.33,50.6,61.28,0
10616,50.51,52.03,60.1,0
10617,48.54,47.7,59.6,0
10618,53.11,47.87,62.17,0
10619,43.53,49.92,60.08,0
10620,47.88,51.45,60.37,0
10621,50.42,49.22,63.86,0
10622,50.39,47.36,59.37,0
10623,53.01,48.87,64.3,0
10624,52.49,47.62,60.42,0
10625,47.97,48.15,58.79,0
10626,52.67,48.67,59.91,0
10627,46.56,47.72,61.1,0
10628,51.43,47.93,63.42,0
10629,54.01,49.18,62.46,0
10630,52.16,49.38,60.94,0
10631,48.76,46.9,63.28,0
10632,47.39,49.61,56.94,0
10633,43.73,48.42,61.15,0
10634,49.18,50.06,61.22,0
10635,44.84,50.13,61.19,0
10636,45.74,48.12,57.28,0
10637,44.48,49.84,58.41,0
10638,46.61,47.64,60.06,0
10639,47.84,50.86,62.57,0
10640,48.68,47.66,64.12,0
10641,45.99,49.37,58.9,0
10642,50.93,48.54,57.56,0
10643,47.03,47.27,61.75,0
10644,45.22,50.13,65.3,0
10645,48.2,47.83,62.23,0
10646,53.34,46.18,58.46,0
10647,48.39,44.39,65.63,0
10648,46.22,47.38,61.22,0
10649,42.66,50.74,58.21,0
10650,46.52,50.54,63.61,0
10651,47.81,47.55,57.94,0
10652,45.87,48.05,58.39,0
10653,41.97,47.89,61.03,0
10654,44.34,46.57,59.47,0
10655,51.19,47.12,59.53,0
10656,51.06,50.0,59.48,0
10657,44.03,49.26,61.58,0
10658,48.63,48.89,54.64,0
10659,43.01,46.46,59.8,0
10660,50.68,48.59,58.6,0
10661,47.14,44.96,57.61,0
10662,49.18,49.66,57.55,0
10663,41.11,48.76,53.73,0
10664,48.22,46.34,57.35,0
10665,46.09,50.76,61.47,0
10666,48.59,45.62,60.5,0
10667,48.71,49.09,58.39,0
10668,46.09,49.1,55.89,0
10669,44.02,46.39,60.3,0
10670,48.09,48.17,61.22,0
10671,45.49,45.75,60.61,0
10672,42.98,43.91,56.54,0
10673,42.76,46.56,56.69,0
10674,41.02,47.21,61.67,0
10675,43.84,49.08,55.88,0
10676,48.61,48.19,59.2,0
10677,45.76,48.21,54.63,0
10678,43.56,46.52,57.52,0
10679,47.49,47.23,59.23,0
10680,42.5,46.61,57.94,0
10681,45.21,46.14,58.99,0
10682,44.31,47.06,55.43,0
10683,47.11,48.04,56.18,0
10684,39.96,47.05,58.72,0
10685,42.07,47.4,59.09,0
10686,39.63,48.91,58.07,0
10687,43.69,47.09,59.47,0
10688,48.02,45.82,54.2,0
10689,42.8,48.64,56.52,0
10690,42.7,48.17,61.03,0
10691,46.77,48.24,59.89,0
10692,47.29,48.66,58.53,0
10693,43.74,48.39,56.89,0
10694,45.98,47.72,59.21,0
10695,40.61,51.24,57.93,0
10696,47.9,45.7,53.98,0
10697,50.14,46.73,58.94,0
10698,45.17,49.03,55.16,0
10699,37.28,47.77,58.34,0
10700,41.78,48.67,53.53,0
10701,45.21,47.77,59.9,0
10702,42.03,49.55,56.09,0
10703,47.03,45.95,54.35,0
10704,44.9,49.45,55.13,0
10705,40.94,49.17,55.77,0
10706,43.07,45.58,56.37,0
10707,40.21,48.31,58.95,0
10708,42.27,47.28,56.39,0
10709,41.07,46.41,51.85,0
10710,46.18,44.46,53.66,0
10711,48.92,45.76,61.57,0
10712,38.2,48.31,56.26,0
10713,36.64,48.44,57.83,0
10714,41.59,46.88,55.25,0
10715,37.69,48.4,53.79,0
10716,42.31,48.57,54.77,0
10717,44.33,47.36,55.93,0
10718,46.49,46.02,54.68,0
10719,42.53,47.74,59.37,0
10720,41.26,47.78,54.24,0
10721,35.82,48.04,53.3,0
10722,41.75,48.3,56.96,0
10723,41.81,44.93,57.14,0
10724,43.43,46.19,55.27,0
10725,39.3,44.08,53.94,0
10726,40.04,48.02,51.28,0
10727,36.83,46.56,57.45,0
10728,34.31,47.5,56.68,0
10729,37.77,44.62,54.0,0
10730,36.3,48.91,54.93,0
10731,41.94,44.99,54.29,0
10732,39.29,47.92,57.94,0
10733,39.15,46.91,52.54,0
10734,37.73,46.42,53.3,0
10735,30.9,46.27,53.04,0
10736,45.04,45.7,55.03,0
10737,37.43,48.57,54.46,0
10738,39.11,46.62,54.68,0
10739,35.9,44.67,52.45,0
10740,43.09,45.98,57.11,0
10741,40.52,46.72,53.17,0
10742,37.53,47.85,56.38,0
10743,38.75,45.57,60.22,0
10744,44.87,45.64,52.12,0
10745,39.53,46.46,54.49,0
10746,39.12,47.71,53.47,0
10747,36.76,44.32,57.73,0
10748,33.82,47.11,53.04,0
10749,38.93,45.63,54.03,0
10750,40.31,45.81,53.92,0
10751,42.54,49.28,53.19,0
10752,32.41,45.95,54.84,0
10753,35.7,47.35,53.45,0
10754,37.25,47.27,54.15,0
10755,38.89,44.4,53.55,0
10756,38.38,43.38,51.84,0
10757,38.37,47.35,52.45,0
10758,39.87,44.47,54.03,0
10759,35.85,43.57,53.95,0
10760,41.28,47.58,55.27,0
10761,39.69,44.49,56.43,0
10762,37.34,44.83,51.6,0
10763,43.02,48.93,52.84,0
10764,42.8,43.45,52.12,0
10765,40.84,44.03,50.22,0
10766,28.9,45.2,53.49,0
10767,42.61,45.5,53.85,0
10768,40.17,44.49,50.07,0
10769,43.72,44.07,51.41,0
10770,41.32,48.05,51.14,0
10771,42.26,46.15,49.0,0
10772,40.07,46.61,51.88,0
10773,41.4,45.5,49.59,0
10774,43.25,46.11,52.13,0
10775,37.83,47.05,52.28,0
10776,32.37,44.13,52.46,0
10777,36.08,46.0,52.49,0
10778,38.09,46.62,54.6,0
10779,37.05,47.87,49.85,0
10780,33.0,48.44,49.88,0
10781,31.76,45.6,52.64,0
10782,34.35,47.18,50.99,0
10783,38.91,41.44,53.44,0
10784,41.14,47.75,52.24,0
10785,39.06,44.3,54.88,0
10786,39.39,45.0,50.79,0
10787,35.89,46.0,47.94,0
10788,30.82,45.08,51.52,0
10789,34.59,45.58,50.62,0
10790,35.1,47.64,51.77,0
10791,34.29,44.66,51.95,0
10792,35.86,43.58,49.49,0
10793,36.94,47.9,48.47,0
10794,38.08,45.95,50.13,0
10795,34.6,48.01,45.59,0
10796,29.64,46.4,50.44,0
10797,33.81,43.09,49.39,0
10798,35.31,46.02,51.86,0
10799,38.76,43.55,46.1,0
10800,33.3,45.01,50.01,0
10801,36.45,44.86,53.08,0
10802,35.7,42.52,51.21,0
10803,34.87,43.7,51.75,0
10804,37.44,48.2,50.4,0
10805,32.58,45.23,46.33,0
10806,32.75,44.58,49.91,0
10807,34.35,47.54,50.33,0
10808,32.38,44.2,47.29,0
10809,35.74,44.63,49.12,0
10810,31.99,46.22,43.5,0
10811,34.72,44.11,48.56,0
10812,33.65,43.57,48.29,0
10813,34.51,41.28,51.9,0
10814,32.4,43.23,47.82,0
10815,32.67,43.19,48.42,0
10816,33.89,44.82,48.73,0
10817,34.12,43.64,47.63,0
10818,33.42,47.77,50.18,0
10819,38.46,42.92,44.69,0
10820,30.28,46.58,50.88,0
10821,32.98,44.78,48.51,0
10822,28.36,45.64,51.07,0
10823,34.11,45.52,42.9,0
10824,29.56,41.05,43.46,0
10825,31.99,44.33,47.67,0
10826,31.62,43.93,49.2,0
10827,33.49,42.6,47.01,0
10828,30.9,44.96,49.22,0
10829,30.69,46.82,49.94,0
10830,36.7,40.21,49.24,0
10831,33.16,43.39,48.05,0
10832,30.53,42.3,47.96,0
10833,31.38,44.25,46.47,0
10834,36.98,43.62,47.52,0
10835,31.25,43.18,45.52,0
10836,29.8,45.1,45.93,0
10837,29.73,46.49,48.46,0
10838,30.05,48.0,46.43,0
10839,29.83,42.87,45.82,0
10840,27.69,41.23,48.12,0
10841,28.07,44.77,47.91,0
10842,28.87,46.32,46.65,0
10843,33.04,45.1,46.72,0
10844,30.04,46.26,47.78,0
10845,30.48,43.49,48.82,0
10846,34.82,42.89,47.21,0
10847,34.81,43.95,44.36,0
10848,30.0,43.26,46.23,0
10849,28.86,44.72,45.79,0
10850,28.08,45.16,44.43,0
10851,32.66,45.25,47.46,0
10852,29.89,44.42,47.55,0
10853,29.26,43.99,47.79,0
10854,27.89,44.79,44.28,0
10855,27.94,40.63,46.51,0
10856,31.12,43.86,46.12,0
10857,26.13,43.6,46.68,0
10858,32.98,43.82,46.25,0
10859,28.31,43.34,45.9,0
10860,29.37,44.09,45.59,0
10861,25.73,42.56,48.01,0
10862,29.62,45.09,44.0,0
10863,28.59,44.08,45.31,0
10864,29.34,43.57,47.75,0
10865,33.82,42.27,43.9,0
10866,29.85,44.52,43.94,0
10867,26.85,43.58,46.86,0
10868,27.02,42.11,42.47,0
10869,30.85,43.14,46.58,0
10870,32.88,44.14,44.21,0
10871,29.75,44.0,45.94,0
10872,30.89,43.88,42.61,0
10873,30.57,43.26,47.36,0
10874,32.91,44.63,42.49,0
10875,22.72,44.93,46.31,0
10876,30.49,44.15,42.44,0
10877,31.36,42.14,48.34,0
10878,24.31,41.41,44.52,0
10879,25.58,42.16,48.5,0
10880,25.61,45.88,42.89,0
10881,25.89,43.35,43.58,0
10882,26.55,46.09,46.82,0
10883,28.64,42.69,41.48,0
10884,30.43,42.46,42.87,0
10885,31.0,42.71,45.19,0
10886,25.16,42.66,42.1,0
10887,25.05,41.62,45.11,0
10888,31.46,41.03,44.35,0
10889,29.37,43.48,40.91,0
10890,27.59,44.29,45.81,0
10891,28.69,46.35,41.29,0
10892,27.1,42.01,45.29,0
10893,28.68,42.1,43.94,0
10894,26.02,41.45,42.71,0
10895,27.75,44.27,41.35,0
10896,22.33,43.78,44.15,0
10897,24.72,41.22,41.68,0
10898,24.68,41.16,45.78,0
10899,25.5,43.92,45.79,0
10900,23.77,43.04,46.52,0
10901,24.87,43.58,43.74,0
10902,21.85,41.09,42.3,0
10903,27.96,39.58,42.46,0
10904,25.99,41.06,42.25,0
10905,21.04,43.38,43.42,0
10906,23.57,45.49,43.73,0
10907,27.01,41.66,45.26,0
10908,24.29,45.69,42.78,0
10909,23.75,43.5,39.87,0
10910,25.54,40.14,41.8,0
10911,26.72,42.53,45.66,0
10912,21.3,43.48,39.38,0
10913,27.18,38.52,43.91,0
10914,23.06,43.1,41.58,0
10915,25.33,43.87,40.54,0
10916,25.2,42.69,43.03,0
10917,23.65,41.98,45.3,0
10918,22.08,41.79,42.8,0
10919,24.22,41.68,41.54,0
10920,29.88,40.24,39.41,0
10921,20.84,40.95,41.74,0
10922,29.93,41.33,39.22,0
10923,23.99,42.1,41.2,0
10924,24.81,41.07,41.63,0
10925,21.36,40.58,36.98,0
10926,22.24,43.0,44.42,0
10927,22.97,42.4,39.1,0
10928,21.26,41.01,41.15,0
10929,23.7,42.56,42.53,0
10930,23.03,41.1,44.02,0
10931,29.73,41.85,39.76,0
10932,20.61,43.19,36.27,0
10933,24.34,40.8,43.38,0
10934,24.7,39.93,38.67,0
10935,20.68,41.45,41.83,0
10936,25.88,39.6,41.9,0
10937,22.55,41.21,34.49,0
10938,16.19,41.18,37.71,0
10939,25.58,37.88,39.96,0
10940,20.18,42.35,35.65,0
10941,20.31,41.26,38.09,0
10942,25.45,43.29,40.95,0
10943,22.27,41.82,40.48,0
10944,26.0,42.58,41.2,0
10945,26.8,43.24,41.44,0
10946,21.17,41.23,37.12,0
10947,25.41,41.41,37.86,0
10948,20.7,39.03,41.89,0
10949,29.59,43.23,43.36,0
10950,20.75,41.13,38.33,0
10951,25.83,39.82,40.72,0
10952,25.22,42.42,41.76,0
10953,23.57,38.02,40.57,0
10954,20.54,40.62,39.54,0
10955,22.03,42.61,38.7,0
10956,15.95,40.57,43.9,0
10957,23.02,40.13,40.07,0
10958,23.33,40.56,40.6,0
10959,22.61,38.15,40.42,0
10960,13.22,42.22,38.09,0
10961,18.28,40.94,39.76,0
10962,19.77,40.69,38.96,0
10963,22.82,40.68,38.88,0
10964,22.75,41.08,40.14,0
10965,21.3,42.02,37.62,0
10966,23.65,40.95,36.99,0
10967,18.6,38.96,40.35,0
10968,23.45,41.85,38.23,0
10969,22.98,41.71,38.55,0
10970,22.62,41.25,35.33,0
10971,20.88,42.54,41.07,0
10972,26.85,40.95,40.14,0
10973,22.78,42.56,40.45,0
10974,18.33,42.98,39.76,0
10975,21.91,41.72,35.9,0
10976,23.36,39.71,39.34,0
10977,19.28,40.62,37.62,0
10978,24.25,42.65,36.86,0
10979,22.07,38.53,39.74,0
10980,13.83,40.17,42.0,0
10981,21.7,40.22,41.62,0
10982,19.52,39.42,39.83,0
10983,22.29,42.01,38.48,0
10984,23.45,41.25,38.06,0
10985,21.14,39.6,36.63,0
10986,25.49,41.56,37.85,0
10987,19.9,40.39,40.16,0
10988,22.25,39.28,41.94,0
10989,22.73,39.52,36.62,0
10990,19.96,41.23,34.21,0
10991,22.53,41.97,37.09,0
10992,18.35,39.81,39.92,0
10993,18.81,41.34,42.21,0
10994,16.08,42.88,40.64,0
10995,20.69,38.6,40.54,0
10996,20.88,41.01,36.23,0
10997,23.39,41.7,36.24,0
10998,22.17,40.29,35.19,0
10999,18.88,42.28,36.46,0
11000,16.14,43.7,39.57,0
11001,20.92,40.9,40.95,0
11002,22.9,40.02,38.35,0
11003,21.78,41.82,37.1,0
11004,22.71,41.6,35.43,0
11005,18.77,36.54,37.3,0
11006,17.95,40.3,37.88,0
11007,17.08,39.7,34.51,0
11008,19.07,40.87,39.23,0
11009,18.95,39.97,36.5,0
11010,19.75,40.11,39.03,0
11011,18.69,38.93,37.24,0
11012,18.63,41.31,37.82,0
11013,16.64,42.68,35.78,0
11014,21.75,38.91,36.45,0
11015,19.1,38.07,38.38,0
11016,18.3,40.18,36.79,0
11017,16.53,40.09,34.8,0
11018,14.72,41.87,37.2,0
11019,22.59,38.26,37.71,0
11020,20.28,39.28,39.64,0
11021,13.7,36.85,39.16,0
11022,20.81,42.12,36.68,0
11023,21.24,40.42,35.68,0
11024,18.79,39.33,36.28,0
11025,23.16,38.03,35.65,0
11026,18.97,38.15,37.67,0
11027,14.02,40.6,38.7,0
11028,19.32,38.31,39.06,0
11029,18.91,40.11,35.72,0
11030,16.32,43.0,35.48,0
11031,19.81,39.4,35.63,0
11032,13.04,38.47,32.57,0
11033,20.96,40.47,33.99,0
11034,15.31,38.05,36.29,0
11035,14.95,42.45,37.08,0
11036,17.52,41.96,37.27,0
11037,19.11,39.6,34.69,0
11038,18.26,38.48,35.23,0
11039,15.5,39.18,35.64,0
11040,16.16,39.36,35.38,0
11041,14.24,40.37,37.48,0
11042,16.92,41.34,33.46,0
11043,20.78,38.21,33.74,0
11044,17.49,41.27,35.41,0
11045,20.04,40.67,33.24,0
11046,21.79,38.97,32.14,0
11047,15.62,38.08,32.92,0
11048,16.78,39.88,35.39,0
11049,23.81,38.1,37.1,0
11050,21.59,41.21,37.11,0
11051,12.2,37.98,38.95,0
11052,18.34,40.48,35.95,0
11053,17.14,39.52,36.18,0
11054,19.58,38.79,35.18,0
11055,14.83,39.46,35.25,0
11056,14.51,41.23,39.78,0
11057,14.96,37.81,36.11,0
11058,15.23,38.97,36.26,0
11059,19.36,38.45,33.24,0
11060,13.33,39.5,36.32,0
11061,14.97,38.52,36.79,0
11062,11.43,36.89,37.66,0
11063,19.79,37.95,36.67,0
11064,20.54,41.98,35.13,0
11065,15.71,39.88,35.02,0
11066,15.76,39.82,35.18,0
11067,17.98,39.06,35.51,0
11068,21.01,39.4,37.81,0
11069,17.78,38.82,37.39,0
11070,14.43,40.25,36.72,0
11071,11.63,39.6,39.25,0
11072,13.11,37.68,29.85,0
11073,16.64,39.81,34.22,0
11074,14.43,35.73,35.09,0
11075,16.94,40.03,33.74,0
11076,14.67,37.28,33.2,0
11077,13.12,39.25,31.6,0
11078,12.74,37.59,34.39,0
11079,20.92,39.38,36.78,0
11080,18.87,40.23,36.51,0
11081,21.37,41.61,33.44,0
11082,17.77,37.03,35.36,0
11083,14.83,40.8,37.61,0
11084,20.06,39.52,31.83,0
11085,15.96,38.64,34.53,0
11086,16.7,40.45,35.4,0
11087,15.88,38.95,34.82,0
11088,7.14,40.37,36.48,0
11089,20.77,37.8,31.77,0
11090,17.4,38.33,32.73,0
11091,16.89,40.69,36.08,0
11092,15.69,41.49,31.29,0
11093,16.34,39.2,36.3,0
11094,14.03,35.07,35.56,0
11095,17.65,38.94,36.12,0
11096,11.85,39.28,33.68,0
11097,16.31,38.88,35.62,0
11098,17.41,39.72,32.24,0
11099,15.11,38.5,33.73,0
11100,16.79,40.46,34.62,0
11101,12.69,37.45,32.73,0
11102,12.74,41.05,34.95,0
11103,16.33,41.51,32.2,0
11104,17.63,37.81,35.01,0
11105,9.95,37.8,37.94,0
11106,17.12,39.78,31.93,0
11107,13.9,37.38,34.38,0
11108,14.93,38.41,31.17,0
11109,11.47,40.8,32.73,0
11110,12.92,40.25,35.78,0
11111,18.35,42.11,33.5,0
11112,15.54,39.39,35.83,0
11113,14.27,38.21,35.05,0
11114,15.05,39.2,34.19,0
11115,16.85,38.89,32.25,0
11116,16.69,38.91,35.66,0
11117,15.13,39.07,34.89,0
11118,18.61,37.7,31.21,0
11119,18.23,39.52,32.33,0
11120,16.54,36.98,28.71,0
11121,15.45,38.01,31.5,0
11122,17.25,38.9,33.59,0
11123,16.2,35.69,32.1,0
11124,18.43,40.23,32.53,0
11125,17.93,35.99,36.97,0
11126,12.16,40.07,36.23,0
11127,11.95,37.12,32.78,0
11128,13.09,38.45,35.74,0
11129,18.11,39.83,36.58,0
11130,10.44,42.35,35.37,0
11131,16.34,39.22,34.73,0
11132,16.24,36.07,36.32,0
11133,18.63,40.47,35.65,0
11134,15.67,38.69,31.68,0
11135,11.09,39.14,33.72,0
11136,12.23,39.87,32.98,0
11137,11.55,35.69,36.39,0
11138,13.48,39.04,32.91,0
11139,14.54,38.41,32.56,0
11140,11.58,40.86,36.11,0
11141,19.48,40.11,34.57,0
11142,11.09,36.58,38.27,0
11143,19.09,40.91,32.32,0
11144,18.6,39.69,33.0,0
11145,17.74,36.69,36.28,0
11146,12.96,39.09,31.47,0
11147,16.06,40.56,36.67,0
11148,11.2,37.19,31.61,0
11149,17.76,41.07,35.24,0
11150,14.8,36.74,30.33,0
11151,13.79,37.82,34.1,0
11152,11.34,37.59,31.27,0
11153,7.58,41.07,37.86,0
11154,11.89,38.27,31.86,0
11155,18.34,37.26,32.35,0
11156,13.79,39.67,35.07,0
11157,14.49,39.99,32.8,0
11158,16.97,40.0,35.4,0
11159,20.42,38.59,32.58,0
11160,18.98,39.38,32.42,0
11161,12.08,38.02,33.95,0
11162,9.17,41.51,31.57,0
11163,22.08,40.72,34.79,0
11164,21.81,40.63,35.76,0
11165,15.57,40.19,35.11,0
11166,11.2,39.78,35.29,0
11167,17.9,37.14,30.16,0
11168,14.69,39.95,33.09,0
11169,14.68,39.18,33.56,0
11170,17.7,40.9,36.92,0
11171,16.03,40.22,32.86,0
11172,11.47,39.83,29.42,0
11173,14.06,36.48,32.02,0
11174,17.02,38.88,32.71,0
11175,16.57,38.18,29.72,0
11176,15.83,39.39,35.98,0
11177,17.86,38.39,30.9,0
11178,13.98,38.6,34.94,0
11179,15.6,39.71,31.87,0
11180,4.95,38.37,37.07,0
11181,13.73,39.21,33.51,0
11182,17.38,36.75,33.12,0
11183,13.93,37.78,35.14,0
11184,13.71,40.02,32.07,0
11185,11.99,37.19,35.25,0
11186,18.14,40.91,33.14,0
11187,16.78,40.5,32.92,0
11188,17.63,38.64,33.94,0
11189,9.98,43.55,31.95,0
11190,14.69,40.92,33.76,0
11191,14.34,37.63,34.83,0
11192,14.35,40.18,29.54,0
11193,13.36,39.16,36.35,0
11194,14.18,37.9,35.81,0
11195,17.78,37.46,30.48,0
11196,9.51,40.57,30.18,0
11197,20.59,38.18,35.89,0
11198,16.73,38.93,35.75,0
11199,15.16,37.71,35.48,0
11200,18.02,37.97,31.39,0
11201,10.96,38.91,37.91,0
11202,13.34,39.68,32.76,0
11203,14.99,35.22,34.76,0
11204,19.46,39.14,34.8,0
11205,15.24,38.0,37.49,0
11206,16.75,41.22,34.57,0
11207,13.65,43.54,35.17,0
11208,16.9,38.59,34.2,0
11209,20.49,36.55,31.97,0
11210,18.46,39.32,29.74,0
11211,15.25,38.84,34.46,0
11212,17.54,42.11,31.59,0
11213,17.26,41.66,35.13,0
11214,17.07,40.46,34.74,0
11215,18.91,38.29,34.71,0
11216,18.91,40.19,32.37,0
11217,15.23,39.58,36.57,0
11218,17.56,39.55,35.46,0
11219,14.51,36.86,32.16,0
11220,12.91,40.8,38.68,0
11221,14.9,39.37,34.14,0
11222,15.5,39.07,31.91,0
11223,10.77,38.33,33.08,0
11224,18.36,38.04,31.6,0
11225,7.5,39.72,37.36,0
11226,23.97,36.62,36.82,0
11227,20.35,40.44,36.16,0
11228,15.09,37.68,35.8,0
11229,15.93,36.18,37.22,0
11230,16.83,42.01,34.26,0
11231,14.18,38.0,35.61,0
11232,16.56,38.21,33.16,0
11233,15.57,41.0,34.5,0
11234,15.75,42.09,35.73,0
11235,16.61,37.02,28.69,0
11236,12.15,37.89,33.63,0
11237,16.24,38.01,35.22,0
11238,16.64,40.75,34.76,0
11239,16.56,41.81,34.04,0
11240,15.56,37.74,36.14,0
11241,19.65,41.49,33.57,0
11242,15.21,38.32,32.57,0
11243,16.98,39.89,37.41,0
11244,20.22,37.49,37.15,0
11245,16.12,39.23,33.89,0
11246,17.04,39.25,34.98,0
11247,16.13,38.95,36.83,0
11248,20.17,40.01,35.25,0
11249,15.72,37.94,36.25,0
11250,20.37,38.13,36.17,0
11251,16.25,40.12,34.61,0
11252,14.01,41.49,36.3,0
11253,18.66,39.45,33.37,0
11254,15.74,40.25,36.12,0
11255,18.56,40.65,35.21,0
11256,8.54,40.76,34.66,0
11257,16.78,38.1,32.92,0
11258,15.42,38.37,35.7,0
11259,13.65,38.52,35.55,0
11260,15.21,42.46,33.82,0
11261,15.19,40.34,32.33,0
11262,16.8,40.28,32.27,0
11263,12.88,40.15,35.08,0
11264,17.97,37.63,36.23,0
11265,21.16,42.53,39.35,0
11266,17.94,40.35,35.59,0
11267,19.57,40.73,32.46,0
11268,20.46,37.01,35.33,0
11269,20.93,40.84,38.28,0
11270,22.87,39.14,34.44,0
11271,15.8,37.71,38.08,0
11272,15.19,38.27,36.22,0
11273,19.73,37.82,37.2,0
11274,19.55,37.8,39.66,0
11275,19.79,39.83,32.3,0
11276,23.18,39.17,37.8,0
11277,17.58,40.27,35.85,0
11278,18.87,42.29,34.18,0
11279,14.69,39.6,35.91,0
11280,24.09,36.44,39.53,0
11281,16.71,39.45,38.85,0
11282,16.84,41.62,32.21,0
11283,16.77,39.71,34.71,0
11284,15.92,42.15,38.17,0
11285,15.71,40.55,36.28,0
11286,16.38,37.13,36.32,0
11287,13.9,40.06,33.26,0
11288,15.68,40.36,34.94,0
11289,23.93,41.55,33.75,0
11290,20.34,42.67,33.2,0
11291,20.96,41.32,34.03,0
11292,21.76,40.63,34.73,0
11293,23.78,41.0,35.1,0
11294,13.01,39.74,34.97,0
11295,14.68,37.82,38.74,0
11296,16.01,40.09,34.92,0
11297,17.06,40.59,39.63,0
11298,17.62,38.25,35.85,0
11299,17.23,42.06,37.73,0
11300,19.27,41.59,37.84,0
11301,18.77,38.04,35.14,0
11302,16.55,42.16,36.32,0
11303,12.24,39.67,36.01,0
11304,15.84,38.98,37.8,0
11305,17.22,41.78,36.84,0
11306,18.18,40.1,35.64,0
11307,15.59,43.04,37.42,0
11308,17.55,38.93,37.9,0
11309,15.69,37.63,40.96,0
11310,18.76,39.82,37.44,0
11311,15.97,41.44,37.37,0
11312,16.69,38.88,38.25,0
11313,15.37,38.29,35.54,0
11314,18.89,40.65,34.03,0
11315,16.8,38.13,36.9,0
11316,22.18,40.8,39.71,0
11317,20.73,39.84,40.08,0
11318,19.36,41.11,33.9,0
11319,17.23,38.31,39.03,0
11320,20.82,42.35,33.37,0
11321,21.81,40.15,38.71,0
11322,20.22,41.58,38.63,0
11323,24.66,41.89,34.43,0
11324,21.28,38.74,39.92,0
11325,22.7,41.81,41.46,0
11326,20.42,38.37,37.89,0
11327,22.11,38.47,38.35,0
11328,17.75,43.49,41.07,0
11329,18.82,42.23,35.9,0
11330,21.3,43.69,36.0,0
11331,21.34,40.04,36.57,0
11332,21.9,40.77,38.37,0
11333,23.73,41.42,38.41,0
11334,16.22,40.63,37.29,0
11335,17.63,39.55,37.84,0
11336,21.3,39.34,37.41,0
11337,18.5,41.02,37.56,0
11338,30.87,39.12,37.05,0
11339,22.34,39.1,37.12,0
11340,20.62,41.35,34.68,0
11341,19.37,40.63,38.29,0
11342,19.54,42.2,34.87,0
11343,21.13,40.18,40.34,0
11344,21.44,39.96,37.77,0
11345,19.8,41.49,38.7,0
11346,20.41,39.65,38.24,0
11347,25.33,39.9,38.55,0
11348,25.51,39.98,41.61,0
11349,22.18,40.61,36.44,0
11350,17.46,43.61,35.94,0
11351,23.17,38.9,39.48,0
11352,26.28,42.93,38.3,0
11353,25.79,42.11,40.07,0
11354,23.95,43.37,40.83,0
11355,26.08,45.75,37.24,0
11356,22.04,43.21,40.71,0
11357,23.83,42.47,37.51,0
11358,19.97,39.13,39.76,0
11359,22.95,39.34,37.19,0
11360,26.13,41.68,39.98,0
11361,20.44,38.62,39.73,0
11362,19.69,42.11,37.62,0
11363,22.64,38.0,37.16,0
11364,21.73,42.95,41.43,0
11365,24.43,40.76,39.08,0
11366,21.19,41.45,42.06,0
11367,27.77,40.16,39.01,0
11368,18.82,38.46,42.75,0
11369,26.52,43.18,38.31,0
11370,20.53,43.35,43.21,0
11371,17.51,40.84,40.66,0
11372,23.68,42.38,41.17,0
11373,22.27,40.82,38.42,0
11374,19.77,41.86,41.94,0
11375,18.13,42.59,42.07,0
11376,23.22,42.31,39.95,0
11377,26.24,43.51,36.38,0
11378,25.14,42.29,38.48,0
11379,23.63,41.58,38.54,0
11380,24.97,40.42,41.72,0
11381,23.52,40.86,39.95,0
11382,19.38,42.82,40.05,0
11383,19.48,39.37,39.86,0
11384,23.21,43.3,43.99,0
11385,23.41,41.24,41.2,0
11386,26.51,40.46,41.56,0
11387,26.31,40.06,39.99,0
11388,25.92,42.74,41.23,0
11389,23.34,41.73,39.39,0
11390,20.11,44.16,42.09,0
11391,25.56,39.9,39.17,0
11392,25.98,40.95,43.01,0
11393,17.31,41.7,40.11,0
11394,22.05,40.74,43.54,0
11395,22.55,41.9,45.51,0
11396,25.05,42.39,41.76,0
11397,22.36,42.66,44.44,0
11398,24.73,44.21,43.38,0
11399,24.29,40.02,39.07,0
11400,24.52,42.51,42.22,0
11401,22.93,41.05,43.06,0
11402,23.23,42.69,43.32,0
11403,21.99,42.72,42.54,0
11404,26.44,40.61,42.57,0
11405,27.09,40.76,42.31,0
11406,23.14,42.9,42.63,0
11407,30.1,42.2,39.98,0
11408,24.67,41.85,42.02,0
11409,30.28,43.19,39.64,0
11410,23.84,43.33,41.62,0
11411,19.76,41.46,41.49,0
11412,27.13,41.0,41.43,0
11413,26.74,40.41,40.69,0
11414,26.18,42.37,43.4,0
11415,24.23,40.21,42.29,0
11416,26.13,42.52,42.15,0
11417,24.78,44.22,40.23,0
11418,25.48,41.89,42.52,0
11419,28.99,41.64,45.47,0
11420,27.1,45.46,45.56,0
11421,28.46,44.75,44.05,0
11422,26.01,41.36,42.77,0
11423,25.76,42.74,44.55,0
11424,23.4,43.05,42.16,0
11425,25.83,42.89,42.96,0
11426,17.06,45.33,42.13,0
11427,25.33,42.76,45.5,0
11428,26.94,43.01,45.31,0
11429,28.96,43.71,43.74,0
11430,26.54,44.49,47.34,0
11431,28.47,44.13,44.77,0
11432,20.97,43.56,44.72,0
11433,27.42,40.44,44.57,0
11434,22.63,42.07,41.61,0
11435,24.13,44.05,42.41,0
11436,27.27,43.23,44.16,0
11437,31.74,44.11,44.24,0
11438,29.11,45.73,45.58,0
11439,28.13,41.16,43.13,0
11440,28.1,44.65,44.67,0
11441,26.1,42.48,44.77,0
11442,26.69,44.4,44.92,0
11443,29.69,42.96,44.76,0
11444,24.33,46.24,41.98,0
11445,30.35,43.27,40.33,0
11446,27.49,42.14,43.04,0
11447,31.21,43.75,43.93,0
11448,31.7,43.63,42.7,0
11449,23.88,44.88,45.01,0
11450,27.24,43.87,47.37,0
11451,26.5,46.93,46.71,0
11452,23.71,43.08,46.25,0
11453,26.14,43.12,47.36,0
11454,36.64,42.39,43.61,0
11455,31.23,43.45,44.61,0
11456,35.24,43.69,46.82,0
11457,32.06,43.79,44.71,0
11458,27.43,43.5,44.88,0
11459,28.59,42.51,49.52,0
11460,31.59,42.12,46.05,0
11461,31.22,42.91,49.45,0
11462,28.26,45.21,42.35,0
11463,25.55,45.56,44.8,0
11464,40.02,43.43,46.95,0
11465,29.82,42.16,46.38,0
11466,29.35,43.48,42.15,0
11467,30.76,46.76,45.87,0
11468,29.77,45.15,51.35,0
11469,30.95,44.5,46.96,0
11470,34.53,45.15,47.75,0
11471,30.38,46.04,45.32,0
11472,27.35,42.02,47.16,0
11473,30.44,43.19,46.72,0
11474,29.62,43.01,49.05,0
11475,35.37,44.71,49.05,0
11476,34.7,44.1,47.76,0
11477,31.59,45.02,47.16,0
11478,27.52,43.15,43.73,0
11479,27.76,45.99,43.72,0
11480,31.57,43.85,47.39,0
11481,32.62,45.03,49.04,0
11482,30.58,45.8,50.02,0
11483,30.34,45.71,45.65,0
11484,30.09,44.6,44.48,0
11485,31.89,45.32,49.43,0
11486,24.9,46.73,46.01,0
11487,28.83,44.91,44.55,0
11488,30.34,43.07,46.79,0
11489,35.93,45.07,46.82,0
11490,29.95,44.16,50.55,0
11491,33.02,40.72,49.71,0
11492,33.24,44.96,46.58,0
11493,36.54,44.47,50.92,0
11494,36.52,46.06,48.44,0
11495,32.65,43.22,50.38,0
11496,31.48,42.11,50.98,0
11497,31.0,44.65,47.87,0
11498,32.36,45.0,49.61,0
11499,31.87,44.59,47.72,0
11500,34.92,44.51,50.47,0
11501,34.6,42.9,48.86,0
11502,35.21,44.32,50.67,0
11503,37.3,44.03,51.86,0
11504,39.19,46.19,49.98,0
11505,34.07,45.18,48.77,0
11506,37.08,44.22,48.87,0
11507,32.81,47.25,43.18,0
11508,37.51,44.28,47.74,0
11509,37.22,45.55,51.1,0
11510,37.15,44.49,51.24,0
11511,34.5,47.21,47.9,0
11512,32.3,44.92,49.77,0
11513,30.21,44.99,49.13,0
11514,34.36,44.63,50.96,0
11515,39.16,45.16,54.07,0
11516,33.72,46.69,51.14,0
11517,37.09,46.19,48.45,0
11518,37.36,44.99,49.7,0
11519,34.06,47.53,52.73,0
11520,38.95,46.31,47.18,0
11521,26.36,44.37,48.84,0
11522,31.51,42.98,51.56,0
11523,32.51,44.46,52.8,0
11524,32.89,45.72,51.5,0
11525,36.45,46.03,49.14,0
11526,36.39,47.2,51.49,0
11527,36.79,43.54,51.32,0
11528,37.49,44.55,51.26,0
11529,32.93,43.47,50.43,0
11530,32.22,43.25,50.8,0
11531,37.15,44.35,48.95,0
11532,34.16,45.86,55.8,0
11533,31.42,46.5,51.22,0
11534,39.14,43.94,52.07,0
11535,40.49,44.18,50.61,0
11536,41.07,42.75,52.81,0
11537,37.04,45.77,48.59,0
11538,38.45,44.37,47.76,0
11539,40.77,47.99,51.26,0
11540,34.82,46.14,55.5,0
11541,40.16,45.29,53.88,0
11542,37.74,44.61,49.92,0
11543,39.74,43.36,52.64,0
11544,37.65,43.58,50.4,0
11545,41.07,44.72,52.59,0
11546,37.93,44.63,52.82,0
11547,32.9,44.21,53.73,0
11548,41.79,46.3,48.82,0
11549,34.68,46.53,49.49,0
11550,41.37,45.1,51.94,0
11551,37.43,48.71,50.09,0
11552,41.31,43.21,50.01,0
11553,41.27,45.95,52.84,0
11554,39.25,45.56,50.53,0
11555,39.57,45.09,56.95,0
11556,39.4,44.89,51.44,0
11557,32.17,45.95,52.03,0
11558,38.66,45.65,53.24,0
11559,35.04,45.43,49.69,0
11560,38.99,44.09,53.8,0
11561,35.13,43.64,53.53,0
11562,35.09,45.66,52.22,0
11563,43.55,45.52,53.53,0
11564,42.02,45.85,53.91,0
11565,38.89,46.01,55.99,0
11566,39.54,45.41,58.19,0
11567,38.33,45.9,51.14,0
11568,40.87,44.97,50.73,0
11569,37.22,48.56,53.6,0
11570,42.31,45.1,49.31,0
11571,38.65,45.77,54.83,0
11572,38.24,45.26,53.83,0
11573,39.65,45.26,54.4,0
11574,37.9,46.44,53.13,0
11575,40.74,46.27,54.31,0
11576,38.23,45.76,54.82,0
11577,41.33,46.05,54.34,0
11578,43.66,45.42,51.32,0
11579,37.93,47.13,54.42,0
11580,39.78,49.64,57.85,0
11581,41.64,45.27,54.69,0
11582,39.04,47.19,54.55,0
11583,41.82,46.7,57.46,0
11584,42.18,47.66,52.92,0
11585,43.85,47.72,56.26,0
11586,38.86,47.01,53.48,0
11587,37.94,46.67,56.78,0
11588,39.92,46.1,56.27,0
11589,38.03,45.63,53.92,0
11590,42.71,46.66,54.28,0
11591,37.61,44.9,56.83,0
11592,48.18,45.96,51.23,0
11593,45.15,48.54,54.13,0
11594,41.38,47.05,56.32,0
11595,44.03,48.27,54.53,0
11596,36.6,49.16,55.48,0
11597,49.16,46.71,51.19,0
11598,39.91,47.31,53.63,0
11599,41.4,46.57,56.77,0
11600,36.27,45.83,53.97,0
11601,43.38,45.65,52.93,0
11602,38.69,48.37,57.73,0
11603,42.39,47.44,56.7,0
11604,40.53,49.92,53.56,0
11605,39.02,48.63,56.08,0
11606,39.92,46.1,53.75,0
11607,43.09,48.48,55.62,0
11608,38.65,46.79,56.35,0
11609,40.33,49.1,54.44,0
11610,44.64,46.57,57.61,0
11611,50.54,45.74,57.98,0
11612,44.25,46.15,56.78,0
11613,40.14,46.25,57.14,0
11614,41.87,46.13,53.47,0
11615,43.15,46.56,59.17,0
11616,42.09,48.73,56.33,0
11617,45.92,50.16,54.7,0
11618,43.95,45.49,56.93,0
11619,46.1,49.41,58.19,0
11620,42.51,46.82,57.79,0
11621,47.51,48.08,54.66,0
11622,43.11,45.1,58.4,0
11623,40.78,48.39,56.83,0
11624,50.3,44.62,58.02,0
11625,38.37,48.12,55.47,0
11626,41.71,48.06,59.23,0
11627,42.12,47.99,57.57,0
11628,51.6,46.62,59.64,0
11629,49.58,48.57,54.26,0
11630,48.72,48.36,54.59,0
11631,43.32,47.48,56.97,0
11632,51.67,48.82,60.45,0
11633,45.57,47.7,61.5,0
11634,47.47,48.66,55.86,0
11635,45.16,47.7,57.8,0
11636,44.55,48.23,58.07,0
11637,44.02,48.79,59.25,0
11638,44.22,47.36,59.65,0
11639,46.75,46.13,55.71,0
11640,46.1,48.41,58.13,0
11641,44.98,49.81,54.04,0
11642,49.68,48.49,59.74,0
11643,36.33,48.54,57.5,0
11644,46.83,48.03,55.83,0
11645,47.53,49.22,58.97,0
11646,48.89,47.86,57.62,0
11647,45.33,47.48,60.94,0
11648,46.22,49.84,56.69,0
11649,48.63,47.41,62.98,0
11650,50.22,49.56,60.31,0
11651,44.92,49.9,61.23,0
11652,46.69,49.12,56.66,0
11653,51.0,46.42,62.35,0
11654,39.67,48.35,56.41,0
11655,44.04,48.03,58.47,0
11656,50.58,47.61,61.56,0
11657,49.53,48.59,60.02,0
11658,47.9,49.55,56.58,0
11659,45.05,47.73,61.39,0
11660,43.83,48.18,59.86,0
11661,44.77,48.1,58.4,0
11662,51.26,50.23,56.21,0
11663,44.8,48.12,60.22,0
11664,47.06,46.68,59.08,0
11665,44.57,46.19,59.77,0
11666,49.42,49.11,56.35,0
11667,45.35,47.45,58.74,0
11668,46.74,49.61,60.59,0
11669,42.06,46.63,63.44,0
11670,42.34,47.84,59.33,0
11671,47.27,46.68,62.68,0
11672,43.34,49.35,61.43,0
11673,53.7,49.69,60.37,0
11674,41.27,49.24,57.94,0
11675,45.12,47.13,58.07,0
11676,47.64,47.66,61.3,0
11677,46.56,49.15,59.07,0
11678,44.41,46.28,58.95,0
11679,44.91,48.47,59.87,0
11680,44.88,51.13,59.96,0
11681,47.06,48.61,62.14,0
11682,53.84,46.66,59.38,0
11683,48.29,48.01,62.05,0
11684,51.67,47.99,61.38,0
11685,49.71,52.17,57.2,0
11686,51.59,51.47,61.19,0
11687,39.92,50.09,55.32,0
11688,47.47,48.5,58.92,0
11689,52.37,50.84,61.68,0
11690,46.8,47.35,60.79,0
11691,53.86,50.69,57.33,0
11692,53.09,50.48,58.67,0
11693,47.3,48.88,55.75,0
11694,47.26,50.84,58.33,0
11695,45.79,48.48,62.22,0
11696,47.0,47.27,60.0,0
11697,45.26,50.65,61.5,0
11698,50.3,49.08,61.24,0
11699,44.71,50.13,61.33,0
11700,50.95,51.97,63.36,0
11701,51.09,48.18,60.96,0
11702,44.28,49.06,63.23,0
11703,53.98,51.65,56.51,0
11704,50.93,50.32,63.73,0
11705,51.7,48.28,58.98,0
11706,47.23,47.92,59.46,0
11707,51.43,48.58,60.24,0
11708,53.01,48.28,63.87,0
11709,49.39,49.76,59.97,0
11710,55.75,49.54,60.48,0
11711,49.94,49.86,59.92,0
11712,53.29,48.2,62.4,0
11713,50.8,49.37,63.42,0
11714,51.74,46.41,65.39,0
11715,45.02,49.73,66.83,0
11716,51.21,51.29,63.38,0
11717,47.95,47.41,62.85,0
11718,47.67,50.29,59.73,0
11719,55.5,48.66,66.03,0
11720,49.68,50.8,62.69,0
11721,47.37,49.85,61.72,0
11722,49.36,50.24,63.12,0
11723,46.59,49.74,61.12,0
11724,54.84,51.66,57.76,0
11725,48.51,50.2,63.62,0
11726,52.24,48.64,65.21,0
11727,54.77,49.86,63.68,0
11728,49.26,49.17,62.59,0
11729,52.41,49.99,62.68,0
11730,47.78,49.13,63.04,0
11731,58.26,48.76,63.02,0
11732,53.78,50.09,62.66,0
11733,50.45,49.89,62.87,0
11734,48.76,51.42,65.97,0
11735,50.79,49.22,63.85,0
11736,50.16,46.88,63.15,0
11737,57.09,49.32,64.3,0
11738,47.61,47.45,64.34,0
11739,51.74,50.52,64.96,0
11740,51.33,47.4,61.59,0
11741,51.08,48.45,62.19,0
11742,51.16,49.4,61.56,0
11743,51.18,52.28,64.76,0
11744,54.2,48.36,64.7,0
11745,53.46,50.01,60.76,0
11746,52.93,50.87,64.12,0
11747,42.62,52.24,66.13,0
11748,52.67,51.2,62.95,0
11749,46.85,51.69,64.08,0
11750,53.81,51.36,64.96,0
11751,56.34,48.26,60.89,0
11752,49.18,50.63,63.87,0
11753,51.22,51.38,66.15,0
11754,50.25,48.68,62.46,0
11755,55.8,49.26,65.34,0
11756,52.43,48.94,63.77,0
11757,57.37,51.32,62.4,0
11758,53.47,50.07,63.59,0
11759,53.0,49.7,62.77,0
11760,52.53,48.27,62.08,0
11761,54.82,50.11,63.38,0
11762,47.19,49.37,64.06,0
11763,52.71,50.6,63.63,0
11764,52.28,48.53,63.46,0
11765,54.71,50.53,64.48,0
11766,52.01,49.61,65.12,0
11767,49.5,48.41,61.81,0
11768,52.68,48.31,63.62,0
11769,49.45,48.54,60.21,0
11770,46.96,50.01,63.87,0
11771,54.96,50.52,64.53,0
11772,54.56,50.75,65.4,0
11773,54.26,50.82,64.6,0
11774,56.81,49.23,65.42,0
11775,50.94,51.97,64.48,0
11776,48.68,49.73,63.03,0
11777,52.8,51.08,62.18,0
11778,52.01,50.17,63.92,0
11779,50.56,50.99,62.94,0
11780,52.89,50.12,64.26,0
11781,51.33,51.04,63.55,0
11782,47.69,50.45,65.4,0
11783,51.91,51.69,64.69,0
11784,49.86,49.25,65.51,0
11785,54.0,47.84,65.53,0
11786,51.37,49.04,64.31,0
11787,56.71,52.12,64.46,0
11788,58.22,50.29,65.73,0
11789,55.48,50.67,69.65,0
11790,48.82,48.96,62.8,0
11791,58.03,50.65,64.89,0
11792,58.27,49.03,62.44,0
11793,53.63,49.26,64.82,0
11794,57.58,49.98,63.54,0
11795,51.99,51.26,64.67,0
11796,48.07,51.43,65.25,0
11797,51.42,51.48,63.98,0
11798,58.92,48.24,61.42,0
11799,49.29,50.62,67.86,0
11800,53.79,50.34,66.71,0
11801,53.93,48.35,64.8,0
11802,52.31,50.68,63.29,0
11803,52.55,50.29,65.28,0
11804,54.13,51.44,65.85,0
11805,52.25,50.8,66.69,0
11806,49.7,49.87,66.9,0
11807,54.64,52.09,67.3,0
11808,57.24,47.37,61.74,0
11809,56.66,50.62,64.63,0
11810,51.65,48.08,67.25,0
11811,50.35,49.36,63.43,0
11812,53.27,51.53,67.74,0
11813,58.85,48.83,68.94,0
11814,56.11,48.62,67.72,0
11815,56.31,54.33,66.68,0
11816,56.89,48.73,64.49,0
11817,55.51,53.25,65.96,0
11818,54.63,50.52,62.73,0
11819,56.28,50.0,63.87,0
11820,52.68,51.65,64.03,0
11821,50.1,52.81,65.6,0
11822,56.53,49.09,64.71,0
11823,58.1,50.05,66.03,0
11824,51.05,52.09,67.28,0
11825,56.89,51.26,64.12,0
11826,59.49,52.49,65.86,0
11827,54.46,51.61,64.74,0
11828,52.03,53.56,65.97,0
11829,54.88,51.12,66.98,0
11830,52.87,51.19,67.46,0
11831,52.69,51.35,66.98,0
11832,55.86,50.66,66.48,0
11833,49.77,52.15,62.82,0
11834,50.27,51.24,63.52,0
11835,54.67,52.07,64.04,0
11836,54.57,52.31,66.42,0
11837,55.68,51.54,63.14,0
11838,60.29,51.65,66.41,0
11839,54.99,49.39,66.27,0
11840,56.49,50.08,61.89,0
11841,51.78,52.18,63.59,0
11842,57.03,53.05,67.87,0
11843,53.16,48.01,67.19,0
11844,54.97,50.07,64.1,0
11845,54.44,50.97,63.74,0
11846,57.88,49.62,60.92,0
11847,50.86,49.7,68.78,0
11848,47.96,51.65,65.93,0
11849,54.18,53.32,69.62,0
11850,56.23,47.9,65.48,0
11851,55.3,50.7,66.44,0
11852,58.55,51.65,67.66,0
11853,56.17,52.13,69.17,0
11854,53.18,51.44,66.9,0
11855,47.9,53.61,65.91,0
11856,54.18,51.01,65.97,0
11857,57.98,52.94,63.83,0
11858,53.73,50.0,65.16,0
11859,55.0,51.06,66.04,0
11860,56.19,49.16,68.7,0
11861,51.89,52.33,65.08,0
11862,56.81,50.8,68.08,0
11863,59.86,51.52,65.79,0
11864,54.43,50.52,68.45,0
11865,51.57,51.87,67.32,0
11866,54.76,51.58,67.19,0
11867,48.29,49.5,67.93,0
11868,55.98,49.59,67.64,0
11869,56.33,50.95,68.11,0
11870,60.01,51.98,70.25,0
11871,54.4,53.79,69.22,0
11872,56.21,51.45,66.92,0
11873,52.41,52.51,65.11,0
11874,53.92,48.58,66.73,0
11875,50.42,54.02,62.14,0
11876,54.41,51.91,67.66,0
11877,54.08,50.93,63.88,0
11878,55.9,50.75,68.24,0
11879,53.13,49.34,69.96,0
11880,55.25,49.77,63.1,0
11881,54.0,53.87,65.9,0
11882,54.0,49.52,63.87,0
11883,55.24,49.49,62.54,0
11884,55.12,49.95,65.78,0
11885,57.28,49.2,67.27,0
11886,54.63,51.02,67.5,0
11887,53.94,52.63,66.3,0
11888,54.45,50.08,62.66,0
11889,52.84,48.94,66.23,0
11890,53.9,51.43,63.0,0
11891,61.07,50.91,63.13,0
11892,52.23,52.5,63.98,0
11893,54.13,50.31,68.07,0
11894,53.8,50.6,67.06,0
11895,54.22,50.76,66.61,0
11896,53.96,51.12,64.24,0
11897,55.78,50.39,65.18,0
11898,49.81,50.15,63.21,0
11899,58.04,48.2,68.67,0
11900,56.82,50.13,70.33,0
11901,51.19,52.05,67.05,0
11902,48.1,52.25,67.39,0
11903,51.97,50.26,65.6,0
11904,54.16,52.92,62.67,0
11905,62.62,50.92,64.22,0
11906,56.5,48.95,64.97,0
11907,49.44,48.48,65.12,0
11908,52.78,52.78,64.65,0
11909,54.68,50.39,65.97,0
11910,55.59,49.13,64.16,0
11911,50.87,47.56,70.19,0
11912,54.4,50.35,63.11,0
11913,52.64,51.55,67.61,0
11914,51.47,49.89,65.3,0
11915,55.55,49.35,66.74,0
11916,57.08,50.1,66.82,0
11917,57.26,52.79,66.11,0
11918,56.45,48.83,63.51,0
11919,53.22,49.95,65.1,0
11920,56.84,52.72,66.1,0
11921,55.61,51.65,65.96,0
11922,55.07,51.17,63.69,0
11923,52.81,49.92,68.3,0
11924,53.14,50.94,60.72,0
11925,54.84,50.08,65.19,0
11926,61.92,49.59,63.84,0
11927,55.48,49.25,66.03,0
11928,52.73,52.05,67.68,0
11929,52.05,50.77,62.82,0
11930,53.05,51.33,70.33,0
11931,61.04,51.08,66.01,0
11932,53.29,51.51,66.35,0
11933,57.19,50.46,62.69,0
11934,53.32,50.11,65.46,0
11935,55.21,49.61,67.48,0
11936,56.78,48.7,65.94,0
11937,52.67,49.13,65.79,0
11938,52.44,50.26,65.39,0
11939,59.32,48.4,62.72,0
11940,57.27,48.72,62.69,0
11941,56.67,52.35,67.78,0
11942,56.63,51.12,67.18,0
11943,55.63,50.1,67.46,0
11944,60.28,54.17,63.73,0
11945,54.33,48.29,65.05,0
11946,55.91,52.22,67.8,0
11947,49.8,50.58,62.86,0
11948,51.65,51.92,67.56,0
11949,50.5,50.89,64.11,0
11950,57.9,47.91,63.55,0
11951,46.39,50.86,65.17,0
11952,52.81,51.21,62.98,0
11953,45.01,47.41,61.4,0
11954,51.47,53.61,65.33,0
11955,52.47,51.15,66.22,0
11956,58.06,51.68,67.56,0
11957,55.07,48.92,66.32,0
11958,51.35,51.69,69.01,0
11959,57.02,52.28,67.78,0
11960,53.85,51.02,66.51,0
11961,53.88,50.62,65.95,0
11962,50.13,49.28,67.45,0
11963,50.73,50.29,60.54,0
11964,51.2,49.83,63.98,0
11965,53.78,51.45,61.2,0
11966,53.84,49.31,66.21,0
11967,58.21,51.42,63.38,0
11968,54.7,49.3,70.87,0
11969,45.39,50.16,63.77,0
11970,54.27,51.47,64.99,0
11971,49.09,49.48,63.95,0
11972,50.51,51.5,63.75,0
11973,50.94,51.34,62.21,0
11974,51.35,50.1,62.11,0
11975,49.18,52.23,60.29,0
11976,53.88,50.6,65.71,0
11977,49.0,52.12,63.74,0
11978,54.27,53.15,68.43,0
11979,59.87,50.09,62.04,0
11980,49.14,51.41,67.45,0
11981,52.24,49.47,67.62,0
11982,45.48,48.87,67.0,0
11983,52.11,50.11,64.88,0
11984,54.9,48.35,63.7,0
11985,55.1,48.97,66.9,0
11986,53.13,51.26,62.74,0
11987,55.53,49.59,64.83,0
11988,60.46,51.41,64.17,0
11989,57.92,50.78,62.44,0
11990,51.17,53.1,64.75,0
11991,48.35,51.1,65.64,0
11992,51.44,51.97,62.27,0
11993,49.78,50.89,65.01,0
11994,53.93,50.74,59.6,0
11995,48.99,52.01,61.93,0
11996,52.27,51.25,63.08,0
11997,54.96,50.55,64.67,0
11998,52.11,50.53,65.66,0
11999,49.53,51.02,64.06,0
